row,seed,config,channel,converged,max_rhat,min_ess_bulk,n_knots,est_avg,est_marg,avg_lo,avg_hi,marg_lo,marg_hi,meridian_roi_median,meridian_roi_lo,meridian_roi_hi,n_saved_draws,true_avg,true_marg,cap,k,s,mean_weekly_spend,meridian_incremental_over_spend,wall_seconds,sampler_seed,instance_sha256,plugin_avg,plugin_marg,meridian_roi,all_avg_median,all_marg_median,chain_avg_median,chain_avg_plugin,rhat_avg,mcse_avg_median,mcse_avg_plugin,chain_marg_median,chain_marg_plugin,rhat_marg,mcse_marg_median,mcse_marg_plugin,sampling_n_chains,sampling_n_adapt,sampling_n_burnin,sampling_n_keep
all_four,20260908,arm1,meta,True,1.007086835971592,4224.243290260013,1,1.4215992073259685,0.6192749383139182,0.3315716621655967,7.870577114916196,0.1069765200726686,4.042073556495654,1.3971678028977457,0.32357458013779,7.725477939266,1000,2.9039797458623555,2.8043164796987585,263.9060416791417,47.90866080310445,1.0,52.235683511709986,2.4084177134327236,87.09021997451782,101,49ebaf7574e43654e31b0c50bea504b3b2047817427596565c12504aa9aeb3bb,2.6352565737464397,1.2606963930716486,2.408417713432718,1.404564381994145,0.6001593311016824,1.4222;1.40521;1.38496;1.40248,3.07753;2.48346;2.51106;2.46434,1.00049764140759,0.0101015018571127,0.1481225883042549,0.617668;0.600093;0.583531;0.603289,1.47582;1.18152;1.20537;1.18022,1.000461288108106,0.0062493307539804,0.0719293700416906,4,2000,1000,5000
all_four,20260908,arm1,pla,True,1.007086835971592,4224.243290260013,1,33.257299772604426,21.774569136921947,24.73652942493121,43.85487179913349,16.636120790887887,26.552096039566464,32.57611508376163,24.25871388892927,42.89639536484115,1000,4.205673788836491,4.00530153697721,7511.119886132686,146.3860018473478,1.0,77.24437018688023,33.07203360706164,87.09021997451782,101,49ebaf7574e43654e31b0c50bea504b3b2047817427596565c12504aa9aeb3bb,33.58720829290156,21.985820156529225,33.072033607061734,33.40249851387443,21.719325560386935,33.1619;33.5622;33.3737;33.4849,33.4513;33.6285;33.6707;33.6326,1.000750968545613,0.056624169760866,0.0490839270561061,21.5751;21.7736;21.7349;21.7708,21.8273;22.0473;22.0481;22.0307,1.0009749229152296,0.0315162144161575,0.0538342539126873,4,2000,1000,5000
all_four,20260908,arm1,tv,True,1.007086835971592,4224.243290260013,1,1.185487864900954,0.2672888276989724,0.2975221885918274,4.265800363768232,0.0409775051639281,1.1475353254348304,0.9738251519738812,0.2453745979656947,3.674803426912874,1000,1.5617332391065215,1.6684096432081577,59.93664900269344,9.003328968471529,1.0,27.750719040269303,1.3320767081194675,87.09021997451782,101,49ebaf7574e43654e31b0c50bea504b3b2047817427596565c12504aa9aeb3bb,1.630749597661714,0.3994709691055253,1.332076708119469,1.2021910869810115,0.2672430495787941,1.17948;1.22002;1.21514;1.1937,1.60538;1.62725;1.66623;1.62233,0.9999433008789792,0.0079604209504589,0.0128615945631451,0.261319;0.265774;0.265681;0.273347,0.389788;0.392822;0.409401;0.406687,1.000271496337953,0.002597070045603,0.0049030274922556,4,2000,1000,5000
all_four,20260909,arm1,meta,True,1.00060834746207,7933.695389785678,1,1.2165547149947735,0.5098473837750306,0.2990595824478534,5.534226366547123,0.0932327868247102,2.443537119623375,1.199239581317232,0.2922377340135191,5.435506826608383,1000,2.903441947764001,2.802644360817236,201.83691167063867,44.36582713543702,1.0,52.46872231392549,1.9516222282756657,86.63591074943542,101,396b57ad813d87e465cf7b1486325b4dbadb2f6302fe38f595cc008dbeef17bc,2.084348125936031,0.954967307048716,1.9516222282756677,1.2748277903684555,0.520806583745354,1.28092;1.2697;1.27185;1.27581,2.11486;2.08607;2.09035;2.0425,1.0002449148037047,0.0100249550444815,0.0150496948264533,0.528183;0.513341;0.516892;0.52697,0.966554;0.967954;0.95169;0.933799,1.000276255893565,0.0054305332758484,0.0079672359606296,4,2000,1000,5000
all_four,20260909,arm1,pla,True,1.00060834746207,7933.695389785678,1,38.924259442303736,24.925006730038326,29.629088437122025,50.93369107090052,19.31517335638807,30.37745609522158,38.210159513357006,29.062582374401128,50.0027864462449,1000,4.205941503227249,3.997756283104515,8629.971041804647,140.29043853054014,1.0,78.02760176457576,39.0064291248017,86.63591074943542,101,396b57ad813d87e465cf7b1486325b4dbadb2f6302fe38f595cc008dbeef17bc,39.5293537361315,25.401429813421775,39.00642912480181,39.18664094767459,24.947025666399007,39.0106;39.3994;39.1068;39.2148,39.3521;39.5843;39.4663;39.6548,1.0007607198217832,0.088966738340801,0.0666077998242445,24.8868;24.9917;24.9497;24.9678,25.3489;25.393;25.3861;25.4602,1.0005333105921514,0.0275959188646961,0.0231608941773589,4,2000,1000,5000
all_four,20260909,arm1,tv,True,1.00060834746207,7933.695389785678,1,1.303313393041068,0.3141297337043951,0.3142407508572876,5.442629950232803,0.0533628683183628,1.4343655936621245,1.0653314256655155,0.2568250741872622,4.4725138664276844,1000,1.5677262364396267,1.668865421114884,68.6298773114225,9.55125902833873,1.0,27.197139590153665,1.5172100832622415,86.63591074943542,101,396b57ad813d87e465cf7b1486325b4dbadb2f6302fe38f595cc008dbeef17bc,1.86756103371772,0.485396913947771,1.5172100832622444,1.323361758656404,0.3154897116864851,1.335;1.31968;1.28297;1.34942,1.917;1.83902;1.8269;1.88771,1.0003116045561875,0.0096129529199624,0.0210513910127321,0.314897;0.310407;0.308482;0.32563,0.50036;0.475361;0.475788;0.489881,1.0003072147378869,0.0030934712576833,0.0060349099285902,4,2000,1000,5000
all_four,20260910,arm1,meta,True,1.0003245766420623,10052.721068031982,1,1.25421445458791,0.5285769346410099,0.309889614374936,5.973463453612289,0.0993107441558467,2.784300602910747,1.2380889805436577,0.304124156433335,5.8691830609835245,1000,2.907635784884057,2.8070101488634114,200.2112045418606,45.70841466674105,1.0,51.85846383933048,1.9409517271526855,88.53317594528198,101,ba340f7e88c433ec6dbb6411595050c664dfe6c089c5089fbc89a6d8bb091624,2.052040688474025,0.961345985468366,1.940951727152679,1.2689496897172048,0.532333423572896,1.24779;1.27746;1.26186;1.29046,2.05184;2.0318;2.02358;2.1041,1.000501639232274,0.0101088350686657,0.0180906141149216,0.524643;0.531082;0.536519;0.539287,0.951636;0.95592;0.96228;0.974956,1.0003264693447098,0.0049167773051647,0.0050804965664961,4,2000,1000,5000
all_four,20260910,arm1,pla,True,1.0003245766420623,10052.721068031982,1,37.29510869323595,24.363216009707006,28.45087600206337,48.722980367746715,19.30931059853431,29.308277275939083,36.53853797662076,27.913581890509,47.71369558903759,1000,4.211340386105768,4.016354130206488,8373.945285071743,147.16197105737456,1.0,76.08611184253716,37.01505956060188,88.53317594528198,101,ba340f7e88c433ec6dbb6411595050c664dfe6c089c5089fbc89a6d8bb091624,37.50959549706868,24.725793572879425,37.0150595606019,37.34357585316771,24.426198434263675,37.1917;37.3611;37.3696;37.4274,37.4769;37.4568;37.5155;37.6432,1.000761260029425,0.059124452486543,0.0418510360043509,24.3578;24.4514;24.4678;24.4163,24.6883;24.7404;24.7232;24.768,1.000040390348486,0.0325707949761699,0.0166719698966223,4,2000,1000,5000
all_four,20260910,arm1,tv,True,1.0003245766420623,10052.721068031982,1,1.270387366400486,0.2995273244232079,0.301023316113124,4.967736826468702,0.0479347841000344,1.3437563719633785,1.008679916124125,0.2476145696101697,3.916686270991779,1000,1.5626780211964495,1.6681867785887865,67.21502938772461,9.413341783153513,1.0,28.017496774163018,1.4499350593935163,88.53317594528198,101,ba340f7e88c433ec6dbb6411595050c664dfe6c089c5089fbc89a6d8bb091624,1.7957126256950025,0.4515970637098636,1.4499350593935203,1.289327893051257,0.2952924392978532,1.29882;1.31545;1.26718;1.28222,1.80058;1.793;1.7813;1.80705,1.00012897085825,0.0102244519567078,0.0055300324809256,0.293654;0.304489;0.28905;0.293398,0.45184;0.455369;0.451544;0.448039,1.0002120747496264,0.0032305357761724,0.0014975714170473,4,2000,1000,5000
all_four,20260911,arm1,meta,True,1.0011803387326577,8595.26408188561,1,1.2580037183121369,0.5151439767542634,0.3006730823061311,6.182208369749008,0.0965405131325024,2.8556995050490315,1.2324343546024972,0.2960401446855749,6.06602142264744,1000,2.905771249635852,2.807722931957454,216.45503785351272,45.09618814431106,1.0,51.75826718821224,2.0805361583359483,86.09507513046265,101,74ca393eefbdbff4db5a2f4e7cdd3a7a15a1fb08a94bd6b97b24a8c077eec324,2.2348485375336993,1.040562874102238,2.0805361583359554,1.309663851685105,0.5418190987160387,1.30966;1.28694;1.29822;1.33468,2.24436;2.29789;2.15519;2.24234,1.000430552512897,0.0124355327696951,0.0295332164625242,0.544188;0.53313;0.536047;0.552265,1.04765;1.07254;1.00467;1.03732,1.0001323794160764,0.0063767562371963,0.0140582694365378,4,2000,1000,5000
all_four,20260911,arm1,pla,True,1.0011803387326577,8595.26408188561,1,38.766166739063245,25.25424846170432,29.423805164394892,49.305068203264064,19.47136691377384,30.46189744260187,37.98739972294224,28.825420555360708,48.30236228523161,1000,4.214994016253593,4.02050855146962,8553.576476540426,144.02217754720562,1.0,75.6472726293495,38.38601438066405,86.09507513046265,101,74ca393eefbdbff4db5a2f4e7cdd3a7a15a1fb08a94bd6b97b24a8c077eec324,38.93839798691011,25.529234358326168,38.38601438066414,38.723719262284035,25.160841117318977,38.4826;38.9364;38.6742;38.8081,38.6952;39.0193;38.9163;39.1204,1.0004458425630516,0.0761138471344509,0.0909624355666159,25.1074;25.159;25.1409;25.2239,25.4559;25.5104;25.5182;25.6308,1.000300394204764,0.0378067284238987,0.0367068156967704,4,2000,1000,5000
all_four,20260911,arm1,tv,True,1.0011803387326577,8595.26408188561,1,1.220047256667644,0.2860314305084498,0.298855766734347,4.830406447104777,0.0460146682407711,1.280547749016958,0.9963909063918496,0.2401913824096379,4.094690916551876,1000,1.5601744465690817,1.6683202265426549,66.41402089296189,9.401871831738434,1.0,27.85805547989353,1.4467045949948745,86.09507513046265,101,74ca393eefbdbff4db5a2f4e7cdd3a7a15a1fb08a94bd6b97b24a8c077eec324,1.7824517030721228,0.4497695986372203,1.4467045949948798,1.2817835205055892,0.2919713078412498,1.29639;1.29637;1.24579;1.29482,1.83417;1.78802;1.71672;1.79488,1.000361535299396,0.009641421159437,0.0244545989243827,0.288375;0.293853;0.288894;0.299789,0.45327;0.453695;0.437218;0.45284,1.0001124360770894,0.0025907409423424,0.0040162271864565,4,2000,1000,5000
all_four,20260912,arm1,meta,True,1.02221209672489,2898.8528230918178,1,1.3259291366041237,0.5381214336419944,0.2978672311423408,7.181815064787995,0.0972242426128099,3.4770920565887424,1.2977295387472956,0.292377550785148,7.069937679950239,1000,2.903186020679774,2.8040391267249216,256.9620557097325,45.69907972027461,1.0,52.27439652323443,2.3260364434758976,84.22080421447754,101,a1b035cc3cd79d0f28990569aaabc6c73ecd56e796241a85bd2958ec27a9ae33,2.6227716476147473,1.223374484085388,2.3260364434758873,1.3460787155349507,0.5576362755833186,1.37931;1.34724;1.32212;1.34152,3.60747;2.36452;2.26871;2.24835,1.0031833186047,0.0141137129701651,0.3293772737642631,0.574618;0.556709;0.545499;0.551431,1.68882;1.11009;1.05929;1.03523,1.0027974299177804,0.0069806063985309,0.155938229447943,4,2000,1000,5000
all_four,20260912,arm1,pla,True,1.02221209672489,2898.8528230918178,1,41.56009030104336,26.86118161808676,31.885814167273303,53.75343206590533,21.05593198276512,32.47806785954718,40.64632303379294,31.226168208241543,52.59769043659536,1000,4.2023129224621805,4.002145007324617,9249.4956402494,143.95673172564733,1.0,77.57275544864905,41.07477181296952,84.22080421447754,101,a1b035cc3cd79d0f28990569aaabc6c73ecd56e796241a85bd2958ec27a9ae33,41.75288697784969,27.132320999222255,41.074771812969495,41.55756574888708,26.77656679286286,41.1298;41.7611;41.7373;41.5387,41.1478;41.9172;42.0864;41.8985,1.0017769576129594,0.0803322027743078,0.2091969127692189,26.5812;26.7825;26.8388;26.8589,26.8237;27.1603;27.2732;27.2821,1.001625745766186,0.0325998837714802,0.107350661671277,4,2000,1000,5000
all_four,20260912,arm1,tv,True,1.02221209672489,2898.8528230918178,1,1.2770132373363934,0.3045560104708547,0.3399990106932383,5.101996729837063,0.0459066176539997,1.4532892130756132,1.0465564528044724,0.2636849138186944,4.2774562589878355,1000,1.554977814990789,1.6684888805141709,68.17949860077816,9.468972394776586,1.0,27.655260274877385,1.485587682815213,84.22080421447754,101,a1b035cc3cd79d0f28990569aaabc6c73ecd56e796241a85bd2958ec27a9ae33,1.8365227695738835,0.4684267459131151,1.4855876828152133,1.2901174105627846,0.2987967572322634,1.32717;1.27748;1.24472;1.32265,1.94337;1.79061;1.7607;1.85364,1.0014153968928856,0.0114626236725126,0.0403789637339992,0.304128;0.291975;0.292455;0.304154,0.50296;0.450551;0.451519;0.467498,1.0014559547132915,0.0028903607282327,0.0122423579715325,4,2000,1000,5000
anticipatory_spend,20260908,arm1,meta,False,1.6907273057622092,21.700677472687524,1,60.128222959467024,37.35270623704953,0.6597594173685842,79.50562097797108,0.2564582507987893,46.90668274204652,59.07304471216645,0.6472590295253743,78.19336281215739,1000,2.902068726425093,2.803719524735285,6959.306055037288,81.52295839654657,1.0,52.318977454498125,49.09966107286187,332.42040967941284,101,d805b6f9f379fec5168abeec9ffaf7078e1e90725a9c4a53259e741c11dbd6f8,51.996453957319,31.67097615743061,49.09966107286191,59.49968888305262,37.50419127432144,63.315;60.8556;3.18688;61.3744,63.5311;54.5999;31.3517;57.6554,1.1245145149439446,2.582646410293492,7.058544073340992,39.3449;38.0786;1.41162;38.6361,39.8814;33.5434;17.0532;35.6527,1.126517178129446,1.358663576036868,5.0031185670812395,4,2000,1000,5000
anticipatory_spend,20260908,arm1,pla,False,1.6907273057622092,21.700677472687524,1,1.7210399602780222,0.7295802857965592,0.2906282449120522,49.36013247903434,0.0982110592910326,29.83934172502171,1.7008653366702364,0.2886832451410382,48.63416449715013,1000,4.2082778152247355,3.9992683962614737,2304.508984577629,78.90777805804869,1.0,77.87111187997822,11.415067509002093,332.42040967941284,101,d805b6f9f379fec5168abeec9ffaf7078e1e90725a9c4a53259e741c11dbd6f8,14.699102573621854,7.3981486081949965,11.415067509002034,1.668728856256804,0.7021955164457779,1.21339;1.49914;38.0789;1.37932,1.97728;12.3748;30.5734;8.77633,1.126185468018329,0.4160715365431048,6.108949177622744,0.477537;0.63469;23.9901;0.569182,0.888848;6.07858;17.8865;4.18736,1.1246804024556536,0.1940065559103481,3.700804517483737,4,2000,1000,5000
anticipatory_spend,20260908,arm1,tv,False,1.6907273057622092,21.700677472687524,1,1.2069740957086807,0.5502785048577261,0.2909312203923437,5.390758781948806,0.0968138418599766,2.502545107120554,1.198388935533144,0.2875232674020387,5.374935096836884,1000,1.6632191141250114,1.6784918424104216,37.186538514527875,9.804734690899853,1.0,9.990275691852602,1.8001388290185003,332.42040967941284,101,d805b6f9f379fec5168abeec9ffaf7078e1e90725a9c4a53259e741c11dbd6f8,1.87858140993595,0.9304866231673184,1.8001388290184988,1.2217451029470352,0.5460765652822643,1.2105;1.2011;1.23143;1.2357,1.83289;1.9051;1.92837;1.84784,1.0000722782419211,0.008442703720373,0.022755936077028,0.550468;0.546388;0.544263;0.541882,0.91203;0.946904;0.955296;0.907625,1.0002995729764823,0.0052932864681415,0.0120705164264339,4,2000,1000,5000
anticipatory_spend,20260909,arm1,meta,True,1.0007108289988411,10698.361330037958,1,1.282511084765217,0.5137067498026966,0.3003617810230493,5.89217039485385,0.0904305821267544,2.640660992185343,1.2529576819961514,0.2943226121556969,5.789296839998825,1000,2.9022812779279774,2.802292011571141,183.2794590274065,43.22600977933634,1.0,52.51771991262367,1.804464365811971,81.17151713371277,101,11f02ba74dfb6ef40fe93e27ba4d3fe811c6415db29341eeb90348173eb0dbb6,1.9142711446178096,0.8642477552616058,1.804464365811969,1.2182665157358574,0.4863963353390637,1.21863;1.22163;1.22406;1.20831,1.97081;1.90217;1.93984;1.84583,1.000301099229854,0.0078426983897736,0.0268938685310494,0.487257;0.488174;0.4822;0.481851,0.886873;0.855859;0.878203;0.835877,1.0000198393237,0.0043612681628976,0.0114817202789249,4,2000,1000,5000
anticipatory_spend,20260909,arm1,pla,True,1.0007108289988411,10698.361330037958,1,46.505133499274,28.501389345686466,34.823032305323586,61.1464110227768,21.345798846084023,34.77082833609963,45.75766519076193,34.265994390346634,60.199036033694554,1000,4.194886678532991,3.9836040021972514,9781.12426586705,128.94548134289766,1.0,79.48104785030948,46.46768003271117,81.17151713371277,101,11f02ba74dfb6ef40fe93e27ba4d3fe811c6415db29341eeb90348173eb0dbb6,46.92840351815362,29.032799291558316,46.467680032711264,46.65393316370971,28.54795346449894,46.4458;46.8873;46.7026;46.5997,46.6081;46.9895;47.0431;47.0325,1.000499522357797,0.078400155130744,0.1040464628652031,28.3762;28.6101;28.6484;28.5407,28.8775;29.081;29.1073;29.0556,1.00032058935129,0.0424855224099012,0.052037649708633,4,2000,1000,5000
anticipatory_spend,20260909,arm1,tv,True,1.0007108289988411,10698.361330037958,1,1.1974531275326137,0.5306063126447907,0.2769544315374244,5.268826351458581,0.0969015247041019,2.4765115625870724,1.1891486446194943,0.2756389279064637,5.249562990509897,1000,1.663871333939262,1.6785063568927887,36.381154318016776,9.676289857337949,1.0,9.942057709390667,1.7826639891193388,81.17151713371277,101,11f02ba74dfb6ef40fe93e27ba4d3fe811c6415db29341eeb90348173eb0dbb6,1.854445395784339,0.9146617042699502,1.78266398911933,1.2046034642152,0.5359214495389828,1.20361;1.20258;1.22005;1.19266,1.84639;1.85336;1.92571;1.79816,1.0003893662437582,0.0080525823552563,0.0263072242704949,0.526458;0.537172;0.539677;0.54184,0.910508;0.905208;0.954546;0.888197,1.0003947144722574,0.0049795833463118,0.0141353874636666,4,2000,1000,5000
anticipatory_spend,20260910,arm1,meta,True,1.000696677746467,10377.29623802664,1,1.1835297900374446,0.4612929854150309,0.2553118383157503,5.054380003352072,0.087964838977579,2.448140061788642,1.1641527276378736,0.2494175384703478,4.957123005506947,1000,2.907714705054078,2.807113036828301,166.2679604464183,42.5903825812336,1.0,51.84401064171163,1.6772405241549295,79.50990080833435,101,d1452e46e0b2cb93a6378ea421773f7026845c5b26670a324af8599fb734d560,1.760671666030457,0.7940717097125709,1.6772405241549244,1.1694175969691822,0.4694852055940944,1.1814;1.16933;1.17056;1.1566,1.80444;1.74976;1.78594;1.70476,1.0002300697863449,0.0066063139262684,0.0219795713186835,0.467948;0.4766;0.469873;0.459956,0.810518;0.791191;0.802064;0.772257,1.0001161887955414,0.0042362564951155,0.0082589506082023,4,2000,1000,5000
anticipatory_spend,20260910,arm1,pla,True,1.000696677746467,10377.29623802664,1,50.01648833028152,31.47850439769109,38.7629915374458,65.3966220394627,24.95581127681813,38.21027979481019,49.26695458832421,38.176325587230856,64.430274924137,1000,4.216531588364098,4.010179465025744,10635.065051263746,133.76569925727563,1.0,76.73481961683959,50.05859454551853,79.50990080833435,101,d1452e46e0b2cb93a6378ea421773f7026845c5b26670a324af8599fb734d560,50.52274981623105,32.105436141925466,50.058594545518545,50.125883814255786,31.627162007662427,49.7992;50.5017;50.0771;50.1122,50.2109;50.5224;50.6572;50.7235,1.0004635489959046,0.0821844165353056,0.1138254499780236,31.4983;31.6606;31.6818;31.6657,31.9635;32.1168;32.1796;32.1676,1.000283195375635,0.0347396948000717,0.0496888635797543,4,2000,1000,5000
anticipatory_spend,20260910,arm1,tv,True,1.000696677746467,10377.29623802664,1,1.202827440055236,0.5378490474278647,0.259368046583718,4.8243870817413566,0.1002320603370331,2.468540310469213,1.1923919730838897,0.2574075556525407,4.788881876310822,1000,1.6637237923184611,1.6784783898520508,36.772561666114875,9.960014954739968,1.0,10.034759555097704,1.7666075286871108,79.50990080833435,101,d1452e46e0b2cb93a6378ea421773f7026845c5b26670a324af8599fb734d560,1.8391085954994055,0.9161168160054723,1.7666075286871077,1.202927452820021,0.5387399431327906,1.17535;1.21913;1.2212;1.18882,1.80519;1.86797;1.89742;1.78678,1.0005822535671298,0.0069137314315741,0.0260150690380108,0.529793;0.539121;0.541015;0.543131,0.898858;0.923856;0.947942;0.893738,1.000426221526956,0.0042497937986942,0.0124880996081716,4,2000,1000,5000
anticipatory_spend,20260911,arm1,meta,False,1.1092674477709998,112.28188381820723,1,3.3039412308794693,1.454711126493795,0.3817384552345012,84.53695807855014,0.1080406539701687,50.16213676773656,3.254791407652637,0.374534772086285,83.21269584801081,1000,2.9043633730733034,2.806527630898091,4272.244754577183,65.67392979107944,1.0,51.92620131622419,29.89326153171447,307.58441495895386,101,bac1958634e27d71bb400d93130887150fafc18a43ee9deab10baa03c7f3bb3d,36.32857135745023,20.287732904086116,29.893261531714664,3.4327841877886858,1.52566159752779,1.89354;2.48199;58.0803;6.10555,25.353;31.6786;46.6975;39.7175,1.024894351417047,1.6171519220554007,4.6566552296411405,0.798521;1.08847;37.1845;2.92166,13.1527;17.0537;27.661;22.8003,1.0245928280744427,0.8177032396609286,3.1883625077459934,4,2000,1000,5000
anticipatory_spend,20260911,arm1,pla,False,1.1092674477709998,112.28188381820723,1,41.47010032587417,26.57415958785031,0.4025572085863613,63.589042353118,0.1420580095293039,37.13697676443139,40.81671082196807,0.396515955729236,62.660085549510136,1000,4.210414986892154,4.006532826791804,6222.467935119652,107.00602620205586,1.0,77.11598910265505,30.39763813708307,307.58441495895386,101,bac1958634e27d71bb400d93130887150fafc18a43ee9deab10baa03c7f3bb3d,33.79534991957284,19.640813182242773,30.397638137083064,41.96524009334939,26.47237158834603,46.7506;45.0989;3.72943;37.1904,40.539;36.8744;25.849;31.1714,1.022766769709344,3.298152743819575,3.2254983740282603,29.1546;28.3639;1.75751;23.9414,24.2954;21.8727;14.3097;17.8692,1.0236009746046328,1.8772243103652908,2.202149015400473,4,2000,1000,5000
anticipatory_spend,20260911,arm1,tv,False,1.1092674477709998,112.28188381820723,1,1.212085660697073,0.5408800446338371,0.2763422963400265,5.097770340652752,0.0980148317902587,2.424401445250062,1.2057708141490215,0.2746461199423551,5.063902268674965,1000,1.6625159964527418,1.678468232672954,37.29635248222623,9.967011843533491,1.0,10.068216542636993,1.7826895946279162,307.58441495895386,101,bac1958634e27d71bb400d93130887150fafc18a43ee9deab10baa03c7f3bb3d,1.861538673947456,0.9260677093215998,1.7826895946279198,1.2068919073924476,0.5445075432682887,1.21561;1.21243;1.2074;1.1902,1.85593;1.92372;1.87912;1.78614,0.9999994149619904,0.0086103183679367,0.0287105266830215,0.547302;0.549842;0.545077;0.537012,0.927318;0.952171;0.930747;0.89395,1.000140614080762,0.0052305282878324,0.0120289876505162,4,2000,1000,5000
anticipatory_spend,20260912,arm1,meta,False,2.0480882202189825,16.04376257041655,1,75.25260537527244,48.31950944163724,0.6123398016232893,101.31615011761257,0.2152538208313566,61.12917790365164,73.96159755795907,0.6085332055671567,99.62048300644732,1000,2.9023714275065187,2.8039695350082185,8619.293907063606,83.96999405669959,1.0,52.28410645673309,58.674721624179966,344.1446416378021,101,0d747ea871353e7f7028d8ea071f079df47a4b1da5c87cb1d5370b657397ed67,63.25896890137166,38.98492031052075,58.67472162418005,75.0196874619639,48.19618785685581,77.7177;1.75008;78.914;79.704,70.4128;27.2925;74.6024;76.7494,1.1658206133564268,4.3892545917873065,11.731272386355474,49.7184;0.752788;50.3207;50.8191,44.0794;14.201;47.1943;48.8568,1.1653701391366158,2.5097989424603853,8.187382645049171,4,2000,1000,5000
anticipatory_spend,20260912,arm1,pla,False,2.0480882202189825,16.04376257041655,1,1.7202082879122762,0.7443216809617014,0.283542443086921,62.60313367804043,0.1013802416805073,39.13029484934729,1.6922294980878014,0.2797038936168219,61.67761967817552,1000,4.207688416877283,3.9963323967825857,3479.88086368185,85.68609890575763,1.0,78.17474633029582,16.24777558737241,344.1446416378021,101,0d747ea871353e7f7028d8ea071f079df47a4b1da5c87cb1d5370b657397ed67,21.23680528236522,11.10514839216073,16.247775587372335,1.7913108403633051,0.7527558548900748,1.4583;51.3494;1.31396;1.25374,14.5697;44.4784;9.87386;7.09645,1.1593120852951229,0.6683228835381799,8.63015582794283,0.624129;32.8486;0.542295;0.506991,7.21206;27.5821;4.68813;3.3153,1.1607307995508371,0.3143049261138911,5.685123133975528,4,2000,1000,5000
anticipatory_spend,20260912,arm1,tv,False,2.0480882202189825,16.04376257041655,1,1.226684941596046,0.512513472788339,0.263274148129382,5.046077994446134,0.0976787521878021,2.331043369242866,1.2194925090831823,0.2617632734500756,5.000510694905467,1000,1.6622360141231436,1.678473536204923,36.951133283547094,9.878689956323733,1.0,10.050760994499086,1.7802999174838905,344.1446416378021,101,0d747ea871353e7f7028d8ea071f079df47a4b1da5c87cb1d5370b657397ed67,1.854096902856298,0.9190443100557424,1.7802999174838885,1.215404659192282,0.5418443608128236,1.22619;1.20793;1.21498;1.20745,1.87262;1.885;1.83932;1.81659,1.0000107715725128,0.0084860838353458,0.0156037676733164,0.551912;0.531354;0.545665;0.539354,0.935198;0.929372;0.906853;0.904656,1.000048634350128,0.0041963518844808,0.007763361755328,4,2000,1000,5000
budget_feedback,20260908,arm1,meta,True,1.0016540857347205,7358.687611096171,1,1.3442000196256754,0.5918593116978872,0.2808305933160814,5.357680295033784,0.108581526277573,2.7318862833857,1.3297392708685218,0.2796603533267439,5.336375284352308,1000,2.946887871859854,2.881461021336181,148.71613525617275,39.256645932313134,1.0,40.29214899918812,1.7925217456734344,32.18095302581787,101,3c7b34779c1b5b47fda037a238a12854a4dfb68c2c6e41a08b4d77b6788156ee,1.869495765262451,0.9225800790598192,1.7925217456734284,1.2394970481296124,0.5570801269996899,1.23609;1.25665;1.23546;1.22886,1.88897;1.836;1.88275;1.87125,0.9999779609569364,0.0091323594266374,0.0118315016447419,0.551601;0.558036;0.557985;0.560819,0.927882;0.912995;0.922022;0.927269,1.0000116238544203,0.0048917113027752,0.0034434567721003,4,2000,1000,5000
budget_feedback,20260908,arm1,pla,True,1.0016540857347205,7358.687611096171,1,1.1605053629628657,0.5123256580770051,0.2623452046480078,4.615860127634964,0.1023247721436741,2.5431318489753147,1.1522613467597864,0.2612185646506985,4.600105758791418,1000,4.307267671937496,4.152710652363556,208.79477849538625,58.237182250414136,1.0,60.4168005695642,1.6820213214620612,32.18095302581787,101,3c7b34779c1b5b47fda037a238a12854a4dfb68c2c6e41a08b4d77b6788156ee,1.75969464768974,0.8636849411457052,1.6820213214620634,1.1997707229875751,0.5277334906024149,1.16947;1.21437;1.18388;1.24059,1.73016;1.76078;1.7065;1.83857,1.0004250302684647,0.0135816521789832,0.028754639627595,0.504838;0.542781;0.513657;0.546761,0.843566;0.874574;0.830409;0.906011,1.000560609982582,0.0048930002901834,0.0168872242509545,4,2000,1000,5000
budget_feedback,20260908,arm1,tv,True,1.0016540857347205,7358.687611096171,1,1.1291224859709157,0.5347363151343731,0.2518012608677553,5.516701359165619,0.0934939412187189,2.5565798489709315,1.123822477415855,0.2508679452555956,5.417235971052345,1000,1.6630242060065947,1.678482919527451,36.94761356232657,9.680657129245208,1.0,10.019803202443066,1.792536736062554,32.18095302581787,101,3c7b34779c1b5b47fda037a238a12854a4dfb68c2c6e41a08b4d77b6788156ee,1.875469554530976,0.921591549386973,1.7925367360625628,1.1967086168378174,0.5330394871396881,1.20138;1.17447;1.21297;1.19509,1.92262;1.83814;1.90636;1.83687,1.0001828090412324,0.0073677431094345,0.0224711099791883,0.530422;0.526589;0.538537;0.537413,0.941803;0.899412;0.939532;0.905541,1.0001161517634212,0.0041208942551937,0.0111052936157789,4,2000,1000,5000
budget_feedback,20260909,arm1,meta,True,1.0012299076139164,10837.68608755713,1,1.1990257156880606,0.5570667731684488,0.309308246615186,5.081054612663707,0.1066528832838062,2.5154643021884335,1.1914280592313156,0.3078029358106516,5.053865441984611,1000,2.9476928434369194,2.88028435391783,145.98096989803267,39.690492131441815,1.0,40.49711690948701,1.7463808913875496,31.36201024055481,101,6e9523eb5d5792776ce76348477bf76033c6e7de9fb8da6537a468d608dd4aa2,1.8204928622266563,0.9010900645618454,1.746380891387548,1.2017691220848974,0.5376630046815705,1.18541;1.2231;1.22417;1.17859,1.81625;1.77755;1.84933;1.82819,1.0001134452825535,0.0085676781939406,0.015067285324277,0.529044;0.544651;0.539373;0.541188,0.894433;0.886052;0.908629;0.915124,1.0000481757312203,0.005199149734954,0.0066095211655888,4,2000,1000,5000
budget_feedback,20260909,arm1,pla,True,1.0012299076139164,10837.68608755713,1,1.2375892411143892,0.5509308513397279,0.2705459290859151,5.07322143487266,0.1083549988811882,2.6274027376663103,1.2295856498465416,0.2688653714557081,5.0267564410040215,1000,4.307067362636533,4.1469609959965315,223.95773525098707,60.80668471827322,1.0,61.14314302347835,1.7464613328542,31.36201024055481,101,6e9523eb5d5792776ce76348477bf76033c6e7de9fb8da6537a468d608dd4aa2,1.836474387854436,0.915703789368542,1.746461332854201,1.2399378285303375,0.5522406549233014,1.22834;1.24732;1.2083;1.27213,1.77972;1.86848;1.80549;1.89253,1.0002716989435947,0.0109940626958732,0.026375672032664,0.548148;0.559157;0.540859;0.559965,0.879582;0.939509;0.898473;0.945111,1.0003830267581293,0.0045657233419935,0.01589848472459,4,2000,1000,5000
budget_feedback,20260909,arm1,tv,True,1.0012299076139164,10837.68608755713,1,1.1847369757324864,0.5355008670588204,0.2643049334586683,5.698294721593176,0.1033759207919068,2.708640910348322,1.177423014543543,0.2630520155538056,5.675269743286543,1000,1.6645042781615726,1.6785026198927973,37.68132403796419,9.719835263323384,1.0,9.954494501556823,1.8317928207458751,31.36201024055481,101,6e9523eb5d5792776ce76348477bf76033c6e7de9fb8da6537a468d608dd4aa2,1.9152532507220392,0.9462048443159188,1.831792820745884,1.2153732453548085,0.5408574240809113,1.20562;1.19487;1.24037;1.22306,1.88928;1.891;1.96408;1.91317,1.0005408151304616,0.00683688101029,0.0174349626478831,0.530163;0.538207;0.551465;0.545151,0.941451;0.931989;0.972501;0.9388,1.000017973371811,0.0045921206131169,0.0089953687149044,4,2000,1000,5000
budget_feedback,20260910,arm1,meta,True,1.0020513336467518,6283.290051471762,1,1.202148021864495,0.5517325557709345,0.2893135572607734,5.570502052115281,0.1069874913139651,2.649992527262155,1.1958032713599631,0.2870984687579933,5.512349777098949,1000,2.946798646796758,2.8814402405787205,146.98766210069311,39.00403444355861,1.0,40.295776948862944,1.770505216970356,55.11279487609863,101,8077cf22e698747e81f30a26e824f485e32651319ee756bfec3af1b183c30c54,1.8535688738692295,0.9116877217856324,1.7705052169703468,1.2215829452396398,0.5449316885064487,1.20674;1.22439;1.23853;1.21774,1.86052;1.80662;1.89378;1.85137,1.0001486791509295,0.0092855996054064,0.0179654429517559,0.538229;0.550308;0.544036;0.546749,0.914991;0.89341;0.923662;0.914616,1.0000767473957288,0.0052982473535219,0.0064351603561092,4,2000,1000,5000
budget_feedback,20260910,arm1,pla,True,1.0020513336467518,6283.290051471762,1,1.210018634263503,0.5295470868576286,0.2774444587909383,5.376071447067565,0.1051445028200246,2.664255048335524,1.2024988956156673,0.2756473943980112,5.345486071003508,1000,4.3087329769087805,4.158490371573706,225.2915874499692,59.04363204157795,1.0,59.679123609575655,1.8133481762175423,55.11279487609863,101,8077cf22e698747e81f30a26e824f485e32651319ee756bfec3af1b183c30c54,1.8976276806777443,0.9437350927265856,1.8133481762175347,1.274211969938999,0.5710992178141885,1.23253;1.28081;1.31314;1.28515,1.8054;1.94035;1.95394;1.89243,1.0008786960747895,0.0134246757731283,0.0335766735850251,0.551132;0.584952;0.58402;0.572982,0.891132;0.977532;0.963844;0.942147,1.0008036401054117,0.0062005604086698,0.0189653379637607,4,2000,1000,5000
budget_feedback,20260910,arm1,tv,True,1.0020513336467518,6283.290051471762,1,1.1800219068373248,0.5340588235914403,0.2638475161206588,5.4278198273008025,0.1010503764218438,2.587802549417485,1.164824616145007,0.2619169089647343,5.390155242835637,1000,1.6636298388937405,1.678473688837916,38.12878375497763,9.762407619654034,1.0,10.050258154604991,1.8382895555581096,55.11279487609863,101,8077cf22e698747e81f30a26e824f485e32651319ee756bfec3af1b183c30c54,1.924465096691594,0.948252647375932,1.838289555558113,1.2213159824262445,0.5420708190811341,1.21198;1.19101;1.27256;1.22783,1.88936;1.90899;2.00658;1.89067,1.0010753278005742,0.00779938496475,0.0279228269129649,0.537965;0.528782;0.563412;0.537871,0.939778;0.934494;0.989475;0.92917,1.000151962500109,0.0052722121566092,0.0139180422947315,4,2000,1000,5000
budget_feedback,20260911,arm1,meta,True,1.002734834043141,5051.904526186855,1,1.1838287595604773,0.5395074664522703,0.3097942909565931,4.613295639325036,0.1196967714181351,2.276613345702623,1.1768264192490925,0.3061611637621177,4.558082698666627,1000,2.949104827921867,2.883373548797492,134.76770374716847,38.44083155630078,1.0,39.95699599093332,1.652244338780127,51.942749977111816,101,023b02245b160fa7eb22f3e904f8347acf5d9825682dc0afeb7d91b7fe2dd12d,1.7190234469950323,0.8428893121949553,1.6522443387801249,1.1763340564184368,0.518917505452942,1.1704;1.16355;1.17777;1.18921,1.70626;1.68069;1.7451;1.7428,1.000250100961134,0.0070119473759011,0.0154842385943046,0.510479;0.525265;0.516355;0.52814,0.830377;0.826357;0.856476;0.858304,1.0000393658307003,0.0047048531281089,0.0084266684176895,4,2000,1000,5000
budget_feedback,20260911,arm1,pla,True,1.002734834043141,5051.904526186855,1,1.048677214760651,0.4675878474114764,0.2740765715498926,4.665741396267962,0.1032855619111568,2.1653366102773166,1.0362991325047417,0.2696139923601325,4.658395994626362,1000,4.309191437741639,4.159250179758789,192.21075358022136,57.16703760325045,1.0,59.58157081925982,1.5867877912649555,51.942749977111816,101,023b02245b160fa7eb22f3e904f8347acf5d9825682dc0afeb7d91b7fe2dd12d,1.6463644079132442,0.806157585367883,1.586787791264957,1.1278944043663164,0.4925218615500866,1.13148;1.15266;1.10666;1.12361,1.59369;1.74007;1.60756;1.6475,1.0012313774197756,0.0082069805318896,0.0329876611110944,0.485956;0.503988;0.496038;0.486523,0.773184;0.851993;0.788114;0.811183,1.0008011976689215,0.0047312052553297,0.0171730973691377,4,2000,1000,5000
budget_feedback,20260911,arm1,tv,True,1.002734834043141,5051.904526186855,1,1.2050218476750627,0.5417023223455505,0.2993631320573346,5.444379720659029,0.1069279707338481,2.7857742687413265,1.199549015850443,0.2976644518105462,5.418354733267364,1000,1.6628615399989153,1.6784665725527228,38.03192145636777,9.93984845843995,1.0,10.073674314947365,1.8183205126746207,51.942749977111816,101,023b02245b160fa7eb22f3e904f8347acf5d9825682dc0afeb7d91b7fe2dd12d,1.9003111989329609,0.9438021283402984,1.8183205126746176,1.228799827818598,0.5501187475908276,1.22603;1.20741;1.24815;1.23968,1.87934;1.8662;1.96435;1.89034,1.0003109613901957,0.0093859966861296,0.0219909013797547,0.548797;0.545169;0.557875;0.547178,0.935953;0.929704;0.971999;0.937529,1.0003373303609502,0.0050383621035709,0.0095515271723456,4,2000,1000,5000
budget_feedback,20260912,arm1,meta,True,1.0025841758638192,6888.572052991673,1,1.2835675913817477,0.5966887642689581,0.317836530605005,5.2354847926063295,0.1191770651217887,2.749762239307582,1.275842680870098,0.3168290254192683,5.214463317526464,1000,2.9464748398077996,2.8811393261099396,155.88680259411936,40.069910617343595,1.0,40.34827857889146,1.854012094509668,51.062034130096436,101,862f168881e95a34484abfc2577eea038c76d083119f50becaa71b457a712aa5,1.9384520361895632,0.96587103984789,1.854012094509667,1.259531761335819,0.56555746918733,1.25723;1.2838;1.25313;1.24272,1.9347;1.88174;2.01725;1.91905,1.0002071268963373,0.009901011591813,0.0286007606580662,0.556557;0.568149;0.561734;0.574502,0.959569;0.93417;1.00064;0.968891,1.000276135239735,0.0054712383580077,0.013730539686943,4,2000,1000,5000
budget_feedback,20260912,arm1,pla,True,1.0025841758638192,6888.572052991673,1,1.1035632283976495,0.484496713718909,0.2528145629367206,4.952265219950565,0.0949025540697094,2.571106778899034,1.0982594242264565,0.2516317391686389,4.937122216135324,1000,4.307305966340155,4.150442629352347,212.32534853387224,59.47469635329664,1.0,60.70419317186872,1.6949153015830454,51.062034130096436,101,862f168881e95a34484abfc2577eea038c76d083119f50becaa71b457a712aa5,1.7667441376167108,0.8743346839189527,1.694915301583043,1.1876946282335183,0.5284376873113346,1.17633;1.17671;1.18534;1.21632,1.70234;1.70469;1.792;1.86996,1.0009202850322316,0.0103588909003276,0.0400930407715565,0.521727;0.528684;0.532434;0.530971,0.836755;0.843887;0.887807;0.928817,1.0005297530496928,0.0049288152409273,0.0213875920840446,4,2000,1000,5000
budget_feedback,20260912,arm1,tv,True,1.0025841758638192,6888.572052991673,1,1.2325726900642795,0.5593781295103621,0.2755040873132836,5.10557755038907,0.1065118017154301,2.343324729100556,1.2262427356293002,0.2742773599417069,5.08493742203027,1000,1.662024240961589,1.678463465169645,37.66276446380616,9.894053421938937,1.0,10.08388217525023,1.8183119221603592,51.062034130096436,101,862f168881e95a34484abfc2577eea038c76d083119f50becaa71b457a712aa5,1.885218033694392,0.9336524234032552,1.818311922160354,1.218101461998537,0.5417492418677803,1.21761;1.20338;1.22742;1.22362,1.85613;1.85857;1.90777;1.92437,1.0002273370954178,0.0087139851933012,0.017293109562758,0.548568;0.53443;0.546893;0.534004,0.928679;0.92293;0.93971;0.943002,1.000123130055046,0.005188361961601,0.0046884215520608,4,2000,1000,5000
none,20260908,arm1,meta,True,1.00554879554966,4768.531686049249,1,1.3646719754691052,0.6254475120889196,0.3102709710542645,5.622345676274696,0.1200019684602015,2.9103509269716623,1.352853568438794,0.3069546444395531,5.606948435208182,1000,2.9478910760347588,2.8820788829994513,160.05356091803046,40.47256177756671,1.0,40.18414769943393,1.8803765756211048,22.43031096458435,101,736d3679e11760c8fe924056505ab728b1a5d031447b2106d96087f394edaee2,1.984379997099558,0.995737896362136,1.8803765756210924,1.2781664383110458,0.5861642786310546,1.27205;1.31644;1.28297;1.2491,1.9965;1.99353;1.98866;1.95785,1.000544049924802,0.0091099400288389,0.008907815059507,0.578492;0.594797;0.584369;0.583456,0.996374;1.00654;0.988699;0.991107,1.0002626221810529,0.0054655618311904,0.0039581812799625,4,2000,1000,5000
none,20260908,arm1,pla,True,1.00554879554966,4768.531686049249,1,1.203344872968191,0.5688706124569161,0.2804061014706759,5.300872055571701,0.1084120211746648,2.987483543032101,1.1982775654417983,0.2797324314291223,5.289009965967134,1000,4.309408624341329,4.154118209407462,238.63428457360192,60.33886211794115,1.0,60.237858000361825,1.8655956495675765,22.43031096458435,101,736d3679e11760c8fe924056505ab728b1a5d031447b2106d96087f394edaee2,1.979107445777822,0.990382649887156,1.8655956495675832,1.2779647325694152,0.5752965756478521,1.26234;1.263;1.23965;1.35015,1.90408;1.88394;1.92209;2.19935,1.000946812815999,0.0132035393024627,0.0744046330757022,0.564417;0.580119;0.554742;0.605348,0.956049;0.944807;0.957323;1.1033,1.0008582355173483,0.0058921170286677,0.0377488859088561,4,2000,1000,5000
none,20260908,arm1,tv,True,1.00554879554966,4768.531686049249,1,1.1692900959777752,0.5249122345715129,0.2626142785701543,5.546257330295044,0.0997219530428722,2.657281051010564,1.164952656757031,0.2600818633815421,5.467333857148838,1000,1.6632191141250114,1.6784918424104216,37.53982167980763,9.774939826641855,1.0,9.990275691852602,1.8108837821054935,22.43031096458435,101,736d3679e11760c8fe924056505ab728b1a5d031447b2106d96087f394edaee2,1.8992872425135632,0.9392975522609756,1.8108837821054924,1.2025468720958852,0.5338223597247804,1.21694;1.18503;1.20749;1.20689,1.95647;1.86106;1.92533;1.85287,1.0002267052319769,0.0099208108530688,0.0251042736811107,0.535869;0.526746;0.542924;0.530969,0.963726;0.922802;0.955585;0.915059,1.0001978668461713,0.0043840834638911,0.0119778814722139,4,2000,1000,5000
none,20260909,arm1,meta,True,1.0243909504765192,865.139317582832,1,1.2578669231703945,0.5767028363397639,0.3198459616703719,5.246646773520419,0.1137951481802215,2.750737012058486,1.253175584064176,0.3186532332017376,5.214888548960199,1000,2.947537489551566,2.880446927917512,151.02491121293582,39.47382103162271,1.0,40.46885274436602,1.8243036163525184,22.083420991897583,101,5d4c83aa5feb5fc2de602cdb7a7801fc2333b44f8c9e1b221370986c629db7b8,1.8891651239503209,0.932825519469792,1.8243036163525248,1.21753759408683,0.5501726366381726,1.19976;1.22589;1.21251;1.23829,1.82549;1.92658;1.9714;1.83499,1.0008139449636515,0.0120946044904076,0.0355321355784986,0.535588;0.559424;0.54686;0.56541,0.903478;0.957127;0.965031;0.905534,1.0002730072859365,0.0065219062217065,0.016416056558156,4,2000,1000,5000
none,20260909,arm1,pla,True,1.0243909504765192,865.139317582832,1,1.2303180620352938,0.5437931419596298,0.2699307841550293,5.617296043044,0.1009906007022636,2.988653286014846,1.2234982436942123,0.2688155373640058,5.5952053880798305,1000,4.307344100278896,4.147220200695105,250.35967715674155,61.120810210656714,1.0,61.11055535994707,1.9356790985922991,22.083420991897583,101,5d4c83aa5feb5fc2de602cdb7a7801fc2333b44f8c9e1b221370986c629db7b8,2.0482441310215727,1.0242079888876785,1.9356790985922832,1.2598106735022545,0.562867125375423,1.22152;1.25876;1.24729;1.3166,1.74383;1.90015;2.01852;2.52942,1.0039633977166549,0.0174116495310904,0.1700526358852745,0.537203;0.570107;0.556483;0.594652,0.865549;0.95504;1.01112;1.26504,1.0047320719921813,0.0070740782417835,0.0856981686753893,4,2000,1000,5000
none,20260909,arm1,tv,True,1.0243909504765192,865.139317582832,1,1.1965517659776408,0.5303468167050676,0.2668522430741661,5.726107757703179,0.1010082940312745,2.7511482993604375,1.1791363998701905,0.2642943523308266,5.688725869786154,1000,1.663871333939262,1.6785063568927887,38.03189160215065,9.737924194321574,1.0,9.942057709390667,1.8492617545299164,22.083420991897583,101,5d4c83aa5feb5fc2de602cdb7a7801fc2333b44f8c9e1b221370986c629db7b8,1.9325165941832845,0.956235642822946,1.8492617545299137,1.227861989122414,0.5478016569499022,1.20458;1.18395;1.27447;1.26185,1.88188;1.87143;1.98825;1.98494,1.00074931509935,0.0116356806150734,0.031815614792497,0.53741;0.525785;0.5629;0.568902,0.934296;0.91771;0.990661;0.982182,1.0009643061658315,0.0069207026271617,0.0178510832191399,4,2000,1000,5000
none,20260910,arm1,meta,True,1.0038918278029514,3589.094713287297,1,1.2760131620278812,0.5835696283616945,0.2896853772468471,5.161702131756241,0.1010575504386371,2.6401028669084514,1.2660973466226833,0.2886692473315854,5.149585857693286,1000,2.9477419815247665,2.8820106347014613,148.91226304557006,39.29023560588894,1.0,40.19609013929927,1.7944961468267682,23.49424910545349,101,5d3c2219efea4ce5e1e0fccd92793a1b5c723bc19b672d555f0db0c4743247e0,1.8734324633766912,0.9260410816087262,1.7944961468267742,1.2295989826667442,0.5499453862877346,1.20686;1.24815;1.25742;1.21485,1.82475;1.86034;1.90848;1.90536,1.0003157047558944,0.0104494221121814,0.0199626369326425,0.542968;0.560702;0.543854;0.555829,0.90219;0.923942;0.930291;0.947454,1.000229123838644,0.0053508861226686,0.0093534115415811,4,2000,1000,5000
none,20260910,arm1,pla,True,1.0038918278029514,3589.094713287297,1,1.2977735141368147,0.56780527143058,0.2893256868247106,5.7760454630374225,0.1088583266334732,2.851427819156819,1.2884788206143978,0.2880317067043828,5.760509416656524,1000,4.309503497520344,4.158863835444871,251.77661020715115,59.27903498844174,1.0,59.63119106290575,1.9952649385587191,23.49424910545349,101,5d3c2219efea4ce5e1e0fccd92793a1b5c723bc19b672d555f0db0c4743247e0,2.1173671816789725,1.0555482714135174,1.9952649385587249,1.341791699272861,0.6036119450493329,1.32043;1.33167;1.32867;1.37487,1.96446;2.09831;2.27036;2.13677,1.0015408359455182,0.0147970941857346,0.0629344321959265,0.589159;0.608591;0.599268;0.618771,0.967134;1.05251;1.13496;1.06738,1.001681634402251,0.0059150029494662,0.0344880779656185,4,2000,1000,5000
none,20260910,arm1,tv,True,1.0038918278029514,3589.094713287297,1,1.187888878325823,0.5435372336247948,0.2537678641297626,5.330996243401733,0.097631506564811,2.6081873850986352,1.1782047274738423,0.2530238283431882,5.280052887294119,1000,1.6637237923184611,1.6784783898520508,38.29817962070628,10.00356450523065,1.0,10.034759555097704,1.82974130416376,23.49424910545349,101,5d3c2219efea4ce5e1e0fccd92793a1b5c723bc19b672d555f0db0c4743247e0,1.9112466444501008,0.9541356394651404,1.8297413041637576,1.2164521733188534,0.547963905330492,1.19673;1.21517;1.22503;1.23168,1.89428;1.90734;1.95494;1.88624,1.0002774836433366,0.0099545732298633,0.0153743192911179,0.54896;0.547003;0.553463;0.5457,0.946851;0.945388;0.978814;0.94542,1.0000018904590056,0.0046584023364747,0.0082388558364522,4,2000,1000,5000
none,20260911,arm1,meta,True,1.0031472670387118,7919.690306693939,1,1.225424841117038,0.5519896980914758,0.2994413268030444,5.247453396157126,0.1101747813649823,2.5366981837274643,1.2207539975175885,0.2972909361003276,5.152438315531413,1000,2.9492075194394087,2.883195957737079,141.35647128647454,39.08154153084365,1.0,39.98822300208582,1.708099783784968,24.546820878982544,101,3c221baea98377492ed18d237d4d81d4661e62c8c31521e43debb69dd19d7f9a,1.7877436732166454,0.8836219407343252,1.7080997837849785,1.1820381626337872,0.5253115118701642,1.18557;1.17441;1.18362;1.18692,1.76554;1.70389;1.89383;1.78383,1.00000987323645,0.0082303788632441,0.0395705699803862,0.525396;0.530329;0.512755;0.528882,0.869839;0.849661;0.932072;0.882868,1.0001932857244549,0.0043892373167505,0.0175386959647969,4,2000,1000,5000
none,20260911,arm1,pla,True,1.0031472670387118,7919.690306693939,1,1.1165735467971858,0.4689231498285562,0.2534169606546952,4.411503235846773,0.0956775360451822,2.175339502765699,1.1121177792954962,0.2523884351319114,4.348312024426824,1000,4.309486860331124,4.158702688140481,196.107291710012,57.403464913507186,1.0,59.651877675452944,1.6119527902646602,24.546820878982544,101,3c221baea98377492ed18d237d4d81d4661e62c8c31521e43debb69dd19d7f9a,1.675338240635823,0.82157907564966,1.6119527902646524,1.1378681215275055,0.4990130508704297,1.11443;1.13653;1.14811;1.15566,1.61411;1.69169;1.71835;1.6795,1.000351192805498,0.0083770207439903,0.0221394109267014,0.486616;0.501967;0.498202;0.512885,0.788596;0.83574;0.838054;0.823804,1.000116513549117,0.004554209891172,0.0114190215262823,4,2000,1000,5000
none,20260911,arm1,tv,True,1.0031472670387118,7919.690306693939,1,1.1452122664697055,0.5350858920845938,0.2588332924955343,5.397768976978328,0.1046813748193195,2.461885691566826,1.1358289375184534,0.2573991007092963,5.3874942306517815,1000,1.6625159964527418,1.678468232672954,37.93138410468963,9.928176652316376,1.0,10.068216542636993,1.815199676867986,24.546820878982544,101,3c221baea98377492ed18d237d4d81d4661e62c8c31521e43debb69dd19d7f9a,1.8969112946960176,0.941813370624347,1.815199676867971,1.2116329530063208,0.5423493674733046,1.2058;1.18781;1.24394;1.20947,1.88642;1.87282;1.96881;1.86509,1.0001035708441604,0.0073735006990707,0.0239175660371278,0.546262;0.536869;0.547349;0.534975,0.945591;0.930819;0.97203;0.918601,1.0000791538299232,0.0043913809248911,0.0114999459568726,4,2000,1000,5000
none,20260912,arm1,meta,True,1.007657278350226,4095.060299816073,1,1.2846690755561272,0.5797955416714086,0.3171974662887653,5.789017202565458,0.1190985709036669,3.156912894102439,1.277304186257275,0.3144608780424132,5.721841659363302,1000,2.9470246411349903,2.881613063270842,162.89810249348585,40.05043466855608,1.0,40.26559630792459,1.9183827960550648,29.553273916244507,101,668e83a0bd1cfa11ffe376d00d8bf8dce5ef52249861c46861f0637a5b0d4e1d,2.028214050333091,1.0113902982168657,1.9183827960550617,1.2891892852957316,0.5812659225679349,1.28189;1.28482;1.27796;1.32237,2.00789;2.01491;2.03932;2.05028,0.9999149475219504,0.0099905011273109,0.0100015365708454,0.578563;0.57974;0.572797;0.592053,0.998724;1.01314;1.01422;1.01938,0.999970596799708,0.0055269937067018,0.0044286468527009,4,2000,1000,5000
none,20260912,arm1,pla,True,1.007657278350226,4095.060299816073,1,1.1727727538769912,0.5150126396366828,0.2902433720192039,5.144375190894697,0.1053942499662061,2.7960371457993496,1.1671108993059691,0.2894378027810666,5.133778362037968,1000,4.308712567815476,4.1518276697393475,225.45978383571784,58.869905566606725,1.0,60.52882510087917,1.804534915917881,29.553273916244507,101,668e83a0bd1cfa11ffe376d00d8bf8dce5ef52249861c46861f0637a5b0d4e1d,1.888292970748591,0.931028567341342,1.8045349159178732,1.2181716869432009,0.5374418362719195,1.20945;1.20383;1.21209;1.25867,1.76816;1.73488;1.95519;2.09694,1.0016999289512298,0.009509216584991,0.0846435762551283,0.531517;0.53065;0.533101;0.560267,0.865881;0.859806;0.96672;1.03161,1.001470885015,0.0057088361614533,0.041539783858276,4,2000,1000,5000
none,20260912,arm1,tv,True,1.007657278350226,4095.060299816073,1,1.182328330233427,0.5294227397870828,0.2842723873846265,5.053545504459976,0.1098808951299688,2.4371138101488317,1.1755284352327715,0.2835418268252953,4.9712932090478406,1000,1.6622360141231436,1.678473536204923,37.60256501529712,9.871704119665909,1.0,10.050760994499086,1.8086100154523863,29.553273916244507,101,668e83a0bd1cfa11ffe376d00d8bf8dce5ef52249861c46861f0637a5b0d4e1d,1.8874453939217324,0.9352408154035052,1.808610015452395,1.224688066175614,0.5417550450541488,1.2331;1.20146;1.22583;1.23659,1.88489;1.85207;1.89125;1.92308,1.0001523792929925,0.0081702136957448,0.0145528673905869,0.547744;0.536929;0.542254;0.542975,0.936792;0.919903;0.934559;0.949664,1.0001783214344282,0.0046542674291052,0.0060975001506064,4,2000,1000,5000
performance_chasing,20260908,arm1,meta,True,1.000347058689241,8997.596255431827,1,1.267887139815984,0.5776336264776818,0.2813713559564221,5.957719653970472,0.0963023395885869,2.9470678141771995,1.263230845566027,0.2793320005482689,5.93858446089978,1000,2.9478910760347588,2.8820788829994513,166.33081502970467,40.524980106823264,1.0,40.18414769943393,1.9663386261459477,80.52463102340698,101,a98e57816fab67fb99bb98b427d1d6fe9e3cb9a086267bd2a49019c144d3f9c2,2.060867457631099,1.0347852244280658,1.9663386261459403,1.2852851940961036,0.5716495507077837,1.2772;1.29425;1.27824;1.28947,2.04541;2.07161;2.07318;2.04837,1.0003731149145787,0.0083624607417126,0.0073939625489105,0.575126;0.564913;0.572469;0.571923,1.02801;1.03555;1.05139;1.02402,1.000177219360391,0.0046220235664469,0.0060420836903599,4,2000,1000,5000
performance_chasing,20260908,arm1,pla,True,1.000347058689241,8997.596255431827,1,33.35045169013426,20.40751904551773,22.832450181580267,49.532012948372014,14.549700077187232,26.40296302622956,32.76562714121479,22.481889483034692,48.63120916531784,1000,4.29041791942621,4.149574999118227,5287.172999572917,96.6505642369612,1.0,60.81383084478317,33.54107443570415,80.52463102340698,101,a98e57816fab67fb99bb98b427d1d6fe9e3cb9a086267bd2a49019c144d3f9c2,33.57694288177458,20.609296965417244,33.54107443570416,33.24230175796997,20.223118940912997,33.2604;33.2041;33.2267;33.2534,33.567;33.4785;33.6213;33.6914,1.0003340969975716,0.0772609501194381,0.0449411472101476,20.274;20.261;20.2167;20.144,20.5614;20.6049;20.6752;20.6063,1.0000832054614008,0.038299234529644,0.0235094529298846,4,2000,1000,5000
performance_chasing,20260908,arm1,tv,True,1.000347058689241,8997.596255431827,1,1.2216894928487858,0.5401063596289026,0.2624382807849356,5.147315390005671,0.0950440605883067,2.457861727109302,1.215932502889464,0.2615994087670873,5.085143870287273,1000,1.6632191141250114,1.6784918424104216,37.02540182665572,9.79041418555422,1.0,9.990275691852602,1.7956199168265925,80.52463102340698,101,a98e57816fab67fb99bb98b427d1d6fe9e3cb9a086267bd2a49019c144d3f9c2,1.8717952738820056,0.9264414518464602,1.7956199168265856,1.212901717598065,0.5426274959763653,1.21836;1.23055;1.20267;1.2007,1.83341;1.88815;1.90202;1.86319,1.0002583410264554,0.0068583134843298,0.0150802487204709,0.542934;0.541363;0.541276;0.545009,0.911632;0.931118;0.935606;0.927319,1.0003690900952786,0.0039479896338769,0.0052118042334555,4,2000,1000,5000
performance_chasing,20260909,arm1,meta,True,1.0007745559947394,5323.26122604608,1,1.2360372544743528,0.5602298608954563,0.2830557822757357,5.6315671240372875,0.1010220705549393,2.9687780072935457,1.2289016838999522,0.2817794528131484,5.555379975841505,1000,2.947537489551566,2.880446927917512,148.4069029181896,39.961003388136874,1.0,40.46885274436602,1.7680497096621308,114.75913906097412,101,f3ff97ab651609772a1720dfa086c21ea4aeec737dddb31c546a84d44adfd980,1.845171806271778,0.9167605231963912,1.7680497096621293,1.222506608216109,0.5404233004977255,1.21128;1.20752;1.21877;1.25169,1.88065;1.8327;1.8256;1.84248,0.9999985161067456,0.0106826167225645,0.0122629814063011,0.538618;0.538896;0.528822;0.555351,0.935029;0.917343;0.894942;0.919497,0.9999756679259434,0.005096015278816,0.0082542825866957,4,2000,1000,5000
performance_chasing,20260909,arm1,pla,True,1.0007745559947394,5323.26122604608,1,39.274827616647,23.020481808483368,22.515819142782085,58.806293745241696,13.9255913200039,31.28708255348718,38.779897782240965,22.20574778162278,58.054364181681095,1000,4.295088030025803,4.146574860398926,5875.274842617632,90.39568488504784,1.0,61.19166149772538,38.737519195340646,114.75913906097412,101,f3ff97ab651609772a1720dfa086c21ea4aeec737dddb31c546a84d44adfd980,38.758346147058845,23.112662991272938,38.73751919534078,38.5315530979571,22.81794295141873,38.0909;38.7691;38.684;38.6445,38.5029;38.6547;38.9789;38.8664,1.0005854339844402,0.1197585432693308,0.1064873049773604,22.7062;22.894;22.9421;22.7864,22.991;23.0917;23.2362;23.1255,1.0004961239572612,0.0471703494513615,0.0505390366997582,4,2000,1000,5000
performance_chasing,20260909,arm1,tv,True,1.0007745559947394,5323.26122604608,1,1.256342019818544,0.5564114793180723,0.276332729628654,5.406048309948885,0.1038389128174152,2.6984254255474807,1.2509030192059925,0.2727936573798069,5.35983425396028,1000,1.663871333939262,1.6785063568927887,37.47774809749507,9.74801793033366,1.0,9.942057709390667,1.8274539673197192,114.75913906097412,101,f3ff97ab651609772a1720dfa086c21ea4aeec737dddb31c546a84d44adfd980,1.9033826371842109,0.9423126890112804,1.8274539673197228,1.2200940021367597,0.5415284388456275,1.24196;1.21125;1.22126;1.21027,1.93962;1.8881;1.90171;1.88491,1.0001245694970533,0.0092117152738039,0.0125518834045728,0.557654;0.531161;0.540456;0.539585,0.96532;0.935503;0.9383;0.930072,1.0002708596440577,0.0047479477532005,0.0078616330580233,4,2000,1000,5000
performance_chasing,20260910,arm1,meta,True,1.0017387733308016,11191.268250399551,1,1.276626006379711,0.5614518016672625,0.3120992326279582,5.900739974229459,0.0999935511437237,2.9195390775146173,1.2691056003934498,0.3088436125324859,5.87345101881323,1000,2.9477419815247665,2.8820106347014613,156.14590796520267,39.71034894092597,1.0,40.19609013929927,1.8732829390582884,79.18309116363525,101,2d52751960481f74609866464b8c9dfd30878c562145aad2c2395db7d4358ca9,1.9541092027443971,0.971115211732584,1.873282939058286,1.2348570894023363,0.5484283183420025,1.23429;1.23889;1.23043;1.23652,2.07501;1.93603;1.91239;1.89391,1.000473601612526,0.0093461928536257,0.0411380276876244,0.546084;0.549915;0.544098;0.553843,1.02278;0.967259;0.955028;0.939267,1.000396670525548,0.0047404703985487,0.0181597288501227,4,2000,1000,5000
performance_chasing,20260910,arm1,pla,True,1.0017387733308016,11191.268250399551,1,36.58791738664478,22.669181873817045,24.888472621957487,52.87883372320809,15.891812462635698,28.77147545490308,35.95332643589053,24.479169408648545,51.95845703228366,1000,4.291209356673342,4.154976297995827,5852.532363110591,98.4229411968546,1.0,60.12854772670989,36.82808589057872,79.18309116363525,101,2d52751960481f74609866464b8c9dfd30878c562145aad2c2395db7d4358ca9,36.91250333153299,22.91392641417711,36.82808589057864,36.60490935573414,22.542876042003925,36.4959;36.8428;36.45;36.6262,36.9487;37.0408;36.7813;36.8809,1.0002573199119715,0.0780738686593771,0.0547517662798817,22.5086;22.6819;22.4775;22.4927,22.9327;23.0063;22.8584;22.8586,1.0002915261871472,0.0374693569021591,0.0353890513800848,4,2000,1000,5000
performance_chasing,20260910,arm1,tv,True,1.0017387733308016,11191.268250399551,1,1.2349088719153878,0.52997327597665,0.2728576802907578,5.220161333714638,0.1002193488489542,2.729685431976689,1.2303420811618846,0.2714840774513523,5.204677047740022,1000,1.6637237923184611,1.6784783898520508,37.402925451001906,9.932780451960287,1.0,10.034759555097704,1.801746954696174,79.18309116363525,101,2d52751960481f74609866464b8c9dfd30878c562145aad2c2395db7d4358ca9,1.8731864535030844,0.9318098187675264,1.8017469546961744,1.2326939892025877,0.5486404122316438,1.24572;1.24278;1.20212;1.23095,1.91804;1.84572;1.86504;1.86028,0.9999782337758968,0.007564047119926,0.0158001103898537,0.551112;0.556415;0.543658;0.547211,0.942257;0.92055;0.935397;0.928828,0.9999480704567608,0.0046229314649209,0.0046339285092159,4,2000,1000,5000
performance_chasing,20260911,arm1,meta,True,1.0010545242638669,3069.887935735107,1,1.1707227060123686,0.5277915038728478,0.2809884277933739,4.685431544251851,0.0981383790232372,2.329907961795063,1.1624406906833022,0.2802589105316318,4.659558490045772,1000,2.9492075194394087,2.883195957737079,140.3350921969385,39.02454296230467,1.0,39.98822300208582,1.7014325287765235,108.6369926929474,101,a430382c61a78b49c1c6bc019f4b1be997f441d97722a369498beb01d46ea584,1.7761065630860808,0.8772221325045041,1.701432528776522,1.1962363323916074,0.5263350290783175,1.19237;1.18317;1.21707;1.18911,1.8412;1.7364;1.81053;1.71522,1.0002579037238617,0.0098285757096245,0.0298693524737495,0.528782;0.517116;0.542515;0.515921,0.9069;0.85648;0.892539;0.852933,1.000094434233196,0.0049659982126484,0.013340398600514,4,2000,1000,5000
performance_chasing,20260911,arm1,pla,True,1.0010545242638669,3069.887935735107,1,26.78847562198397,16.62678607678941,2.1511365443916564,44.95433923751005,1.1705223848935051,25.534039196196908,26.390935052563847,2.122783459324551,44.286286384638686,1000,4.295340393857183,4.158485076863498,4010.0039180558674,94.4217901636797,1.0,59.679802928232526,25.526170970815897,108.6369926929474,101,a430382c61a78b49c1c6bc019f4b1be997f441d97722a369498beb01d46ea584,26.02182000587199,15.94420137168308,25.52617097081585,26.97051857667244,16.538552178927098,26.7723;27.1891;26.8402;27.1121,25.7479;26.2959;25.729;26.2911,1.00116335590381,0.1447085254245532,0.1602885006743445,16.4073;16.7207;16.3832;16.6752,15.7614;16.1877;15.7625;16.0591,1.0007510796072383,0.0919994871111349,0.1075784751237942,4,2000,1000,5000
performance_chasing,20260911,arm1,tv,True,1.0010545242638669,3069.887935735107,1,1.232174150020685,0.5617067159458793,0.2745770067311276,5.154480330479301,0.0990306389987677,2.665865073719202,1.2190936140241164,0.2725417066269496,5.111503295848164,1000,1.6625159964527418,1.678468232672954,38.16515070868294,10.057845974253247,1.0,10.068216542636993,1.817144377793497,108.6369926929474,101,a430382c61a78b49c1c6bc019f4b1be997f441d97722a369498beb01d46ea584,1.8963048870912476,0.947663881413482,1.817144377793494,1.219707500615815,0.5516182453451375,1.221;1.20083;1.24439;1.21068,1.90959;1.8885;1.89575;1.89387,0.9999139990987116,0.0103454508829428,0.0044918083186081,0.543274;0.550173;0.55903;0.556158,0.958225;0.949945;0.942718;0.939638,1.0001320300662624,0.0054283752002932,0.0041392354266103,4,2000,1000,5000
performance_chasing,20260912,arm1,meta,True,1.0006729750852004,11626.77353993668,1,1.3260968982837895,0.5829882670646787,0.3252679279476624,5.928461433638492,0.1055760642689238,3.0967929178272096,1.3212669817628,0.3234565640581619,5.848491451286632,1000,2.9470246411349903,2.881613063270842,164.12046942588728,39.980306978160506,1.0,40.26559630792459,1.9437535787711888,80.53878688812256,101,c501c3b7fff683202f2101241e0dbd393b7daf0746b081c8dabf7984e252d93e,2.045219291018266,1.0189740778057343,1.9437535787711815,1.2759960591566433,0.568790323644168,1.27335;1.28244;1.28477;1.26633,2.12765;2.0075;2.04142;2.00578,1.000392703531564,0.0077427114423969,0.0285569993018175,0.563398;0.569912;0.577244;0.565139,1.06224;1.00418;1.01598;0.993439,1.0001455197073832,0.0043545490679152,0.0151436324629867,4,2000,1000,5000
performance_chasing,20260912,arm1,pla,True,1.0006729750852004,11626.77353993668,1,40.4069724315416,24.416938449808647,26.823828667672363,56.84728533765016,17.317907360488014,31.80952697666378,39.721443953727494,26.33269210823524,55.769160198450614,1000,4.289071246287139,4.1483965207909375,6458.71240374396,98.3617772571402,1.0,60.962481595636184,40.40206285326427,80.53878688812256,101,c501c3b7fff683202f2101241e0dbd393b7daf0746b081c8dabf7984e252d93e,40.53816066837715,25.026983113736794,40.40206285326441,40.20443599309925,24.59657817492905,39.9734;40.3947;40.2854;40.1437,40.3381;40.6085;40.5853;40.57,1.0003468748002828,0.0862388327127412,0.0629402483305909,24.4733;24.6799;24.7288;24.4966,24.9333;25.0875;25.1061;24.9685,1.000326525183238,0.0396204138159586,0.0428970193496456,4,2000,1000,5000
performance_chasing,20260912,arm1,tv,True,1.0006729750852004,11626.77353993668,1,1.1813506340340203,0.5115671954261889,0.2696031158125008,5.340139584122919,0.0865738752368108,2.6183534639685506,1.1700716639986712,0.26877838887346,5.326406698416785,1000,1.6622360141231436,1.678473536204923,36.876847619089965,9.864827423070754,1.0,10.050760994499086,1.7782387037871774,80.53878688812256,101,c501c3b7fff683202f2101241e0dbd393b7daf0746b081c8dabf7984e252d93e,1.851657447718524,0.9171851130843938,1.7782387037871812,1.2032653736882906,0.5382599958865095,1.17824;1.2332;1.20395;1.19358,1.81898;1.89875;1.87199;1.81847,1.00061737728385,0.0085839129282088,0.0200008600991402,0.521143;0.545266;0.538318;0.543734,0.906503;0.931141;0.925821;0.905113,1.0007270449459584,0.0039537480322815,0.0066407357009176,4,2000,1000,5000
tv_bursts,20260908,arm1,meta,False,1.5284862223119844,18.625441603421937,1,1.4369079143794163,0.7000428234203611,0.3194076054762286,7.269770054639516,0.1115051173064344,3.819683184272872,1.4262596390848743,0.3188041592027444,7.248092237337867,1000,2.9478910760347588,2.8820788829994513,195.6361823665949,42.8462677541922,1.0,40.18414769943393,2.2448896246633976,61.40914988517761,101,4415bca36729f1ecc65ae1d232519ea12db60f78fd02fe8dc82d66c703ef5510,2.356199006084234,1.2158717161864494,2.244889624663415,1.3888505520632108,0.6466127506818187,1.28412;1.72136;1.30177;1.28786,2.09549;3.19648;2.05027;1.9775,1.0370740922413055,0.0566579741785314,0.2898677414286634,0.592877;0.884825;0.588738;0.57847,1.05196;1.78031;1.02389;0.9889,1.0478194410618047,0.0864442729309672,0.190119759616422,4,2000,1000,5000
tv_bursts,20260908,arm1,pla,False,1.5284862223119844,18.625441603421937,1,1.3875103380158298,0.5961468331116151,0.2846508910289332,20.11406796771664,0.1114382920013657,9.644577696253952,1.3839935557803456,0.2840224565297616,20.088024886085883,1000,4.309408624341329,4.154118209407462,420.7886717342972,60.079101129761185,1.0,60.237858000361825,3.3681502438354527,61.40914988517761,101,4415bca36729f1ecc65ae1d232519ea12db60f78fd02fe8dc82d66c703ef5510,3.497334663180886,1.746359989148128,3.368150243835452,1.3977648803515244,0.6317118571007023,1.23608;2.50598;1.24242;1.27515,1.81987;8.32879;1.86734;1.94828,1.1391834262625222,0.2167696242660134,1.6127919066441252,0.548399;1.04279;0.558438;0.580449,0.90932;4.17303;0.926796;0.976238,1.1103052310690291,0.1011823833402154,0.8090175725111859,4,2000,1000,5000
tv_bursts,20260908,arm1,tv,False,1.5284862223119844,18.625441603421937,1,1.1971626565963445,0.289507196596269,0.2724060265383037,6.011748739263616,0.0370481714242583,1.7779050392268785,0.9750444639978072,0.2254870712400024,5.0099434894871,1000,1.5611617572810204,1.6686396936866597,74.84839437558067,9.590011980362734,1.0,27.47267302660226,1.617962231019817,61.40914988517761,101,4415bca36729f1ecc65ae1d232519ea12db60f78fd02fe8dc82d66c703ef5510,2.0195081484656283,0.5225500376187768,1.6179622310198356,1.2771232988617889,0.307238156907438,1.39063;0.907791;1.42328;1.40589,2.17191;1.59374;2.1878;2.12589,1.045494642666591,0.1480702384099435,0.1426359315888027,0.337832;0.199682;0.342163;0.338443,0.568292;0.38294;0.577525;0.559929,1.0414332846973722,0.036552141542207,0.0465495147886805,4,2000,1000,5000
tv_bursts,20260909,arm1,meta,True,1.0003146429558951,7947.387131443751,1,1.2506738665404815,0.5771932840753167,0.295429623828079,5.234341917928992,0.1122665408872263,2.561882756371946,1.2433371671892717,0.2936894336466155,5.2208646089432165,1000,2.947537489551566,2.880446927917512,144.79806890003007,39.947768766594336,1.0,40.46885274436602,1.7221400057197565,63.400662660598755,101,b93190b855545943d98a3537562142d3f2647334eacf8d834fa3a894422a8fc5,1.8005987590549908,0.8944656179126675,1.722140005719747,1.20630881362632,0.5426920317217263,1.18494;1.2158;1.20842;1.21823,1.81139;1.78032;1.8199;1.78872,1.0001084961462456,0.0088529050234554,0.0093112787350566,0.53207;0.539839;0.54883;0.551162,0.891606;0.89479;0.89809;0.893132,1.000077265616616,0.0048554947460408,0.0013900241782572,4,2000,1000,5000
tv_bursts,20260909,arm1,pla,True,1.0003146429558951,7947.387131443751,1,1.2180561213299863,0.5579123694713759,0.2827122469508321,5.04146505276761,0.1016091478996886,2.600768844691062,1.2056757604202035,0.2801975957461294,4.963863268073949,1000,4.307344100278896,4.147220200695105,228.25362585851053,61.132927731232456,1.0,61.11055535994707,1.788725133045902,63.400662660598755,101,b93190b855545943d98a3537562142d3f2647334eacf8d834fa3a894422a8fc5,1.8672048610416283,0.9337732959512212,1.788725133045909,1.2525768631091587,0.5678849525731848,1.26078;1.23743;1.2317;1.27315,1.84461;1.87016;1.84432;1.91286,1.000216153424888,0.009712042224278,0.0161366575464034,0.563564;0.570728;0.559914;0.578553,0.916092;0.936869;0.922319;0.959757,1.0002248119479953,0.0048995317780498,0.0096979725239069,4,2000,1000,5000
tv_bursts,20260909,arm1,tv,True,1.0003146429558951,7947.387131443751,1,1.421038556483056,0.3558511267036044,0.3468580692729531,7.275380236514836,0.0554396845532964,2.1382473240400515,1.1501465094934362,0.2862689332022448,5.962032966261996,1000,1.5644408725123478,1.6691579947055617,90.82240291100638,9.960717003236002,1.0,26.83587652394724,1.9731009711509435,63.400662660598755,101,b93190b855545943d98a3537562142d3f2647334eacf8d834fa3a894422a8fc5,2.468228556100225,0.6681413663837823,1.9731009711509575,1.5331783130886432,0.3769265656615203,1.53095;1.52956;1.54894;1.52575,2.51539;2.4317;2.47479;2.45051,1.0001712939226208,0.0107844731825025,0.0180641621302922,0.380637;0.367319;0.38211;0.377343,0.68318;0.658043;0.669435;0.662146,0.9999718846654502,0.003803702956262,0.0055208942633311,4,2000,1000,5000
tv_bursts,20260910,arm1,meta,True,1.0017842672789112,4830.230310082131,1,1.2747176671772025,0.5891029786766597,0.3027256514379448,5.7944422195039955,0.1059416982174033,2.96913900653982,1.2652086795025026,0.297962971618023,5.779629076725574,1000,2.9477419815247665,2.8820106347014613,152.44845127382985,39.54945356034723,1.0,40.19609013929927,1.8398257615397784,60.96149182319641,101,db50cbb7b15b71cd181a78ef74133900780ef04a46ed0fdf2dcbd6114843bf5c,1.9116861482318244,0.9480923851797808,1.8398257615397795,1.2298750731450157,0.549540063246549,1.23319;1.23883;1.21952;1.22915,1.99004;1.84052;1.91632;1.89688,1.00036914163211,0.0098925151175435,0.0308802827622228,0.554705;0.556312;0.533649;0.550702,0.986416;0.920674;0.942064;0.943094,1.000655489222123,0.005540160737622,0.0137894907381441,4,2000,1000,5000
tv_bursts,20260910,arm1,pla,True,1.0017842672789112,4830.230310082131,1,1.3212394832781993,0.5771609111703789,0.2991617710167997,5.638319273492818,0.1118892823028198,2.796923460965586,1.3132139031067982,0.2983986534762146,5.621399799370068,1000,4.309503497520344,4.158863835444871,239.4194074228718,58.990149218585046,1.0,59.63119106290575,1.9143165903071089,60.96149182319641,101,db50cbb7b15b71cd181a78ef74133900780ef04a46ed0fdf2dcbd6114843bf5c,2.018350212994768,1.0037214236338206,1.9143165903070931,1.3245593795556576,0.5874363892052723,1.28359;1.33914;1.32866;1.34717,1.91836;2.03359;2.09909;2.0213,1.0001656376546917,0.0123988275533963,0.0373706766329573,0.566084;0.610347;0.585798;0.586564,0.953774;1.01665;1.03934;1.00508,1.0002581073369758,0.0071399497115581,0.0181023777069316,4,2000,1000,5000
tv_bursts,20260910,arm1,tv,True,1.0017842672789112,4830.230310082131,1,1.4988443533896,0.361004163129634,0.3299094359929388,9.17112883117239,0.0535557579170998,2.8870471233526307,1.222013215064972,0.2746106584008049,7.431899455449287,1000,1.5626211877353788,1.6684767320221985,106.84902095028926,10.364299462325585,1.0,27.66991678782274,2.2280169377431083,60.96149182319641,101,db50cbb7b15b71cd181a78ef74133900780ef04a46ed0fdf2dcbd6114843bf5c,2.8092867813431703,0.765528844868017,2.228016937743114,1.6326351333038898,0.4025157654186552,1.63053;1.61094;1.64518;1.64254,2.96823;2.75898;2.8343;2.67729,1.00037709679256,0.0162992078173539,0.0618076766655779,0.411478;0.390551;0.412244;0.395351,0.812079;0.741918;0.775653;0.731656,1.000243069894655,0.0054599443470835,0.0181982230216543,4,2000,1000,5000
tv_bursts,20260911,arm1,meta,True,1.0037113207595465,7052.6598113935515,1,1.2986894143435856,0.5714657735914774,0.2877225971987626,5.184701603223476,0.1037745159885487,2.5746229466538506,1.2876219961314486,0.2867663955686077,5.122852626615656,1000,2.9492075194394087,2.883195957737079,139.55694762239946,38.99783987932828,1.0,39.98822300208582,1.6907077105720876,59.48718810081482,101,fc7db5c014b687ef68ee64e6a065988f30aebee0d4be983d6baaeb5bca94d6c4,1.766855348036825,0.8723506352372836,1.6907077105720782,1.1838854417300682,0.5286647172992207,1.17592;1.19545;1.17449;1.19381,1.77502;1.70689;1.79242;1.79825,0.9999533546464838,0.009926752339334,0.0210070608444934,0.520397;0.531329;0.533658;0.531576,0.869704;0.853579;0.874832;0.890914,1.0001528665949502,0.004588821957934,0.0076925241458688,4,2000,1000,5000
tv_bursts,20260911,arm1,pla,True,1.0037113207595465,7052.6598113935515,1,1.0944767338964687,0.4769180614958561,0.2620175566422932,4.208542939383774,0.0970701459861787,2.2064802704695623,1.0856788984315326,0.2609736413347382,4.202355079944952,1000,4.309486860331124,4.158702688140481,192.82609292541025,57.41566981700685,1.0,59.651877675452944,1.581630497323748,59.48718810081482,101,fc7db5c014b687ef68ee64e6a065988f30aebee0d4be983d6baaeb5bca94d6c4,1.6471353253371088,0.8078359908848904,1.5816304973237594,1.140121711396984,0.5067740038384854,1.13897;1.14204;1.11304;1.16833,1.67745;1.62132;1.60706;1.68558,1.0002627538184978,0.0089388546963614,0.0197228783059373,0.506673;0.510455;0.490284;0.518232,0.819755;0.796359;0.790858;0.824291,1.000698169606255,0.0048382065925968,0.0083305961499386,4,2000,1000,5000
tv_bursts,20260911,arm1,tv,True,1.0037113207595465,7052.6598113935515,1,1.5286070806529817,0.4012091972477197,0.3424221822154265,9.491714644888956,0.0560323457635578,3.170450995138432,1.2571765707352105,0.2816682768866229,7.904075400673545,1000,1.5573972904735005,1.6685555740207183,112.16054094692646,10.563646002500684,1.0,27.574661837693583,2.320795016636324,59.48718810081482,101,fc7db5c014b687ef68ee64e6a065988f30aebee0d4be983d6baaeb5bca94d6c4,2.9408892868791514,0.8145750370386241,2.320795016636327,1.682172505434968,0.4226122389980902,1.71149;1.68244;1.69858;1.6454,3.20476;2.94111;2.83869;2.77525,1.0003693875636908,0.0144702743636949,0.0946511840550975,0.442687;0.417674;0.423132;0.41033,0.89436;0.816483;0.794058;0.754923,1.0003476272151108,0.0039989840996265,0.0293654994814913,4,2000,1000,5000
tv_bursts,20260912,arm1,meta,True,1.0021708078597968,4902.879324090199,1,1.3376397460585387,0.6382404583810068,0.320874548763658,5.948589706621748,0.1114165183378255,3.138573164155189,1.33338838024632,0.3189510891473465,5.926409325827951,1000,2.9470246411349903,2.881613063270842,164.43141221843558,40.24719169554287,1.0,40.26559630792459,1.94212634854625,63.845598220825195,101,56319c2d7762442e1e831d0ff1d9c852cb70ed7b0c68e81cec951bf1c9c362f5,2.042301804420858,1.02091747741791,1.94212634854625,1.2796410180536708,0.5801444216316743,1.27229;1.28389;1.28015;1.28476,2.03479;1.89316;2.1427;2.09833,1.000057977064843,0.0108805395645855,0.054405542872353,0.575321;0.583921;0.577859;0.584945,1.01842;0.946931;1.07256;1.04574,1.0000263550560595,0.0053484543931096,0.0270236935051364,4,2000,1000,5000
tv_bursts,20260912,arm1,pla,True,1.0021708078597968,4902.879324090199,1,1.1513477724674623,0.5079484305059058,0.2675092657007062,4.827072904234501,0.092216635628383,2.5006498122218215,1.1457105191107244,0.2668949120547109,4.816052438754565,1000,4.308712567815476,4.1518276697393475,213.90799834370333,58.42492374661832,1.0,60.52882510087917,1.7198396419612192,63.845598220825195,101,56319c2d7762442e1e831d0ff1d9c852cb70ed7b0c68e81cec951bf1c9c362f5,1.798245119772898,0.8832200354369234,1.719839641961219,1.211198324382378,0.5419661788597456,1.19793;1.21142;1.21908;1.21619,1.78103;1.76107;1.81025;1.84425,1.0001206559536553,0.0104635169687996,0.0181114308987657,0.535754;0.5412;0.545435;0.54492,0.863765;0.872402;0.888168;0.908279,1.000187625043537,0.0046722448621762,0.0097806530877576,4,2000,1000,5000
tv_bursts,20260912,arm1,tv,True,1.0021708078597968,4902.879324090199,1,1.6065010052874706,0.4114305465717148,0.3238257054869107,12.782915483434314,0.0522570143836342,4.378524888803929,1.3062569343185966,0.2648890808522499,10.675205712953176,1000,1.5556373052427983,1.6688381995375352,128.41257439870816,10.579315245155374,1.0,27.230512709620488,2.662720173420767,63.845598220825195,101,56319c2d7762442e1e831d0ff1d9c852cb70ed7b0c68e81cec951bf1c9c362f5,3.3962750254325877,0.9502890196336696,2.662720173420766,1.7243672294794743,0.4334072695426585,1.72416;1.7087;1.75496;1.71505,3.51196;3.43733;3.44085;3.19638,1.0004729449199925,0.0150400794578599,0.0689271517030194,0.434463;0.431551;0.445356;0.423674,0.985604;0.956984;0.973689;0.884149,1.0001695109671147,0.0051653140103508,0.0227557932293122,4,2000,1000,5000
all_four,20260908,arm2a,meta,True,1.006329871236896,1272.779569696993,45,1.9212273864468852,0.8179653693043185,0.4134850806478154,8.193814003743087,0.1393146162678535,4.1735073433190895,1.885118655422357,0.4048982006676374,8.047736484004638,1000,2.9039797458623555,2.8043164796987585,281.7254453874752,48.08979338579918,1.0,52.235683511709986,2.6580899257293207,233.1770739555359,101,49ebaf7574e43654e31b0c50bea504b3b2047817427596565c12504aa9aeb3bb,2.8081146893055013,1.346035521131736,2.658089925729305,1.8106983527768872,0.7961352173991345,1.82052;1.78166;1.7898;1.8456,2.7954;2.72277;2.76516;2.95567,1.0003618459715022,0.0229071743162423,0.0508694421022261,0.810243;0.781163;0.788003;0.8161,1.34767;1.31347;1.31489;1.40762,1.00030951910032,0.0106784419782158,0.0220336532473006,4,2000,1000,5000
all_four,20260908,arm2a,pla,True,1.006329871236896,1272.779569696993,45,1.921064716940455,0.8514456090571512,0.3926568957067475,5.443154619426033,0.1369688194292404,2.5340095173948556,1.875363530862277,0.3836183091969342,5.330355906561195,1000,4.205673788836491,4.00530153697721,337.39902558622606,73.59703950678627,1.0,77.24437018688023,2.161262211638845,233.1770739555359,101,49ebaf7574e43654e31b0c50bea504b3b2047817427596565c12504aa9aeb3bb,2.2367798489249515,1.0913473672477594,2.1612622116388485,1.80094729780884,0.8073859946377315,1.73977;1.83336;1.76354;1.86558,2.19295;2.26881;2.18056;2.30216,1.000401244428998,0.0179668381638951,0.0294111895620867,0.773732;0.840615;0.795454;0.831916,1.06491;1.11261;1.06568;1.12221,1.0005519898291644,0.0091392241459325,0.0151720953151915,4,2000,1000,5000
all_four,20260908,arm2a,tv,True,1.006329871236896,1272.779569696993,45,1.7274830624503166,0.4192546144458063,0.4157580809366638,6.999341059355174,0.0663624187161324,2.0948444109400306,1.402290192850101,0.3479800015101456,5.739343872826085,1000,1.5617332391065215,1.6684096432081577,95.8695124474602,10.322684689447826,1.0,27.750719040269303,2.020139730389267,233.1770739555359,101,49ebaf7574e43654e31b0c50bea504b3b2047817427596565c12504aa9aeb3bb,2.5180179089854247,0.6826997985092074,2.020139730389262,1.757940657912965,0.4413483129070939,1.75442;1.80695;1.71634;1.77328,2.48551;2.56828;2.48659;2.53261,1.000072421812363,0.0129801481058515,0.019965522081727,0.449123;0.446573;0.432693;0.435516,0.676561;0.695851;0.674817;0.683138,1.0001109072548628,0.0046052213891928,0.0047690509001302,4,2000,1000,5000
all_four,20260909,arm2a,meta,True,1.003188041741812,2138.943804111877,49,1.8850903707220323,0.8248723055057624,0.3647240442633564,8.528312820264091,0.1219718465089682,4.472948297062546,1.8530111243639849,0.3572589558270504,8.382884308767721,1000,2.903441947764001,2.802644360817236,298.4734783699859,48.54567685275835,1.0,52.46872231392549,2.7802149777475837,304.03302788734436,101,396b57ad813d87e465cf7b1486325b4dbadb2f6302fe38f595cc008dbeef17bc,2.9547617055809527,1.420004558819066,2.780214977747573,1.83375870868719,0.8008502505138737,1.84977;1.83988;1.81697;1.82156,3.03029;2.89679;2.9442;2.94753,1.0002541264284817,0.0224415010359146,0.0277326784861184,0.822401;0.792863;0.790699;0.797968,1.46111;1.40624;1.40363;1.40877,1.0002356464405222,0.0114180946868693,0.0137647874473391,4,2000,1000,5000
all_four,20260909,arm2a,pla,True,1.003188041741812,2138.943804111877,49,2.4571437157957288,1.1616796343582865,0.4414540057840647,7.612452521145316,0.165336341341451,3.7411349395301854,2.401042711485865,0.437952895686661,7.482799223633926,1000,4.205941503227249,3.997756283104515,477.8045866266011,80.92498031151571,1.0,78.02760176457576,2.8986067056599696,304.03302788734436,101,396b57ad813d87e465cf7b1486325b4dbadb2f6302fe38f595cc008dbeef17bc,3.0059567475152655,1.530374581016701,2.898606705659975,2.4485987061900634,1.1681766921569092,2.32719;2.42063;2.58921;2.4554,2.90345;3.00611;3.11725;2.99667,1.0006906166072178,0.0238333215241741,0.043761679540464,1.09879;1.16109;1.23807;1.18587,1.46671;1.53719;1.57958;1.53776,1.000837722793708,0.012239763918852,0.0234089993300901,4,2000,1000,5000
all_four,20260909,arm2a,tv,True,1.003188041741812,2138.943804111877,49,1.42618763976576,0.3332370669608174,0.3035953023354469,5.570259443034226,0.0497866194941073,1.5060250183576165,1.1526379046387376,0.2478458452284188,4.610536506460643,1000,1.5677262364396267,1.668865421114884,73.27150594370619,9.688873288994529,1.0,27.197139590153665,1.612259563958422,304.03302788734436,101,396b57ad813d87e465cf7b1486325b4dbadb2f6302fe38f595cc008dbeef17bc,1.9864306338494735,0.5217770453105174,1.6122595639584196,1.4096602404578111,0.3329651722581024,1.39433;1.4398;1.41391;1.38847,1.98681;2.02132;1.98286;1.95653,1.0000264569390076,0.0109682023735248,0.0133027303402888,0.33253;0.330051;0.342808;0.329973,0.518974;0.524967;0.528995;0.513248,0.9999604933920572,0.0035836549380545,0.0034477706236883,4,2000,1000,5000
all_four,20260910,arm2a,meta,True,1.0071507523601668,1278.8728677923798,41,1.798587785166736,0.7941151447803946,0.3661302220458116,7.467641100235499,0.1403989924151631,3.570713996243285,1.772300254045344,0.3566406814682255,7.346054794742005,1000,2.907635784884057,2.8070101488634114,266.96083469398417,47.91956481993689,1.0,51.85846383933048,2.5383745896974084,187.78120398521423,101,ba340f7e88c433ec6dbb6411595050c664dfe6c089c5089fbc89a6d8bb091624,2.6755472951428056,1.2849628731647766,2.5383745896973955,1.7392716671954846,0.7569035193336819,1.71947;1.74315;1.73927;1.75229,2.64669;2.67137;2.71149;2.67648,0.9999890446385896,0.0185833928592319,0.0133502781164498,0.75689;0.755981;0.76603;0.749551,1.28349;1.28447;1.29449;1.27704,0.9999558201458768,0.0091614734568313,0.0036047483704606,4,2000,1000,5000
all_four,20260910,arm2a,pla,True,1.0071507523601668,1278.8728677923798,41,1.4925818051930946,0.6931182271467137,0.3140610899576936,4.511231892016276,0.1086791400745733,2.1949080531980925,1.453907268111518,0.30792595596746,4.417028641160005,1000,4.211340386105768,4.016354130206488,281.7463139587007,70.16214984669715,1.0,76.08611184253716,1.8595407026887751,187.78120398521423,101,ba340f7e88c433ec6dbb6411595050c664dfe6c089c5089fbc89a6d8bb091624,1.9264934208749007,0.9242292446992068,1.85954070268878,1.482371056204973,0.6518935896760338,1.42749;1.50178;1.49459;1.50207,1.89307;1.92674;1.91284;1.96701,1.0003845801783866,0.0140903754618842,0.0156403360087705,0.63511;0.652715;0.657576;0.661449,0.914263;0.925755;0.911884;0.945195,1.000464543778001,0.0064794486348528,0.0076026521306482,4,2000,1000,5000
all_four,20260910,arm2a,tv,True,1.0071507523601668,1278.8728677923798,41,1.2869521213833912,0.3040649553231829,0.3202134122406547,4.789914136727092,0.0514028517712739,1.1900354338322054,1.0466987486924806,0.2573620508804367,3.88999397660779,1000,1.5626780211964495,1.6681867785887865,66.4286387222878,9.25252123269032,1.0,28.017496774163018,1.4501367525670437,187.78120398521423,101,ba340f7e88c433ec6dbb6411595050c664dfe6c089c5089fbc89a6d8bb091624,1.782361326202544,0.4424826439618092,1.4501367525670474,1.311987760988806,0.296120777530924,1.28893;1.33245;1.30841;1.31503,1.77609;1.79804;1.77692;1.77942,0.999980192592842,0.0088275142904519,0.0051896299549037,0.291783;0.297848;0.295141;0.298021,0.442427;0.442805;0.443268;0.440898,0.9999814564943708,0.0027142552767981,0.0005133718639581,4,2000,1000,5000
all_four,20260911,arm2a,meta,True,1.0051100016441303,1668.1448739938974,48,1.679420647099389,0.696974988084027,0.3556017383261976,8.363689082757485,0.1132160167689298,4.163277729227753,1.6502642512605954,0.3483288858962736,8.246922560505892,1000,2.905771249635852,2.807722931957454,268.80716750718153,45.92590588240235,1.0,51.75826718821224,2.5590959137918667,246.1288311481476,101,74ca393eefbdbff4db5a2f4e7cdd3a7a15a1fb08a94bd6b97b24a8c077eec324,2.751798567336639,1.2937494211497638,2.5590959137918774,1.5925186421319923,0.6637088729616386,1.61304;1.60304;1.59948;1.56232,2.75526;2.71774;2.82508;2.70917,1.000158295037911,0.0198831819798726,0.0263942749247766,0.684624;0.689312;0.656588;0.627422,1.30362;1.29701;1.31239;1.26139,1.0002058040065636,0.0098810753401807,0.0111886378211289,4,2000,1000,5000
all_four,20260911,arm2a,pla,True,1.0051100016441303,1668.1448739938974,48,2.6862566580916916,1.2689655180868558,0.4532332221710831,9.224084338465111,0.1622367042744396,4.895874691995485,2.626352869246462,0.4470312909698439,9.037955784495749,1000,4.214994016253593,4.02050855146962,546.2464794023663,80.18103624824312,1.0,75.6472726293495,3.331171161180083,246.1288311481476,101,74ca393eefbdbff4db5a2f4e7cdd3a7a15a1fb08a94bd6b97b24a8c077eec324,3.5054380255865945,1.803713690294417,3.3311711611800616,2.5835186463369486,1.2416218176856813,2.44109;2.57034;2.64188;2.67068,3.36365;3.49374;3.51968;3.64296,1.0011146977557983,0.0361121492042333,0.057266498212954,1.15357;1.25963;1.27239;1.27843,1.72065;1.80094;1.81012;1.88299,1.0010053113378743,0.0197463648386292,0.0332084538116237,4,2000,1000,5000
all_four,20260911,arm2a,tv,True,1.0051100016441303,1668.1448739938974,48,1.7411341632083284,0.4672319730633987,0.3987134468204088,7.661079463276296,0.0587489866354052,2.4421977142071074,1.384861103457061,0.315970503120992,6.100821517804018,1000,1.5601744465690817,1.6683202265426549,96.99709732613545,10.673792313896117,1.0,27.85805547989353,1.99888739328671,246.1288311481476,101,74ca393eefbdbff4db5a2f4e7cdd3a7a15a1fb08a94bd6b97b24a8c077eec324,2.517322757144518,0.6973291439615122,1.9988873932867235,1.7440624089703856,0.4401805208548319,1.73763;1.73109;1.73497;1.78274,2.53055;2.56095;2.48888;2.49159,0.9999998651610604,0.0178345079027258,0.0171950906868154,0.442684;0.426882;0.442693;0.446373,0.697837;0.696914;0.699437;0.693779,1.000015362440181,0.0048523702731289,0.0011911029700978,4,2000,1000,5000
all_four,20260912,arm2a,meta,True,1.0061221285892494,1576.7059461434912,45,1.4489638344707283,0.6052497194101767,0.3232161624217098,6.461222765251146,0.0994120154120052,2.9048116959506407,1.4210114646623522,0.3156447310647964,6.384637711630652,1000,2.903186020679774,2.8040391267249216,211.11543313669367,44.46302263421026,1.0,52.27439652323443,2.0550451465033786,240.1770980358124,101,a1b035cc3cd79d0f28990569aaabc6c73ecd56e796241a85bd2958ec27a9ae33,2.182355441931869,1.0030670710382883,2.0550451465033857,1.380739261748145,0.5776001542901164,1.3935;1.39724;1.35075;1.38307,2.23446;2.07797;2.13353;2.28625,1.000576000144748,0.0129861127276241,0.0472476664765015,0.578036;0.580255;0.566291;0.583029,1.02493;0.965896;0.975874;1.04519,1.0002877506316434,0.0059809054914709,0.0190908735020427,4,2000,1000,5000
all_four,20260912,arm2a,pla,True,1.0061221285892494,1576.7059461434912,45,1.2218945007219837,0.511486149940336,0.3026504884544035,4.452603184912497,0.0978077261680374,2.118716689072367,1.1975538059333637,0.2944590364691591,4.35697301176256,1000,4.2023129224621805,4.002145007324617,250.7792868318766,68.00891338563318,1.0,77.57275544864905,1.6520652337364936,240.1770980358124,101,a1b035cc3cd79d0f28990569aaabc6c73ecd56e796241a85bd2958ec27a9ae33,1.7226020888477545,0.8047187364243191,1.6520652337364912,1.2281994708270587,0.5168117701297457,1.23468;1.21303;1.20415;1.25915,1.76936;1.6636;1.65464;1.80379,1.000549729913855,0.0116818611896881,0.0375021076359519,0.507517;0.518994;0.510901;0.530369,0.819822;0.781682;0.770114;0.847091,1.000347721832566,0.005140255512831,0.0176816647940294,4,2000,1000,5000
all_four,20260912,arm2a,tv,True,1.0061221285892494,1576.7059461434912,45,1.55755803973932,0.3675147111689614,0.3690951750160476,6.585505647658638,0.0583603143110235,1.908646645152825,1.2321085581206097,0.3117504016370978,5.702951997212001,1000,1.554977814990789,1.6684888805141709,86.79724834338288,10.190262129574895,1.0,27.655260274877385,1.8416081841337049,240.1770980358124,101,a1b035cc3cd79d0f28990569aaabc6c73ecd56e796241a85bd2958ec27a9ae33,2.293461493695004,0.6175360371537875,1.8416081841336984,1.597491826969076,0.3892270861087982,1.60619;1.59648;1.59056;1.58527,2.29842;2.31384;2.26754;2.29611,0.9999174133580774,0.013672994321924,0.0096510707067894,0.399031;0.383871;0.39316;0.383781,0.617191;0.618548;0.616019;0.617401,1.000053436582746,0.0037145692138149,0.000518008420766,4,2000,1000,5000
anticipatory_spend,20260908,arm2a,meta,True,1.0057582678680483,1172.6978898999034,44,1.7708510949152036,0.7371576287091403,0.3810623352597718,7.606196935508376,0.1149089452957426,3.460537739936598,1.741089186817394,0.3732684733564315,7.466948398992112,1000,2.902068726425093,2.803719524735285,259.67972719126726,46.10373332108382,1.0,52.318977454498125,2.503109900293667,233.22761988639832,101,d805b6f9f379fec5168abeec9ffaf7078e1e90725a9c4a53259e741c11dbd6f8,2.638412670662716,1.2359004699669804,2.503109900293667,1.7394152231219673,0.7395985123058104,1.76935;1.72469;1.73594;1.73252,2.65737;2.66198;2.59528;2.63304,1.0000462959070016,0.0204440992204981,0.0152618329316266,0.752121;0.747238;0.727246;0.729587,1.25923;1.2502;1.20389;1.23039,1.000126814281704,0.0106532978190028,0.0122603361058738,4,2000,1000,5000
anticipatory_spend,20260908,arm2a,pla,True,1.0057582678680483,1172.6978898999034,44,1.9827278749423431,0.8898939830994352,0.3773713313707559,6.618955218571668,0.1213486370385915,3.1500648665187874,1.94963465793461,0.3717477785515874,6.531289102266521,1000,4.2082778152247355,3.9992683962614737,394.61756393448337,71.07142792188412,1.0,77.87111187997822,2.541071097435937,233.22761988639832,101,d805b6f9f379fec5168abeec9ffaf7078e1e90725a9c4a53259e741c11dbd6f8,2.649461761961637,1.2642528549069545,2.5410710974359256,1.9512301928294509,0.8612188448095875,1.87839;1.98288;1.91983;2.02643,2.56989;2.67185;2.58793;2.76781,1.0006444171227402,0.0292517069675034,0.0452985365798583,0.826022;0.886547;0.841342;0.890096,1.22567;1.27862;1.23039;1.32233,1.000599980320618,0.0128933327015729,0.0227567015267275,4,2000,1000,5000
anticipatory_spend,20260908,arm2a,tv,True,1.0057582678680483,1172.6978898999034,44,1.2046445462277262,0.5630045955431069,0.275432319055884,5.905689672176878,0.0982621482194926,2.943980036271588,1.1937776653791463,0.2732476020642593,5.892899539488887,1000,1.6632191141250114,1.6784918424104216,38.89100708981304,9.918681621098049,1.0,9.990275691852602,1.8659053315608296,233.22761988639832,101,d805b6f9f379fec5168abeec9ffaf7078e1e90725a9c4a53259e741c11dbd6f8,1.9534426880565308,0.9732089848857302,1.8659053315608305,1.2482855657426386,0.5594980808064038,1.24596;1.25653;1.24659;1.24582,1.97364;2.02032;1.88992;1.93482,1.00001909115206,0.0082334074779525,0.0277736008890834,0.555963;0.557402;0.561778;0.564523,0.978364;1.004;0.945382;0.965021,0.999957550416568,0.0050726805670172,0.0123026675337362,4,2000,1000,5000
anticipatory_spend,20260909,arm2a,meta,True,1.003705360648916,2415.31176159573,48,1.706569821213006,0.7319105281569255,0.3562544988389926,8.219446299028068,0.1148873565935469,4.368123462562567,1.6771198476518054,0.3509750768740172,8.085669141090944,1000,2.9022812779279774,2.802292011571141,277.34346084559013,47.154091673093106,1.0,52.51771991262367,2.5752451380175865,340.9187681674957,101,11f02ba74dfb6ef40fe93e27ba4d3fe811c6415db29341eeb90348173eb0dbb6,2.782566669886174,1.316414361441827,2.5752451380175785,1.6255765092282726,0.6903197603684412,1.64474;1.60721;1.66973;1.61292,2.83906;2.74747;2.87592;2.67241,1.000288056346548,0.018103886963247,0.0458878833734275,0.709069;0.677808;0.69538;0.684031,1.35939;1.29395;1.35261;1.2592,1.0003660347313046,0.007987898166461,0.0240403519110031,4,2000,1000,5000
anticipatory_spend,20260909,arm2a,pla,True,1.003705360648916,2415.31176159573,48,6.096665584234124,3.197224902405046,1.2928198949079013,11.563000650116674,0.5912067172917815,5.944514707258721,5.938830087266524,1.2689869404923844,11.340768563395915,1000,4.194886678532991,3.9836040021972514,1052.9583223001373,91.2107778232882,1.0,79.48104785030948,6.004516895527589,340.9187681674957,101,11f02ba74dfb6ef40fe93e27ba4d3fe811c6415db29341eeb90348173eb0dbb6,6.168768294233595,3.2963391968427076,6.004516895527621,5.905098579912746,3.0979760529046,5.76452;5.86592;5.94333;6.03544,6.07125;6.09639;6.14057;6.36633,1.0012147924680732,0.0520701909373899,0.0674384951691818,2.96893;3.11012;3.11415;3.17579,3.22326;3.28321;3.28119;3.39726,1.0011535671628309,0.027244534096753,0.036431496442388,4,2000,1000,5000
anticipatory_spend,20260909,arm2a,tv,True,1.003705360648916,2415.31176159573,48,1.1412092347211291,0.4865254341310399,0.2654435619709537,5.188000693953897,0.0967102057545512,2.5492941579242605,1.1352649394063827,0.2642852229890788,5.155043406247492,1000,1.663871333939262,1.6785063568927887,36.59357717229617,9.620374811925952,1.0,9.942057709390667,1.78207374506314,340.9187681674957,101,11f02ba74dfb6ef40fe93e27ba4d3fe811c6415db29341eeb90348173eb0dbb6,1.870604646555136,0.91992229757855,1.7820737450631394,1.2068051275738654,0.5336065380175076,1.19752;1.21921;1.20357;1.19654,1.88096;1.90977;1.8651;1.83083,1.000110922609993,0.0099045296351586,0.0164546313738415,0.544544;0.534627;0.535355;0.520148,0.925924;0.934403;0.916999;0.902265,1.0000586164321057,0.0045476282269962,0.0068681373432259,4,2000,1000,5000
anticipatory_spend,20260910,arm2a,meta,True,1.0054220157608271,1474.638720720488,44,1.4667249307861372,0.6541185867268815,0.332182391428247,6.118263147949589,0.1200477582542373,2.8028706026610894,1.436338126486148,0.3252980607164077,6.033853007651738,1000,2.907714705054078,2.807113036828301,209.58189329990225,44.5730461024246,1.0,51.84401064171163,2.0542628597635817,212.7681090831757,101,d1452e46e0b2cb93a6378ea421773f7026845c5b26670a324af8599fb734d560,2.1737014214826496,1.0048895623320706,2.054262859763578,1.4105027709331304,0.5885312366686682,1.43724;1.41299;1.40044;1.3841,2.21085;2.14166;2.17363;2.16906,1.0001991738047311,0.0114279251437441,0.0142247874380932,0.600992;0.595969;0.577873;0.579189,1.01873;0.996597;0.998697;1.00542,1.0003177211265228,0.0059134079222264,0.0049908970703209,4,2000,1000,5000
anticipatory_spend,20260910,arm2a,pla,True,1.0054220157608271,1474.638720720488,44,1.6648976910685762,0.7444793126778797,0.329743475808936,6.741319165399758,0.1141898778932288,3.0493070324475293,1.639162650499555,0.322909714649711,6.630643233226509,1000,4.216531588364098,4.010179465025744,351.3850254961403,71.25411827290685,1.0,76.73481961683959,2.2651810724919934,212.7681090831757,101,d1452e46e0b2cb93a6378ea421773f7026845c5b26670a324af8599fb734d560,2.3744006174159207,1.1432329016483307,2.2651810724919854,1.6687867282051507,0.730594485553733,1.62714;1.68709;1.65684;1.70877,2.34062;2.34407;2.33255;2.47976,1.0002076474435828,0.0176464189707868,0.0352531762707373,0.713861;0.738582;0.728682;0.743971,1.13466;1.12787;1.11909;1.19127,1.0002145797454678,0.0082964301819511,0.0163294735265018,4,2000,1000,5000
anticipatory_spend,20260910,arm2a,tv,True,1.0054220157608271,1474.638720720488,44,1.275798932710413,0.5627216874086103,0.294736658290478,5.766799208195272,0.105343101009967,2.9867753138468887,1.2672600868248505,0.2921885397571976,5.752652460328729,1000,1.6637237923184611,1.6784783898520508,41.51656217815396,10.109404943891228,1.0,10.034759555097704,1.9641046546738523,212.7681090831757,101,d1452e46e0b2cb93a6378ea421773f7026845c5b26670a324af8599fb734d560,2.0609721579784432,1.034304608457264,1.964104654673848,1.272591720488884,0.574621807593541,1.27219;1.27675;1.2756;1.26979,2.0811;2.09328;2.00658;2.06385,1.0000920930034565,0.0077352985563271,0.0191825598181556,0.574218;0.571161;0.582403;0.572598,1.03986;1.04341;1.01551;1.0383,0.9999749786220112,0.0044799384132628,0.006342530619178,4,2000,1000,5000
anticipatory_spend,20260911,arm2a,meta,True,1.0029199796788806,1284.42943694116,48,1.658340131452306,0.6882134665524171,0.322435013806587,8.211324924522904,0.1121782017570408,4.214519412221654,1.6262956548425405,0.3165396818320283,8.100524431036222,1000,2.9043633730733034,2.806527630898091,265.76166793570593,46.83045581737798,1.0,51.92620131622419,2.515831832228612,262.7677080631256,101,bac1958634e27d71bb400d93130887150fafc18a43ee9deab10baa03c7f3bb3d,2.691075980591084,1.2761095688764483,2.5158318322286237,1.6223910249520248,0.6837537217381222,1.6499;1.59931;1.60168;1.65108,2.68715;2.61565;2.68011;2.77047,1.0002511514010406,0.0174891123669399,0.0317526999722219,0.696216;0.681327;0.669316;0.688205,1.28048;1.24836;1.26509;1.31097,1.0003446276166308,0.0098723583758913,0.0133093688419507,4,2000,1000,5000
anticipatory_spend,20260911,arm2a,pla,True,1.0029199796788806,1284.42943694116,48,1.9933881605564832,0.9109954875681656,0.3715153416146275,7.690869443399704,0.1304913498970585,3.9299450032892,1.9526745697908163,0.3625595802661774,7.614464501467447,1000,4.210414986892154,4.006532826791804,425.19484434762234,72.34804596830699,1.0,77.11598910265505,2.6922939305581117,262.7677080631256,101,bac1958634e27d71bb400d93130887150fafc18a43ee9deab10baa03c7f3bb3d,2.844797038603633,1.3770236255861217,2.692293930558116,1.9202577683876283,0.8447247876211574,1.87069;1.95052;1.88609;1.9667,2.8064;2.86;2.81162;2.89805,1.0003179800595552,0.0311388228967584,0.0216783921547805,0.818098;0.866129;0.833389;0.875999,1.35121;1.39444;1.34949;1.41279,1.0006050514016709,0.0126134514116729,0.0158298934234003,4,2000,1000,5000
anticipatory_spend,20260911,arm2a,tv,True,1.0029199796788806,1284.42943694116,48,1.2002029175105298,0.5401217709098143,0.2971868555472035,5.398313384414103,0.1016442156918193,2.8146571275023726,1.1922297868102183,0.2964191181048137,5.382227783736921,1000,1.6625159964527418,1.678468232672954,37.35781259310264,9.933859880370225,1.0,10.068216542636993,1.7898874640065754,262.7677080631256,101,bac1958634e27d71bb400d93130887150fafc18a43ee9deab10baa03c7f3bb3d,1.8676967232328003,0.9275755777673076,1.789887464006582,1.21429622882465,0.5404073135948102,1.19258;1.22343;1.22526;1.20866,1.83342;1.92813;1.8356;1.87366,1.0001109865775313,0.0091918864912879,0.0221602986056922,0.534091;0.538449;0.548466;0.539684,0.907005;0.957304;0.915503;0.93046,0.999956930351543,0.0047777239953915,0.0110339483649822,4,2000,1000,5000
anticipatory_spend,20260912,arm2a,meta,True,1.007167951785271,2800.3040344686883,43,2.1180233847726484,0.942763118097322,0.3943175373497972,12.516076956255231,0.1331597357932482,7.040687616974973,2.0861538918597597,0.3865454776039069,12.301595518570666,1000,2.9023714275065187,2.8039695350082185,429.4822527707934,50.28057839678604,1.0,52.28410645673309,3.788532787484254,382.3668940067291,101,0d747ea871353e7f7028d8ea071f079df47a4b1da5c87cb1d5370b657397ed67,4.1874281911378315,2.0528148874363294,3.788532787484239,2.1377611642209624,0.9452263588675096,2.10879;2.10161;2.23251;2.1302,4.01022;3.95081;4.59948;4.18699,1.0010215338189183,0.032703458742002,0.1463943409802568,0.927535;0.937594;0.967114;0.944818,1.97179;1.93615;2.25525;2.04808,1.0010599912667075,0.0157820171547773,0.0714004114748319,4,2000,1000,5000
anticipatory_spend,20260912,arm2a,pla,True,1.007167951785271,2800.3040344686883,43,3.145767963524489,1.42700565203717,0.3959308209626739,11.695748202805175,0.1584298891779203,6.756366492904649,3.0959553732406784,0.3861331124464031,11.50884485872303,1000,4.207688416877283,3.9963323967825857,715.4004759109126,82.10487106581513,1.0,78.17474633029582,4.098931238947238,382.3668940067291,101,0d747ea871353e7f7028d8ea071f079df47a4b1da5c87cb1d5370b657397ed67,4.463452605722724,2.286449191266768,4.09893123894725,2.926993598626498,1.3769651763082993,2.8704;2.90295;3.17172;2.81495,4.40348;4.31334;4.65545;4.46328,1.0005495562057771,0.0522201131125856,0.0724065800042388,1.31828;1.3654;1.47725;1.31112,2.24604;2.20582;2.42015;2.27264,1.0006597414557987,0.0296749199773552,0.0467267668305946,4,2000,1000,5000
anticipatory_spend,20260912,arm2a,tv,True,1.007167951785271,2800.3040344686883,43,1.2571139277293903,0.576988199653427,0.2592091953648257,5.706889560301562,0.0997913910479092,3.0270557849003135,1.252347823564924,0.2564988092731564,5.659476060064225,1000,1.6622360141231436,1.678473536204923,39.22908971399074,9.881659704882903,1.0,10.050760994499086,1.8866016836046464,382.3668940067291,101,0d747ea871353e7f7028d8ea071f079df47a4b1da5c87cb1d5370b657397ed67,1.9681046424635744,0.9757038888129392,1.886601683604643,1.2469804486372813,0.5525700247423858,1.26591;1.23365;1.26269;1.23163,1.9451;1.97074;2.04866;1.91441,1.0003644118834776,0.0106756118878066,0.0287190726789781,0.564356;0.539471;0.563072;0.541815,0.974808;0.967513;1.01831;0.941869,1.000543108213458,0.0051043553264548,0.0158841973674411,4,2000,1000,5000
budget_feedback,20260908,arm2a,meta,True,1.0076397229887315,1532.684892198722,46,1.702352541071555,0.7494940926913629,0.3442178112517227,8.511019203235332,0.1218443046739882,4.544249111779,1.6900928303968947,0.3410842028014055,8.476130727370021,1000,2.946887871859854,2.881461021336181,231.60455926693743,42.09610967348102,1.0,40.29214899918812,2.63939021168808,299.6331331729889,101,3c7b34779c1b5b47fda037a238a12854a4dfb68c2c6e41a08b4d77b6788156ee,2.8111355064209915,1.4363438525694932,2.639390211688068,1.6374590500412567,0.7493471594513139,1.63672;1.64197;1.64564;1.62373,2.76417;2.6804;2.88651;2.91034,1.0000534498773788,0.0200828132905085,0.0538659089618837,0.745497;0.741209;0.779498;0.734687,1.41755;1.36637;1.47931;1.48203,1.0001244988452591,0.010640097845595,0.0276635663449144,4,2000,1000,5000
budget_feedback,20260908,arm2a,pla,True,1.0076397229887315,1532.684892198722,46,1.7431006382422585,0.8287950644591009,0.3537153035119479,7.580569020580334,0.1198723179265018,4.174153118932365,1.7310880980217755,0.3491766648950516,7.546132283208838,1000,4.307267671937496,4.152710652363556,344.1482430047042,63.86475445974819,1.0,60.4168005695642,2.622241925772431,299.6331331729889,101,3c7b34779c1b5b47fda037a238a12854a4dfb68c2c6e41a08b4d77b6788156ee,2.769101520523583,1.422962474671146,2.622241925772435,1.7953211632121544,0.8291146480692022,1.77845;1.78581;1.81939;1.79439,2.74615;2.76649;2.77025;2.7895,1.000269174832856,0.0238858541256602,0.0088828265049553,0.808411;0.833002;0.845618;0.833726,1.40202;1.42967;1.42323;1.43671,1.000363936441144,0.0138700850746407,0.0074866415279875,4,2000,1000,5000
budget_feedback,20260908,arm2a,tv,True,1.0076397229887315,1532.684892198722,46,1.2592354291809107,0.559881174353186,0.2774669457313041,5.968815244724329,0.0976654420277118,3.037003284028855,1.2523835967597112,0.2749649606416278,5.940367683557217,1000,1.6630242060065947,1.678482919527451,40.510728705184896,9.817060042752583,1.0,10.019803202443066,1.9373691494780296,299.6331331729889,101,3c7b34779c1b5b47fda037a238a12854a4dfb68c2c6e41a08b4d77b6788156ee,2.0421942826568764,1.010660994892914,1.937369149478023,1.2713142245360085,0.560289413167441,1.27349;1.29053;1.28214;1.24072,2.02425;2.13466;2.01759;1.9948,1.0000404471973676,0.0097000931519001,0.0312530187906641,0.563936;0.558067;0.571453;0.551105,0.999368;1.04987;1.002;0.991304,1.00005862425873,0.0049037467818469,0.0132740301179818,4,2000,1000,5000
budget_feedback,20260909,arm2a,meta,True,1.0018099377659904,1907.883173474868,47,1.2648790980098914,0.5798448317553657,0.3093870099979951,5.649535279078854,0.1059116631691676,2.8704269626883856,1.2505853900882171,0.3081560908730835,5.560761858891009,1000,2.9476928434369194,2.88028435391783,163.64129603095813,40.403883984287994,1.0,40.49711690948701,1.9367103605299685,330.98174476623535,101,6e9523eb5d5792776ce76348477bf76033c6e7de9fb8da6537a468d608dd4aa2,2.0227351234606252,1.0102020316298332,1.9367103605299787,1.3103958481393465,0.5835830082346751,1.33933;1.27465;1.2987;1.32734,2.04661;1.95125;2.04886;2.05274,1.000051721937132,0.0112261698568199,0.0245729917411966,0.589565;0.573629;0.586564;0.587212,1.01908;0.983564;1.01123;1.02669,1.00004710703565,0.0060650761759364,0.0094044643053568,4,2000,1000,5000
budget_feedback,20260909,arm2a,pla,True,1.0018099377659904,1907.883173474868,47,2.2072598904358873,1.1232584488426465,0.3777482838322425,10.170731907398675,0.1489594554776628,5.659058706554744,2.1843907258940587,0.3744103233927084,10.137678602475424,1000,4.307067362636533,4.1469609959965315,445.66246479800026,68.35113941206882,1.0,61.14314302347835,3.2427367831025222,330.98174476623535,101,6e9523eb5d5792776ce76348477bf76033c6e7de9fb8da6537a468d608dd4aa2,3.4415609432008596,1.8165636962783271,3.242736783102509,2.0925375463768665,0.9944854831804532,2.09362;2.02738;2.03823;2.18815,3.47027;3.39179;3.34971;3.55064,1.0009325931164246,0.0359542560854531,0.0443772921888421,0.972915;0.997531;0.975226;1.02974,1.81272;1.80994;1.77214;1.87075,1.0011279790497427,0.0230556825567065,0.0203467944602266,4,2000,1000,5000
budget_feedback,20260909,arm2a,tv,True,1.0018099377659904,1907.883173474868,47,1.2354940630184568,0.555504703006292,0.2672194736457148,5.8461736360528604,0.1039627505462301,2.7764242499550216,1.2283620131663464,0.2659193899200808,5.750841571318666,1000,1.6645042781615726,1.6785026198927973,37.57253845549833,9.693872024004364,1.0,9.954494501556823,1.831660736257369,330.98174476623535,101,6e9523eb5d5792776ce76348477bf76033c6e7de9fb8da6537a468d608dd4aa2,1.9122474332214343,0.9434413756127707,1.831660736257381,1.2352848127769227,0.5456209166207544,1.21737;1.25656;1.23332;1.2356,1.92553;1.96166;1.89199;1.87223,0.9999969841333894,0.0095634440845074,0.0196386104604835,0.550193;0.547214;0.541108;0.546378,0.952862;0.953814;0.938643;0.928162,1.0001878898557863,0.0048336951408859,0.0061428449573711,4,2000,1000,5000
budget_feedback,20260910,arm2a,meta,True,1.035578225762635,453.4855469966999,48,1.762055298087697,0.8098760451206233,0.3546545497654718,8.378689622596639,0.124628538136483,4.2541506148087835,1.7449609187504282,0.3532915138391529,8.346017805599402,1000,2.946798646796758,2.8814402405787205,229.36650268659668,42.18953070728585,1.0,40.295776948862944,2.6144883478331327,236.11989212036133,101,8077cf22e698747e81f30a26e824f485e32651319ee756bfec3af1b183c30c54,2.7806952438456327,1.422268171036677,2.614488347833123,1.6322945601275267,0.7475019075285607,1.60655;1.56087;1.761;1.59832,2.76053;2.68936;2.85064;2.82802,1.000634153722321,0.0276384080890795,0.0363683076739762,0.734515;0.729765;0.806579;0.721082,1.4107;1.36616;1.46918;1.44299,1.0008529914966298,0.0135559308896437,0.0221951097637875,4,2000,1000,5000
budget_feedback,20260910,arm2a,pla,True,1.035578225762635,453.4855469966999,48,1.670540417713628,0.772359246305194,0.364111233762643,8.064352215196937,0.129261411560381,4.0262928517465175,1.657807565867934,0.3614704846873602,8.027213425196093,1000,4.3087329769087805,4.158490371573706,330.3100038669277,61.78527680497867,1.0,59.679123609575655,2.6033316208198247,236.11989212036133,101,8077cf22e698747e81f30a26e824f485e32651319ee756bfec3af1b183c30c54,2.719397640292873,1.3832755587684542,2.603331620819814,1.597539611257311,0.7402729722096411,1.50572;1.53362;1.74318;1.63599,2.40264;2.43733;3.44476;2.589,1.0073018427229767,0.030091026537655,0.2454685216239126,0.693767;0.714976;0.821205;0.747069,1.21431;1.24434;1.7547;1.31961,1.006950215723052,0.0153116904593617,0.1257854303754259,4,2000,1000,5000
budget_feedback,20260910,arm2a,tv,True,1.035578225762635,453.4855469966999,48,1.190693876062673,0.556697219222195,0.3122694735707328,6.260547665965727,0.1004901595140533,2.996248459023316,1.1854568092024484,0.3092373731701735,6.224038914645972,1000,1.6636298388937405,1.678473688837916,38.01298470586881,9.92140999195189,1.0,10.050258154604991,1.8227653596433817,236.11989212036133,101,8077cf22e698747e81f30a26e824f485e32651319ee756bfec3af1b183c30c54,1.9033455005821456,0.9455329908754978,1.8227653596433804,1.2214333208268917,0.5466826007147159,1.21621;1.25422;1.18622;1.23784,1.90421;2.00873;1.79504;1.9161,1.001241516996506,0.0127121221053579,0.0437517190674759,0.544771;0.550973;0.538438;0.555198,0.938033;0.992016;0.903488;0.948259,1.0014601268129386,0.0052424733748028,0.0182394203266726,4,2000,1000,5000
budget_feedback,20260911,arm2a,meta,True,1.0042531868885392,1092.9149605407526,43,1.5595263491585896,0.7275498398893008,0.3576360889161924,6.892013911741468,0.1187047494576262,3.4322405865668437,1.5524361676467544,0.3539280415931238,6.853061504393837,1000,2.949104827921867,2.883373548797492,195.00649296211043,40.801537726830034,1.0,39.95699599093332,2.302012360684117,232.07551383972168,101,023b02245b160fa7eb22f3e904f8347acf5d9825682dc0afeb7d91b7fe2dd12d,2.41468590358046,1.2199688837687686,2.3020123606841225,1.4763127304787198,0.6710997783844856,1.45577;1.44369;1.49318;1.51731,2.37897;2.31632;2.39533;2.5722,1.0002060396374068,0.0143681312367888,0.0548728748806311,0.66096;0.654677;0.675437;0.698064,1.20934;1.17918;1.19597;1.29513,1.0002532224427052,0.0074949700502002,0.0258232613210432,4,2000,1000,5000
budget_feedback,20260911,arm2a,pla,True,1.0042531868885392,1092.9149605407526,43,1.3853497792303195,0.6440527034866734,0.3028028731930003,5.505497556459307,0.108289532248295,2.771200882696222,1.3799613268218798,0.3018003259221523,5.482239673936703,1000,4.309191437741639,4.159250179758789,245.4704941434744,58.46708423107434,1.0,59.58157081925982,2.0018448949238703,232.07551383972168,101,023b02245b160fa7eb22f3e904f8347acf5d9825682dc0afeb7d91b7fe2dd12d,2.0794010235763336,1.0298847966841904,2.0018448949238663,1.371640984252382,0.6090756060661043,1.34229;1.34602;1.3857;1.41166,2.05117;2.03408;2.08084;2.15147,1.0001801330390476,0.0136019378023726,0.0258970146178771,0.592587;0.601515;0.614775;0.634412,1.00906;1.01417;1.02776;1.06845,1.0002535942947148,0.0073188134288539,0.0134541608516035,4,2000,1000,5000
budget_feedback,20260911,arm2a,tv,True,1.0042531868885392,1092.9149605407526,43,1.2407053528758736,0.5666402669183268,0.3071536256695231,6.1167926866761855,0.1083574849459446,3.0915506167567073,1.231335217147001,0.3055513236564466,6.065803435600767,1000,1.6628615399989153,1.6784665725527228,39.02442456998902,9.919243477850411,1.0,10.073674314947365,1.8553991431961527,232.07551383972168,101,023b02245b160fa7eb22f3e904f8347acf5d9825682dc0afeb7d91b7fe2dd12d,1.951912420909725,0.968417656704116,1.8553991431961492,1.2377871868223005,0.5510741933476393,1.2377;1.23252;1.2315;1.24538,1.93126;2.01755;1.88514;1.96928,1.000053191988264,0.0079360547064247,0.0281233520219943,0.551702;0.539762;0.555596;0.558438,0.958599;0.998351;0.944975;0.971643,1.000256048175423,0.0045188867841924,0.0113736731433825,4,2000,1000,5000
budget_feedback,20260912,arm2a,meta,True,1.0045580392490403,1492.2133692891266,43,1.3001193875778911,0.5850187786415098,0.3074106411724229,5.126078827781454,0.1116583616578133,2.428658683928237,1.2889050782284714,0.3057128998494747,5.068216344904433,1000,2.9464748398077996,2.8811393261099396,146.82082122111876,39.08252473467344,1.0,40.34827857889146,1.7664261423154373,246.53622603416443,101,862f168881e95a34484abfc2577eea038c76d083119f50becaa71b457a712aa5,1.8484116375044295,0.9094783222033094,1.766426142315444,1.215352851457147,0.5301541561581035,1.23138;1.19386;1.22871;1.20436,1.87119;1.78592;1.84907;1.88672,1.000283691276845,0.0102535793248202,0.0221577400957761,0.545604;0.528293;0.519041;0.528693,0.922501;0.885972;0.906845;0.922501,1.0002726592681097,0.0051868953924511,0.0086539625804863,4,2000,1000,5000
budget_feedback,20260912,arm2a,pla,True,1.0045580392490403,1492.2133692891266,43,1.2947276131412586,0.6007924277703731,0.3061878321254987,5.678745679967963,0.1102382670627274,2.8418571557130297,1.2864112325939454,0.305250348867329,5.648063185007037,1000,4.307305966340155,4.150442629352347,240.16345119509725,59.4493298784808,1.0,60.70419317186872,1.9122586436557725,246.53622603416443,101,862f168881e95a34484abfc2577eea038c76d083119f50becaa71b457a712aa5,1.9988049047422305,0.98896486287934,1.9122586436557616,1.2899960756876792,0.5740932364963929,1.24503;1.30399;1.27657;1.33603,1.96513;1.9478;1.91671;2.16555,1.0009043924641348,0.0110544018985626,0.0564803240863351,0.548739;0.580565;0.578756;0.59052,0.965368;0.97141;0.945444;1.07352,1.0007396130632396,0.0061704953108293,0.0287344552187629,4,2000,1000,5000
budget_feedback,20260912,arm2a,tv,True,1.0045580392490403,1492.2133692891266,43,1.277378998683524,0.5930882132525267,0.3080543280950743,6.138217815449871,0.1087020986288876,3.3770028689076415,1.2671066941410292,0.3069276972701723,6.049947906779473,1000,1.662024240961589,1.678463465169645,41.19483868912114,10.03511470800013,1.0,10.08388217525023,1.9379333281155384,246.53622603416443,101,862f168881e95a34484abfc2577eea038c76d083119f50becaa71b457a712aa5,2.047559275851224,1.0212980485756658,1.937933328115529,1.2754534050855364,0.5691421290893572,1.28702;1.27322;1.28356;1.2594,2.03801;2.12338;1.98848;2.04087,1.0000568673390238,0.0105554222821078,0.0279500952755304,0.574991;0.562687;0.581235;0.557695,1.01473;1.05348;1.0021;1.01473,0.9999861357747236,0.00531901806041,0.0111447624321538,4,2000,1000,5000
none,20260908,arm2a,meta,True,1.0040555131514282,1236.1729061025922,46,1.6780577703506658,0.8106291259766971,0.3636082968703444,7.623946230841304,0.1400680714529817,3.9917886346323392,1.671176381959811,0.361478997438757,7.58280806546787,1000,2.9478910760347588,2.8820788829994513,223.83358268359768,42.50866680335854,1.0,40.18414769943393,2.5512731149066794,232.1875057220459,101,736d3679e11760c8fe924056505ab728b1a5d031447b2106d96087f394edaee2,2.7068081311471026,1.3914486513859925,2.551273114906683,1.5943128327055738,0.7351814725507261,1.58848;1.58087;1.61034;1.60024,2.72217;2.59434;2.77953;2.73002,1.0001669475367696,0.0189389173402203,0.0394891178767499,0.722685;0.716811;0.760767;0.747982,1.39813;1.33257;1.43001;1.40505,1.000117469824082,0.0112298825709822,0.0207838365944754,4,2000,1000,5000
none,20260908,arm2a,pla,True,1.0040555131514282,1236.1729061025922,46,1.666929393593011,0.8140921018486587,0.3521521111830052,8.58557263640411,0.1234346677003997,4.283198167884045,1.6596850461184165,0.3494208556701085,8.507947026898846,1000,4.309408624341329,4.154118209407462,352.47771876576616,64.79212794520721,1.0,60.237858000361825,2.6686859230521165,232.1875057220459,101,736d3679e11760c8fe924056505ab728b1a5d031447b2106d96087f394edaee2,2.819145472184688,1.460917020605062,2.668685923052125,1.7368909005614832,0.8142979671997015,1.67561;1.74118;1.78196;1.75014,2.79978;2.76727;2.82705;2.88257,1.001230846483645,0.0295926873769076,0.0244126873696396,0.772387;0.825669;0.828537;0.822148,1.4422;1.43929;1.46743;1.49468,1.000880507056754,0.013895547611996,0.0129101025145372,4,2000,1000,5000
none,20260908,arm2a,tv,True,1.0040555131514282,1236.1729061025922,46,1.2794227656462096,0.5746843991336205,0.2985318026017878,6.071947818548474,0.1057629069485923,3.098730742514456,1.269135483197951,0.2974141599875877,6.0515728601469805,1000,1.6632191141250114,1.6784918424104216,40.93810802242987,9.940435403686058,1.0,9.990275691852602,1.9522160164990183,232.1875057220459,101,736d3679e11760c8fe924056505ab728b1a5d031447b2106d96087f394edaee2,2.0540214459078463,1.0244425025407748,1.9522160164990137,1.2772447424943636,0.5676828844800792,1.24326;1.28868;1.29356;1.27923,1.97898;2.12643;2.07555;2.04147,0.999902205098865,0.0086240266064422,0.030937130903455,0.554895;0.559422;0.575672;0.581379,0.98761;1.05271;1.0316;1.0257,1.0000158871241345,0.0050910512251625,0.0135669700820419,4,2000,1000,5000
none,20260909,arm2a,meta,True,1.0028747841048236,1485.213121182494,49,1.3037531728315803,0.5907698925824844,0.3016177066721677,5.451540178407278,0.1085248386976107,2.537789650882955,1.294709656427996,0.3009817598141267,5.407380104073602,1000,2.947537489551566,2.880446927917512,151.62926720492828,39.34203560124962,1.0,40.46885274436602,1.8207522882623004,264.50977993011475,101,5d4c83aa5feb5fc2de602cdb7a7801fc2333b44f8c9e1b221370986c629db7b8,1.8998569035882429,0.9365168046592742,1.8207522882622895,1.2486712794292536,0.554294372492548,1.25723;1.234;1.23302;1.26965,1.90308;1.89184;1.87003;1.93805,1.0001480387122634,0.0093176174315566,0.014200368750789,0.574712;0.546144;0.541697;0.556906,0.94446;0.938556;0.911339;0.951453,1.0001205355255975,0.0051632505890165,0.0087760149756518,4,2000,1000,5000
none,20260909,arm2a,pla,True,1.0028747841048236,1485.213121182494,49,1.920947925932925,0.9415556113128394,0.3604459980047381,8.581850933839533,0.1288299974470317,4.99457221283989,1.9105778167749905,0.3570989831471626,8.56235151218547,1000,4.307344100278896,4.147220200695105,371.7074986988928,66.49961252053991,1.0,61.11055535994707,2.766324276515705,264.50977993011475,101,5d4c83aa5feb5fc2de602cdb7a7801fc2333b44f8c9e1b221370986c629db7b8,2.9128360605795507,1.5179234776196648,2.766324276515702,1.8344581288302129,0.8536403274389208,1.80036;1.82954;1.80005;1.92829,2.92429;2.90829;2.81829;3.00609,1.0003045589632469,0.0302367822794664,0.0384906149580879,0.816204;0.869375;0.840913;0.885743,1.51092;1.5225;1.47367;1.56467,1.000475450959732,0.0173195206594408,0.0187391020951789,4,2000,1000,5000
none,20260909,arm2a,tv,True,1.0028747841048236,1485.213121182494,49,1.1883232263593122,0.5237823820375833,0.2899516448039926,5.272848090960395,0.0920397350344596,2.890020529374058,1.1799943575754237,0.2894418742615032,5.261662420115442,1000,1.663871333939262,1.6785063568927887,37.009008082016805,9.656299512836442,1.0,9.942057709390667,1.8161118604864597,264.50977993011475,101,5d4c83aa5feb5fc2de602cdb7a7801fc2333b44f8c9e1b221370986c629db7b8,1.8883729724062652,0.9304195680124672,1.8161118604864528,1.2305682699911298,0.5401038832900105,1.21611;1.24018;1.23788;1.22612,1.88285;1.94353;1.8539;1.87295,0.9999539367910916,0.0079168323717363,0.0193643242300758,0.535078;0.540957;0.547477;0.537607,0.92879;0.949246;0.920646;0.922873,0.9999730792566384,0.0046450439206413,0.0065163374706145,4,2000,1000,5000
none,20260910,arm2a,meta,True,1.0064927624268356,1059.1601874950636,47,1.6409791670177003,0.7797429096007267,0.3868340617685312,8.609027057222347,0.1349080247031325,4.55994479271693,1.6233790022922208,0.385933615352691,8.58917609157169,1000,2.9477419815247665,2.8820106347014613,229.03781801014793,42.15130710511493,1.0,40.19609013929927,2.615818773409854,224.21050596237183,101,5d3c2219efea4ce5e1e0fccd92793a1b5c723bc19b672d555f0db0c4743247e0,2.7813607433194747,1.423700020449971,2.6158187734098677,1.591234046667353,0.7342641032482449,1.58752;1.5807;1.59405;1.59876,2.7728;2.63187;2.82309;2.90289,1.0001315768124952,0.018243409135056,0.0569527247387541,0.73119;0.732924;0.734589;0.739161,1.42185;1.35704;1.43117;1.48464,1.0001775812525018,0.0103186300093241,0.0261668166050929,4,2000,1000,5000
none,20260910,arm2a,pla,True,1.0064927624268356,1059.1601874950636,47,1.587487596219173,0.7258059213875905,0.3337475901696431,6.706978312802952,0.1206275368148016,3.443782911669481,1.5826418703133625,0.3323070132435169,6.69000518766069,1000,4.309503497520344,4.158863835444871,273.98955397207175,60.19661256976984,1.0,59.63119106290575,2.182796114753735,224.21050596237183,101,5d3c2219efea4ce5e1e0fccd92793a1b5c723bc19b672d555f0db0c4743247e0,2.286527380673429,1.1486583166220363,2.1827961147537316,1.497110781260702,0.6769877510454496,1.45645;1.4776;1.5019;1.54246,2.28136;2.2772;2.22463;2.35607,1.0001800509048009,0.0167597708184031,0.0270330599994479,0.653269;0.687697;0.675002;0.697682,1.14366;1.15101;1.11254;1.18731,1.000266535598508,0.0086569546779026,0.0153525844544075,4,2000,1000,5000
none,20260910,arm2a,tv,True,1.0064927624268356,1059.1601874950636,47,1.2219873050384544,0.5572197757382513,0.2895451363616684,5.859556997484644,0.1000204192946963,3.0847403982283383,1.214166525434922,0.2865450851820497,5.825425431173852,1000,1.6637237923184611,1.6784783898520508,38.39062135667691,10.052903696890665,1.0,10.034759555097704,1.8326433071599544,224.21050596237183,101,5d3c2219efea4ce5e1e0fccd92793a1b5c723bc19b672d555f0db0c4743247e0,1.9111541683613615,0.9564402096662992,1.8326433071599464,1.236027595232712,0.5527060231735704,1.21783;1.25604;1.23084;1.23695,1.90746;1.95727;1.88035;1.89827,0.9999278345686172,0.0074035484602975,0.0164707457491975,0.550682;0.553326;0.555082;0.550583,0.955036;0.978949;0.943439;0.948325,1.0000765975469248,0.0038412911111284,0.0078713838315898,4,2000,1000,5000
none,20260911,arm2a,meta,True,1.0062557928791491,1253.5164597539133,43,1.4681413260379983,0.6502794278218164,0.3465994775629139,6.501043449994798,0.1094204718040755,3.294496962019272,1.4531697102378764,0.3429470860611717,6.477866215051738,1000,2.9492075194394087,2.883195957737079,179.3530706612126,40.538358288264035,1.0,39.98822300208582,2.1339438925282295,224.64221692085263,101,3c221baea98377492ed18d237d4d81d4661e62c8c31521e43debb69dd19d7f9a,2.227253011207939,1.1212344960280725,2.1339438925282126,1.3996503407138832,0.6325332057208541,1.39551;1.37941;1.39846;1.42104,2.22611;2.18404;2.20256;2.29903,1.000338646381128,0.0112581061783557,0.0252137784736992,0.631873;0.627052;0.640986;0.630335,1.12179;1.10727;1.09893;1.15682,1.0003054128796292,0.0073451632530555,0.012776377296322,4,2000,1000,5000
none,20260911,arm2a,pla,True,1.0062557928791491,1253.5164597539133,43,1.3036926896565486,0.593743049045302,0.2955285568090363,5.029349442704654,0.1131225975114228,2.4134650511307982,1.293425935170669,0.2947232843708617,5.011108542677902,1000,4.309486860331124,4.158702688140481,225.68642888489893,58.21295803886347,1.0,59.651877675452944,1.8530536923494367,224.64221692085263,101,3c221baea98377492ed18d237d4d81d4661e62c8c31521e43debb69dd19d7f9a,1.9147901705978112,0.9457069995814712,1.8530536923494365,1.2955878987260605,0.5693166151628115,1.27036;1.28373;1.311;1.31482,1.87651;1.8837;1.95208;1.94614,1.0004205510125863,0.0134880928455799,0.0200117388343557,0.552076;0.571471;0.578779;0.579106,0.929299;0.932564;0.957684;0.963233,1.0002828381981854,0.0059111301617095,0.0086242955307205,4,2000,1000,5000
none,20260911,arm2a,tv,True,1.0062557928791491,1253.5164597539133,43,1.2266010292307086,0.5629637302472243,0.2900592677579207,5.642041563240132,0.0969925948712166,2.78513278556339,1.2182947378993043,0.2886194222318567,5.62624593137795,1000,1.6625159964527418,1.678468232672954,38.329658909228016,9.921633306763471,1.0,10.068216542636993,1.81921844594626,224.64221692085263,101,3c221baea98377492ed18d237d4d81d4661e62c8c31521e43debb69dd19d7f9a,1.917456068854744,0.9516977960619718,1.8192184459462517,1.2376264796418126,0.5483225344782434,1.23395;1.24535;1.23339;1.23755,1.927;1.97552;1.88675;1.88085,1.0000971426008287,0.0081634058901753,0.0218794078247841,0.552453;0.542452;0.551184;0.548259,0.956455;0.975327;0.943054;0.931876,0.999973157542742,0.0053288468418909,0.0093478750529757,4,2000,1000,5000
none,20260912,arm2a,meta,True,1.0076140206075714,1303.9772808441446,43,1.2474443891979858,0.5618528492142096,0.3015460924489313,4.603263400006051,0.0991984575324178,2.1732299736378713,1.2346783274879969,0.3001324480095034,4.593349049049707,1000,2.9470246411349903,2.881613063270842,136.44416319858917,38.47413720105514,1.0,40.26559630792459,1.663406231961459,250.81568503379825,101,668e83a0bd1cfa11ffe376d00d8bf8dce5ef52249861c46861f0637a5b0d4e1d,1.7328502030430248,0.8467125003361613,1.6634062319614489,1.1635087290452832,0.5083006733913198,1.16765;1.13579;1.16006;1.19784,1.77268;1.67511;1.72672;1.7569,1.000095816516367,0.0089003681175473,0.0214794580353498,0.519635;0.497676;0.496239;0.51832,0.872593;0.820326;0.836893;0.856934,1.000245632596105,0.0048235155719432,0.0114271324302131,4,2000,1000,5000
none,20260912,arm2a,pla,True,1.0076140206075714,1303.9772808441446,43,1.186033317340578,0.529653667958886,0.2752934136416827,4.919057700283904,0.0880914507742247,2.3607740754290885,1.179298144253032,0.2743650331155237,4.898401571821652,1000,4.308712567815476,4.1518276697393475,209.21404139331528,57.93007320484982,1.0,60.52882510087917,1.700388744613346,250.81568503379825,101,668e83a0bd1cfa11ffe376d00d8bf8dce5ef52249861c46861f0637a5b0d4e1d,1.7661319190505858,0.8636932564005305,1.700388744613344,1.182574212045198,0.5202456551935004,1.16575;1.17158;1.18251;1.21871,1.73431;1.70139;1.81337;1.81558,1.0002499593432015,0.0097750143323143,0.028693639716298,0.512658;0.521312;0.520594;0.526794,0.848394;0.839088;0.881184;0.886009,1.0002134075637907,0.0050066258358517,0.0117024755203745,4,2000,1000,5000
none,20260912,arm2a,tv,True,1.0076140206075714,1303.9772808441446,43,1.2509346132548234,0.5732558820469466,0.2953635768055363,5.808745861537039,0.1012054486279113,2.9761424311991385,1.242151378246254,0.2949873221362626,5.774511711522196,1000,1.6622360141231436,1.678473536204923,39.430522757394655,9.907348445100746,1.0,10.050760994499086,1.8881350833740127,250.81568503379825,101,668e83a0bd1cfa11ffe376d00d8bf8dce5ef52249861c46861f0637a5b0d4e1d,1.975664221940716,0.9807338699157856,1.8881350833740111,1.2519706355441609,0.5547891075059723,1.2447;1.27353;1.24842;1.25276,1.93968;2.07632;1.9271;1.96585,1.0002246305992557,0.0080576233604546,0.0339996777529146,0.553896;0.550915;0.564453;0.549508,0.964961;1.02396;0.958206;0.975714,1.0001181675294208,0.0047974535008523,0.0148599458986146,4,2000,1000,5000
performance_chasing,20260908,arm2a,meta,True,1.003932488611997,1410.560097497457,46,1.581891342633218,0.7656688200050503,0.3655032715922316,8.129671664699346,0.119448834058831,4.1221044810140555,1.5727247251198784,0.3644978147080592,8.09570557686317,1000,2.9478910760347588,2.8820788829994513,221.93800172667773,42.26766671272155,1.0,40.18414769943393,2.531885480902968,276.0653429031372,101,a98e57816fab67fb99bb98b427d1d6fe9e3cb9a086267bd2a49019c144d3f9c2,2.691729749175277,1.379874257470313,2.5318854809029725,1.5711845071728303,0.7208230375517146,1.57062;1.56005;1.57757;1.57895,2.73205;2.58122;2.7459;2.71057,1.0001775818067606,0.0148512367985367,0.0377774999619425,0.739099;0.712278;0.719031;0.715657,1.39837;1.32961;1.40983;1.38167,1.000125882226927,0.0092345190646103,0.0177238070002382,4,2000,1000,5000
performance_chasing,20260908,arm2a,pla,True,1.003932488611997,1410.560097497457,46,2.158191346181607,1.034019914956509,0.4270497684045811,7.144958359772678,0.1632144859441548,3.396581845480408,2.1242878424171137,0.4226211658068257,7.052106399876539,1000,4.29041791942621,4.149574999118227,353.7587854920355,61.46717374384647,1.0,60.81383084478317,2.806613080570267,276.0653429031372,101,a98e57816fab67fb99bb98b427d1d6fe9e3cb9a086267bd2a49019c144d3f9c2,2.8929986851361695,1.454227938819708,2.806613080570268,2.1897016975853054,1.0321411059698962,2.15756;2.22465;2.18927;2.18295,2.93772;2.90748;2.85493;2.86836,1.0001504567267607,0.0289342067987468,0.0188474616252998,1.04136;1.05747;1.02553;1.00616,1.46717;1.46953;1.44387;1.43613,1.0002680853841022,0.0156554818234614,0.0083489742635396,4,2000,1000,5000
performance_chasing,20260908,arm2a,tv,True,1.003932488611997,1410.560097497457,46,1.2541479096529142,0.5647114396962211,0.289911309213224,6.020478141144208,0.0926951735198331,2.9436542196505187,1.2481272503801637,0.288468976480612,5.962916227948997,1000,1.6632191141250114,1.6784918424104216,40.31001317600167,9.953581811278086,1.0,9.990275691852602,1.9252744096978036,276.0653429031372,101,a98e57816fab67fb99bb98b427d1d6fe9e3cb9a086267bd2a49019c144d3f9c2,2.0211743475239934,1.008727838645992,1.9252744096978087,1.2745539897547955,0.5710795371310626,1.28233;1.264;1.28745;1.26907,2.00172;2.07699;1.99448;2.01219,0.9999443654996784,0.0098645630851396,0.0189009915534825,0.575002;0.560639;0.573562;0.572491,0.993699;1.03509;1.00451;1.0015,0.9999249521863264,0.0052208478440336,0.009086793107641,4,2000,1000,5000
performance_chasing,20260909,arm2a,meta,True,1.0055505996928278,1291.3985008211098,48,1.2939606462808737,0.5971520155468261,0.2914703309404783,5.046502130129545,0.1133441672352447,2.3963604457697003,1.2886190847491714,0.2905459816166766,5.0166059512249035,1000,2.947537489551566,2.880446927917512,146.39097114025853,39.18115985254158,1.0,40.46885274436602,1.7759572801188794,288.5462739467621,101,f3ff97ab651609772a1720dfa086c21ea4aeec737dddb31c546a84d44adfd980,1.837927783905236,0.9041071072890584,1.7759572801188828,1.2272997041573646,0.5398972618340574,1.2284;1.21125;1.23392;1.23456,1.85153;1.79743;1.84453;1.856,1.0002697997266146,0.0102067817602604,0.0135212487883346,0.540566;0.529317;0.54974;0.54203,0.911364;0.888635;0.901945;0.914465,1.0000953076818269,0.0062326476582775,0.0058023173979599,4,2000,1000,5000
performance_chasing,20260909,arm2a,pla,True,1.0055505996928278,1291.3985008211098,48,1.8029923062192683,0.7842723542855112,0.3314082409794449,6.430141740776827,0.1332029791357418,3.0134929302435696,1.77802553064214,0.3270859541247305,6.364041494004961,1000,4.295088030025803,4.146574860398926,283.38317800722103,58.38980624412905,1.0,61.19166149772538,2.2939087733271153,288.5462739467621,101,f3ff97ab651609772a1720dfa086c21ea4aeec737dddb31c546a84d44adfd980,2.369791769231101,1.1571331680368826,2.2939087733271104,1.722081303037862,0.7630509194463553,1.6762;1.71953;1.70875;1.78706,2.33896;2.32093;2.32422;2.49556,1.001545391458611,0.0242310641609244,0.0420627428728582,0.735779;0.771354;0.760338;0.787915,1.13244;1.13993;1.13579;1.22024,1.000797550023663,0.0094102165948352,0.021102680387475,4,2000,1000,5000
performance_chasing,20260909,arm2a,tv,True,1.0055505996928278,1291.3985008211098,48,1.2094655968637604,0.5365834181968454,0.2894293653661484,5.528954991917586,0.1002865133886785,2.7019175560842843,1.2060390950523154,0.2887037246346657,5.462680040189514,1000,1.663871333939262,1.6785063568927887,37.34056695169932,9.688541667474343,1.0,9.942057709390667,1.8216114539163335,288.5462739467621,101,f3ff97ab651609772a1720dfa086c21ea4aeec737dddb31c546a84d44adfd980,1.902161326551537,0.9387980959735412,1.8216114539163488,1.2359773898844657,0.543050057702186,1.24002;1.22;1.23963;1.24147,1.90883;1.94288;1.86675;1.89363,0.9999781708075898,0.0084074177706217,0.0158799982901815,0.548963;0.535007;0.544439;0.54537,0.939375;0.953698;0.923643;0.938375,0.9999971535535894,0.004330797637979,0.0061386601564733,4,2000,1000,5000
performance_chasing,20260910,arm2a,meta,True,1.0073701669798836,1197.8798806980287,45,1.5835184865921088,0.7683792857597547,0.3515354406772089,8.166822161038263,0.133901020460956,4.225632553511248,1.5675184264877058,0.350069752845038,8.14466147939143,1000,2.9477419815247665,2.8820106347014613,219.64569422831653,41.6308050470749,1.0,40.19609013929927,2.5314476221811013,228.73502111434937,101,2d52751960481f74609866464b8c9dfd30878c562145aad2c2395db7d4358ca9,2.6842726187769608,1.3656687095411206,2.5314476221810858,1.5648248210330526,0.7114434328683725,1.57365;1.56516;1.55408;1.57014,2.69354;2.76093;2.52938;2.7516,1.0007289508593509,0.0155766731793522,0.0536089030153698,0.721019;0.707446;0.703814;0.71158,1.37929;1.4095;1.274;1.39964,1.0005833704876326,0.0096354622894571,0.0311782131408843,4,2000,1000,5000
performance_chasing,20260910,arm2a,pla,True,1.0073701669798836,1197.8798806980287,45,1.4534786260786152,0.6578154905929031,0.3357046832282555,5.06880542629854,0.1086326141019715,2.458485823364843,1.434404904604737,0.3297873637955107,4.993979305234609,1000,4.291209356673342,4.154976297995827,232.25031630616297,54.96826394582656,1.0,60.12854772670989,1.9539632407973968,228.73502111434937,101,2d52751960481f74609866464b8c9dfd30878c562145aad2c2395db7d4358ca9,2.017869243562902,0.9636997574410398,1.9539632407974017,1.444109634214242,0.6301864025330924,1.41268;1.44345;1.43469;1.48715,2.01379;2.00594;1.96447;2.08885,1.0003941013896065,0.0160466324633243,0.0258962826675818,0.613031;0.635179;0.626295;0.643021,0.955632;0.964401;0.939876;0.994734,1.000120727603668,0.0074984487349112,0.0115334618525315,4,2000,1000,5000
performance_chasing,20260910,arm2a,tv,True,1.0073701669798836,1197.8798806980287,45,1.2474900988616744,0.5488179213839891,0.2894345399107335,5.782463653714308,0.1052524296661615,2.9688450210540966,1.2430730234856142,0.2884427919770023,5.698981236730624,1000,1.6637237923184611,1.6784783898520508,39.78408330919481,9.9911677775144,1.0,10.034759555097704,1.8862479984332003,228.73502111434937,101,2d52751960481f74609866464b8c9dfd30878c562145aad2c2395db7d4358ca9,1.9866287662198132,0.9911521716393816,1.8862479984332,1.2590133733659743,0.5607082427573031,1.25319;1.27466;1.25111;1.25467,1.97767;2.04342;1.9544;1.96859,0.9999831589083504,0.0077134650068497,0.0197234498732486,0.548933;0.564101;0.564473;0.562548,0.983225;1.01812;0.979109;0.984125,0.999961682106028,0.0044187912607214,0.0090578475094846,4,2000,1000,5000
performance_chasing,20260911,arm2a,meta,True,1.0037938114102474,1258.3007203840364,43,1.5043013344080562,0.6848421594859244,0.3120547649019898,6.275301740340661,0.117607342335675,3.192215618956918,1.4961681531602236,0.3104695719687023,6.224451395242989,1000,2.9492075194394087,2.883195957737079,181.9711210502744,40.59566428806838,1.0,39.98822300208582,2.167405825167074,230.35964107513428,101,a430382c61a78b49c1c6bc019f4b1be997f441d97722a369498beb01d46ea584,2.2581576437862876,1.137589820061644,2.1674058251670796,1.4083521241076489,0.6336719196508662,1.37353;1.39274;1.43525;1.4296,2.19578;2.20418;2.26889;2.36365,1.0001281031755511,0.0136379810426492,0.0387806328271931,0.622965;0.629236;0.644917;0.636432,1.11218;1.11588;1.13749;1.18469,0.9999970922036268,0.0069068381117831,0.0166713844251211,4,2000,1000,5000
performance_chasing,20260911,arm2a,pla,True,1.0037938114102474,1258.3007203840364,43,1.6607402774585345,0.7463847531890495,0.3495074340525355,6.055945091635255,0.1322921303692159,2.88605449428975,1.6339103960449128,0.3468448502410838,5.958717184366515,1000,4.295340393857183,4.158485076863498,265.5804587392847,56.77701687513312,1.0,59.679802928232526,2.2042152070804777,230.35964107513428,101,a430382c61a78b49c1c6bc019f4b1be997f441d97722a369498beb01d46ea584,2.280505849186939,1.1118311460164088,2.2042152070804732,1.5926043815845747,0.7075834374374108,1.55758;1.59391;1.58318;1.63185,2.23269;2.25745;2.30719;2.32457,1.0003305350939604,0.0179333553780406,0.0213536878752007,0.68644;0.71221;0.707271;0.726403,1.08356;1.10788;1.12037;1.13543,1.000296001094821,0.0087281608614898,0.0109727680079196,4,2000,1000,5000
performance_chasing,20260911,arm2a,tv,True,1.0037938114102474,1258.3007203840364,43,1.2383194320167157,0.5729605246797985,0.2868795470189015,5.81800782532141,0.0911494893558385,2.926000166059191,1.2253812835685745,0.2858177248625526,5.723985042688779,1000,1.6625159964527418,1.678468232672954,38.23321019162494,9.94038538792798,1.0,10.068216542636993,1.8252788572966543,230.35964107513428,101,a430382c61a78b49c1c6bc019f4b1be997f441d97722a369498beb01d46ea584,1.9108386645055997,0.9493153421363958,1.8252788572966616,1.2254018635157655,0.5483608836202551,1.21628;1.24641;1.22235;1.22407,1.90805;2.00204;1.83422;1.90344,1.0000105868350264,0.0078657605546621,0.0344544743782513,0.546986;0.541576;0.549299;0.557552,0.950421;0.98317;0.920913;0.942481,0.9999401625185586,0.0050660446125758,0.0129122829103585,4,2000,1000,5000
performance_chasing,20260912,arm2a,meta,True,1.00479429016019,1463.6562539553252,44,1.2079854000238224,0.5414400872601175,0.2747504130177288,4.901226570719135,0.0975861085389081,2.3295446282720307,1.1960228645991458,0.2739366889250622,4.815990670560325,1000,2.9470246411349903,2.881613063270842,137.0659829681113,38.931542339846246,1.0,40.26559630792459,1.668874504201213,260.2757041454315,101,c501c3b7fff683202f2101241e0dbd393b7daf0746b081c8dabf7984e252d93e,1.7306936249011733,0.8507702861474061,1.6688745042012076,1.1611641270152668,0.5081541265838266,1.15096;1.13879;1.16553;1.18296,1.73682;1.6829;1.7398;1.76278,1.0001830743016913,0.0090182223722576,0.0169173777554402,0.505081;0.503734;0.514472;0.506785,0.860779;0.834006;0.851278;0.856794,1.0003160348061642,0.0047473865486732,0.0059002274971409,4,2000,1000,5000
performance_chasing,20260912,arm2a,pla,True,1.00479429016019,1463.6562539553252,44,1.3275659632935717,0.587916226153091,0.3195317264675238,5.07168594920702,0.1123864492640818,2.222763452755136,1.3109829203679606,0.3143025902103685,4.985037937178633,1000,4.289071246287139,4.1483965207909375,210.98113315099104,54.463141460529336,1.0,60.962481595636184,1.760745409767286,260.2757041454315,101,c501c3b7fff683202f2101241e0dbd393b7daf0746b081c8dabf7984e252d93e,1.8278535351576892,0.8624657445763956,1.760745409767278,1.278877471613658,0.5453464087146219,1.23446;1.28424;1.27805;1.3241,1.81241;1.81302;1.76459;1.92753,1.0006680526808216,0.0103544633878051,0.0346259488062083,0.526584;0.56119;0.53863;0.562403,0.845113;0.858428;0.831389;0.914448,1.000523673225406,0.0049582440166729,0.0182238778592687,4,2000,1000,5000
performance_chasing,20260912,arm2a,tv,True,1.00479429016019,1463.6562539553252,44,1.2204747886417082,0.5497959091925989,0.2917387309835345,5.832357271238744,0.105121967039809,2.8649864876944235,1.2137742165205625,0.29097889295908,5.753793517861783,1000,1.6622360141231436,1.678473536204923,38.962588765032834,9.905541994182087,1.0,10.050760994499086,1.8651974518261885,260.2757041454315,101,c501c3b7fff683202f2101241e0dbd393b7daf0746b081c8dabf7984e252d93e,1.952395129856049,0.9690939252646926,1.8651974518261831,1.2470693933725605,0.5495901159222292,1.23671;1.24155;1.27592;1.23544,1.94909;1.98493;1.91531;1.96066,0.9999412507309992,0.0085703172570928,0.0144702251238231,0.554132;0.539046;0.561828;0.547276,0.969831;0.980704;0.952074;0.973735,0.99993699856746,0.0047139210222669,0.0061003441928746,4,2000,1000,5000
tv_bursts,20260908,arm2a,meta,True,1.0043356494582971,1249.540055917911,46,1.6966871960302123,0.7842117727412782,0.3370290851124062,7.879135420394932,0.1276016840252974,4.29754394416072,1.6837614438553987,0.3359855858921766,7.807829142811763,1000,2.9478910760347588,2.8820788829994513,221.6175678618943,42.42200146552261,1.0,40.18414769943393,2.5271249759849432,272.1007387638092,101,4415bca36729f1ecc65ae1d232519ea12db60f78fd02fe8dc82d66c703ef5510,2.682821679767995,1.3777505264503802,2.527124975984961,1.5819525358573876,0.7284723031751971,1.57853;1.54367;1.60319;1.60279,2.60821;2.58103;2.74345;2.80203,1.0002218891115302,0.0158327176359042,0.0530809951515948,0.725938;0.711556;0.743298;0.732899,1.34409;1.33145;1.40294;1.4325,1.000148952048357,0.0096500446881258,0.0239944179238182,4,2000,1000,5000
tv_bursts,20260908,arm2a,pla,True,1.0043356494582971,1249.540055917911,46,1.634131455143577,0.7362564258387374,0.3347124101658781,7.371368392337774,0.1152544084903478,3.865997528457416,1.6281196153682604,0.3337848595762384,7.352208461733698,1000,4.309408624341329,4.154118209407462,317.19382307741455,63.82591738032528,1.0,60.237858000361825,2.418777532570833,272.1007387638092,101,4415bca36729f1ecc65ae1d232519ea12db60f78fd02fe8dc82d66c703ef5510,2.5566997465949424,1.315321145730728,2.418777532570828,1.6366505772076474,0.7546354133290487,1.59186;1.59907;1.69025;1.64883,2.5239;2.57691;2.54549;2.57719,1.0000538918492765,0.0178414394397194,0.0129964255359755,0.718436;0.748502;0.799069;0.766128,1.2936;1.32189;1.32174;1.32381,1.0001995360519178,0.0119435045433046,0.0072356393720682,4,2000,1000,5000
tv_bursts,20260908,arm2a,tv,True,1.0043356494582971,1249.540055917911,46,1.5920605837967616,0.3928098848830416,0.3687345985628865,5.926233083182814,0.0627674849651164,1.6353256401853593,1.2951952531497275,0.290658564778791,4.900752041977904,1000,1.5611617572810204,1.6686396936866597,83.17015764940261,10.063410802964762,1.0,27.47267302660226,1.7822843191701614,272.1007387638092,101,4415bca36729f1ecc65ae1d232519ea12db60f78fd02fe8dc82d66c703ef5510,2.21573880821019,0.5940387942376683,1.7822843191701716,1.6122842834269098,0.395109020547318,1.58514;1.64144;1.60982;1.62112,2.17013;2.2406;2.22505;2.22631,1.0000547528143202,0.0148498818327142,0.0155378149340223,0.393663;0.390655;0.399879;0.396463,0.584657;0.595027;0.601158;0.595675,0.9999079351153172,0.0041761275772863,0.0034438144359942,4,2000,1000,5000
tv_bursts,20260909,arm2a,meta,True,1.0047447530870777,2809.0831849551214,50,1.284697198749999,0.5546943991622718,0.309830255900619,4.808841885906348,0.1156968085166275,2.358330308226285,1.279840720514874,0.3081016380089602,4.7905058176867295,1000,2.947537489551566,2.880446927917512,140.10886407520232,39.23954195141532,1.0,40.46885274436602,1.6975999045146724,406.8102519512177,101,b93190b855545943d98a3537562142d3f2647334eacf8d834fa3a894422a8fc5,1.7577679817784329,0.8653293157262949,1.6975999045146697,1.1998813595949454,0.5234231254810902,1.21974;1.20499;1.17617;1.20673,1.77754;1.72497;1.76731;1.76078,1.0002296968344684,0.0121040909904721,0.0114259240546964,0.530111;0.525128;0.512526;0.525917,0.877255;0.857308;0.866446;0.860172,1.000055716426364,0.0055704047642902,0.0044197245045507,4,2000,1000,5000
tv_bursts,20260909,arm2a,pla,True,1.0047447530870777,2809.0831849551214,50,1.7514313890370978,0.8360155357155723,0.3266490679384428,8.045697589814843,0.1235809739688561,4.463015417958732,1.7473284191242833,0.3247016305579577,7.928516223860295,1000,4.307344100278896,4.147220200695105,361.6838042079517,66.7426396786984,1.0,61.11055535994707,2.6832017204275864,406.8102519512177,101,b93190b855545943d98a3537562142d3f2647334eacf8d834fa3a894422a8fc5,2.8288992238217245,1.4767577920689847,2.683201720427593,1.8013966369403391,0.8526291774025365,1.75972;1.79235;1.80257;1.83757,2.85944;2.73518;2.89219;2.83325,1.0000677414613914,0.0241694834547139,0.0338312741425751,0.822654;0.864253;0.864039;0.859695,1.48325;1.44658;1.50828;1.46871,1.0000922099876657,0.0136493388511275,0.0129457989677374,4,2000,1000,5000
tv_bursts,20260909,arm2a,tv,True,1.0047447530870777,2809.0831849551214,50,2.0146262351896205,0.5391625607195116,0.3961144504084577,8.505784892395628,0.0741794312519985,2.7744413234112644,1.614162335900173,0.3269591942928528,6.836971350421007,1000,1.5644408725123478,1.6691579947055617,111.82845463096248,11.181189830487275,1.0,26.83587652394724,2.323827799224072,406.8102519512177,101,b93190b855545943d98a3537562142d3f2647334eacf8d834fa3a894422a8fc5,2.941532983854716,0.8651335308826098,2.323827799224056,2.04323012623653,0.5551606297938756,2.09675;2.02445;2.04917;2.0145,2.94683;2.9381;2.95555;2.92547,1.0000152262807618,0.0219246348413402,0.0064193621102539,0.558834;0.536394;0.575016;0.550269,0.86554;0.85671;0.876901;0.861402,1.0000422553143,0.0065354895928987,0.0043157233630351,4,2000,1000,5000
tv_bursts,20260910,arm2a,meta,True,1.0062797971916253,1608.5257616768586,47,1.5926266336801942,0.7732617905268966,0.3285636273525493,8.896967019056632,0.1262260355222512,4.948541583323434,1.5768770562894223,0.3252747520882477,8.855638856761365,1000,2.9477419815247665,2.8820106347014613,236.19459605636555,42.143171506184,1.0,40.19609013929927,2.689940762569974,292.22738575935364,101,db50cbb7b15b71cd181a78ef74133900780ef04a46ed0fdf2dcbd6114843bf5c,2.868553729244207,1.4681932975630334,2.6899407625699605,1.6039175166492554,0.7400800950325181,1.61751;1.57474;1.59987;1.6195,2.92618;2.72185;2.79113;3.0472,1.000133617182885,0.018526839416971,0.0722926242575474,0.740225;0.732425;0.740245;0.748605,1.49607;1.40204;1.4236;1.55122,1.0003335646607665,0.0093210322044724,0.0342000563373285,4,2000,1000,5000
tv_bursts,20260910,arm2a,pla,True,1.0062797971916253,1608.5257616768586,47,1.5440528546512526,0.7191851370450849,0.3375804603112471,6.571257400888156,0.1185399425683195,3.279917667165721,1.5313794926505635,0.3361162526011738,6.553949645043406,1000,4.309503497520344,4.158863835444871,271.6492712773285,60.115916917177785,1.0,59.63119106290575,2.1679825972929536,292.22738575935364,101,db50cbb7b15b71cd181a78ef74133900780ef04a46ed0fdf2dcbd6114843bf5c,2.2685246922414986,1.138853744043386,2.167982597292938,1.4781799602955654,0.6707811887761868,1.43978;1.47175;1.48401;1.53628,2.21009;2.19871;2.24689;2.41567,1.0004002106359906,0.0162645444206085,0.0503367659985598,0.642788;0.678754;0.668823;0.694839,1.10265;1.10949;1.13137;1.2118,1.0003025263754082,0.0088768524165181,0.0250838649160035,4,2000,1000,5000
tv_bursts,20260910,arm2a,tv,True,1.0062797971916253,1608.5257616768586,47,1.4690106728724068,0.357035136773294,0.3345953246560541,5.8000001621018304,0.0557425189397406,1.6934593420198798,1.2078414785963496,0.2724410444382257,4.751797405427043,1000,1.5626211877353788,1.6684767320221985,78.0368064493609,10.014775179729703,1.0,27.66991678782274,1.6593180573266166,292.22738575935364,101,db50cbb7b15b71cd181a78ef74133900780ef04a46ed0fdf2dcbd6114843bf5c,2.070782654042993,0.5503142457934943,1.6593180573266189,1.4864932473648236,0.3625487247805311,1.48102;1.48429;1.4775;1.50637,2.065;2.09612;2.02766;2.09485,0.9999965053479328,0.0118490797065914,0.016109486625733,0.358742;0.369561;0.35552;0.364291,0.548196;0.555642;0.540139;0.557042,0.999996261122184,0.0036604671114951,0.0038908990852092,4,2000,1000,5000
tv_bursts,20260911,arm2a,meta,True,1.005799915046088,1124.539705690815,43,1.4379575289221156,0.6640912868404265,0.3482414992404234,6.919699088602254,0.109226380138629,3.5808745837574976,1.431888895154439,0.3472962835627881,6.884435277802833,1000,2.9492075194394087,2.883195957737079,180.40196194070876,40.281719126897194,1.0,39.98822300208582,2.146496237835234,248.4613502025604,101,fc7db5c014b687ef68ee64e6a065988f30aebee0d4be983d6baaeb5bca94d6c4,2.2474410365317943,1.1278292522888669,2.146496237835229,1.3990112543482844,0.6319875170914844,1.39464;1.404;1.40211;1.40317,2.20473;2.20221;2.29132;2.29583,1.0001534653749156,0.0113247114427127,0.0260311030813736,0.637968;0.630841;0.623034;0.637076,1.11138;1.11246;1.1355;1.15174,1.000129761520434,0.0070971941357875,0.0097353980570659,4,2000,1000,5000
tv_bursts,20260911,arm2a,pla,True,1.005799915046088,1124.539705690815,43,1.2995701005374376,0.5992389842492729,0.3089814570274461,5.658176132507665,0.1071183989683016,2.750608517469394,1.2937634844045405,0.3029334914204481,5.628599061746895,1000,4.309486860331124,4.158702688140481,231.4155348103175,58.41131545047401,1.0,59.651877675452944,1.8956209315830512,248.4613502025604,101,fc7db5c014b687ef68ee64e6a065988f30aebee0d4be983d6baaeb5bca94d6c4,1.9600988985914367,0.96975147241727,1.8956209315830488,1.311475835493342,0.5817628616338366,1.27916;1.31739;1.33765;1.3092,1.9355;1.97371;1.97888;1.94943,0.9999987216720556,0.0139559018294759,0.0102253390509004,0.568872;0.581483;0.594894;0.577528,0.964337;0.97753;0.976173;0.960927,0.9999876865902958,0.0067660513319506,0.0041726732504248,4,2000,1000,5000
tv_bursts,20260911,arm2a,tv,True,1.005799915046088,1124.539705690815,43,1.9189186010066148,0.5177353902866975,0.3907763699849327,7.28791241249105,0.06645193489751,2.395282260824177,1.5224623519485152,0.3215404276365037,5.753699892903972,1000,1.5573972904735005,1.6685555740207183,103.42794898599034,10.942326052283756,1.0,27.574661837693583,2.1225976962327286,248.4613502025604,101,fc7db5c014b687ef68ee64e6a065988f30aebee0d4be983d6baaeb5bca94d6c4,2.685255380857644,0.7628566425166745,2.12259769623272,1.89059201138958,0.4848480715071677,1.87129;1.90346;1.87293;1.91035,2.68669;2.70541;2.61561;2.73501,1.000070670259617,0.0145608685571758,0.0253866677680701,0.487517;0.484871;0.480482;0.488702,0.76761;0.767248;0.741578;0.774242,1.0002077689430806,0.0051030261538852,0.0072119228127447,4,2000,1000,5000
tv_bursts,20260912,arm2a,meta,True,1.0117630198584555,1282.214966047008,41,1.232407408919208,0.5414283441531491,0.2983338516983608,4.923659588556767,0.1010190613838871,2.326352766490034,1.222491408035684,0.2949602734749157,4.897523360134308,1000,2.9470246411349903,2.881613063270842,141.9167174978374,38.84287760277401,1.0,40.26559630792459,1.7232260156798007,269.667809009552,101,56319c2d7762442e1e831d0ff1d9c852cb70ed7b0c68e81cec951bf1c9c362f5,1.7939508940349391,0.8808438810437819,1.7232260156797936,1.195359287438302,0.5225619635447714,1.19516;1.20004;1.19623;1.19266,1.80761;1.76169;1.7895;1.82527,1.0000755536843722,0.0087050734342996,0.0135740470194033,0.528116;0.521676;0.519681;0.520951,0.890585;0.874192;0.867719;0.890461,1.0003224447848558,0.0045400445212106,0.0058011470025222,4,2000,1000,5000
tv_bursts,20260912,arm2a,pla,True,1.0117630198584555,1282.214966047008,41,1.2308380127875425,0.5571010712773021,0.288427113757663,4.5092530639465105,0.1044621164168395,2.2331033741634556,1.2262749159515314,0.2867884641541667,4.492695068067607,1000,4.308712567815476,4.1518276697393475,204.96027947001392,57.504782860735006,1.0,60.52882510087917,1.672569079861041,269.667809009552,101,56319c2d7762442e1e831d0ff1d9c852cb70ed7b0c68e81cec951bf1c9c362f5,1.736456955011231,0.8459843101633951,1.67256907986105,1.1738755191809185,0.5113464635860658,1.16606;1.17568;1.16496;1.19097,1.74256;1.71107;1.67181;1.81937,1.0007616627477829,0.0097757976845752,0.0312715933790094,0.501685;0.507382;0.51524;0.524012,0.850752;0.831282;0.815594;0.886324,1.0006588392924265,0.0050306515639581,0.0152473036721598,4,2000,1000,5000
tv_bursts,20260912,arm2a,tv,True,1.0117630198584555,1282.214966047008,41,1.7053676130063309,0.4277276911117834,0.3870252107682686,6.840549692214535,0.0629460890610782,2.3285882856140447,1.3849173249896998,0.3207206441781194,5.597073205775367,1000,1.5556373052427983,1.6688381995375352,92.4537663944353,10.396670178532473,1.0,27.230512709620488,1.978880126766723,269.667809009552,101,56319c2d7762442e1e831d0ff1d9c852cb70ed7b0c68e81cec951bf1c9c362f5,2.457100407151253,0.6789151007798757,1.978880126766718,1.6609079529001305,0.4124244895260741,1.66093;1.66919;1.6556;1.665,2.40848;2.49751;2.42694;2.49772,1.00033082537467,0.0153236517641017,0.0233713567310376,0.412376;0.40912;0.408326;0.423895,0.667266;0.680184;0.675006;0.692131,1.0002743569559538,0.0039125050701087,0.0052198832238865,4,2000,1000,5000
all_four,20260908,step1,meta,False,1.0296338093298072,284.97299681081114,1,2.3809595979947744,2.2876378865484788,0.3303266001646175,12.80269046932419,0.0953516467827668,33.72828340539878,2.3292184986066538,0.3267261428477024,12.731117598051672,1000,2.9039797458623555,2.8043164796987585,915.1041708663762,58.43952216773046,2.3883974753325212,52.235683511709986,3.978942505068882,114.1764359474182,101,49ebaf7574e43654e31b0c50bea504b3b2047817427596565c12504aa9aeb3bb,7.592417317060304,10.274779017553996,3.978942505068882,2.3809967926592397,2.2709239995283914,2.35847;2.77591;2.14093;2.30224,7.34047;9.5032;6.42478;6.87856,1.0066032709669903,0.0819841694324237,0.6816137698569312,2.28967;3.02222;1.90944;2.18194,9.8593;13.9236;8.13732;9.13557,1.0114962602914703,0.1517145709719638,1.2699347030159671,4,2000,1000,5000
all_four,20260908,step1,pla,False,1.0296338093298072,284.97299681081114,1,5.05604170159292,17.591484247572453,1.6873120416337704,9.391570080656262,5.910618037118555,23.841728125722245,6.206086047778864,2.1966723654128324,9.904659612111349,1000,4.205673788836491,4.00530153697721,5401.553913801261,148.59070280327865,3.685777042710984,77.24437018688023,6.180216757088258,114.1764359474182,101,49ebaf7574e43654e31b0c50bea504b3b2047817427596565c12504aa9aeb3bb,5.756060375187774,19.4692189674228,6.180216757088303,5.027072978144996,17.424074701453755,4.9846;4.81467;5.18517;5.09889,5.55526;5.9528;5.73514;5.80208,1.0070510154181544,0.0579966565418823,0.0823973652211837,17.3705;16.9767;17.7267;17.5142,19.2167;19.6731;19.4782;19.5768,1.0121926268009251,0.1226187813368255,0.0982492454546547,4,2000,1000,5000
all_four,20260908,step1,tv,False,1.0296338093298072,284.97299681081114,1,1.2139367720453005,0.171538003675137,0.3177861777248525,4.24351847613671,0.0026470582410138,1.2362289346950637,0.919988111107716,0.2506537382807494,3.4644989297937845,1000,1.5617332391065215,1.6684096432081577,54.02682888892243,8.00274182180091,1.9550485994645612,27.750719040269303,1.3101675931137642,114.1764359474182,101,49ebaf7574e43654e31b0c50bea504b3b2047817427596565c12504aa9aeb3bb,1.7894881863008008,0.2828033042369888,1.310167593113771,1.2753383736139767,0.1659167396411694,1.2902;1.24569;1.23642;1.33299,1.83704;1.75998;1.72853;1.8302,1.0005827978503623,0.0166732550917966,0.0266214863906262,0.169592;0.149467;0.165442;0.188267,0.289768;0.270793;0.273427;0.299499,1.0017826525067317,0.0044698219881903,0.006819808144427,4,2000,1000,5000
all_four,20260909,step1,meta,True,1.000840277085255,9460.544862736197,1,1.2989023623680789,0.8727793772979613,0.3240505573659456,5.136344058614589,0.043977720414766,6.225572189249882,1.269516977278914,0.3166627006967922,4.979444902323425,1000,2.903441947764001,2.802644360817236,221.84785018789785,43.56037613862187,2.03568358107457,52.46872231392549,1.8383558263876243,86.13119411468506,101,396b57ad813d87e465cf7b1486325b4dbadb2f6302fe38f595cc008dbeef17bc,2.5097635950481525,2.076442383734943,1.8383558263876203,1.2696355844584,0.8089847822190818,1.25644;1.27161;1.28889;1.26446,2.58796;2.4049;2.60649;2.43331,1.0002112209614942,0.009148903247982,0.0518828374339527,0.800943;0.825547;0.802879;0.814108,2.14509;1.98365;2.17995;1.9985,1.000350369095973,0.011276415884489,0.0500923811331831,4,2000,1000,5000
all_four,20260909,step1,pla,True,1.000840277085255,9460.544862736197,1,6.7616801056873115,24.546639915195016,3.613644650642861,11.719471167304002,17.549200779469334,31.386204938770028,8.067084580107455,5.420600538686777,12.29281689478344,1000,4.205941503227249,3.997756283104515,7904.171797701447,142.6854340960145,4.011647432130417,78.02760176457576,8.494276814261225,86.13119411468506,101,396b57ad813d87e465cf7b1486325b4dbadb2f6302fe38f595cc008dbeef17bc,8.261913304472918,30.44069744063302,8.494276814261214,6.848518930140942,24.824431857551396,6.8256;6.84841;6.87886;6.83572,8.28082;8.2376;8.28576;8.29136,1.0002948604190902,0.0295983713203247,0.0122860476855117,24.7678;24.9472;24.8117;24.7645,30.4077;30.5119;30.3988;30.5894,0.9999727623389728,0.0424508826143092,0.0454307379721608,4,2000,1000,5000
all_four,20260909,step1,tv,True,1.000840277085255,9460.544862736197,1,1.3765713582827273,0.2299040764383777,0.3683501585676924,5.567213549485207,0.002871945806171,1.8040588563197288,1.0385385416328703,0.2654417238886183,4.294035326315476,1000,1.5677262364396267,1.668865421114884,64.25514953070008,8.90327041828724,1.999162404859487,27.197139590153665,1.490212653330751,86.13119411468506,101,396b57ad813d87e465cf7b1486325b4dbadb2f6302fe38f595cc008dbeef17bc,2.133698511887178,0.4132266880793788,1.4902126533307487,1.4394983846721252,0.239488974122099,1.45704;1.43329;1.41987;1.45304,2.15386;2.15048;2.09053;2.13747,1.0001585057664348,0.0117248105101588,0.0146182355407053,0.240703;0.234139;0.24188;0.242315,0.427899;0.409692;0.407271;0.412829,1.0000987300412525,0.0045372206233513,0.004633988023189,4,2000,1000,5000
all_four,20260910,step1,meta,True,1.003185257181829,5198.740222595348,1,1.5811927994924315,1.0954004851274908,0.3097432294976214,7.095234096154911,0.0755649179353121,10.341499123944155,1.5570993190203195,0.2968998136590893,6.890442183166546,1000,2.907635784884057,2.8070101488634114,284.2527414358988,46.8571914112019,2.07563374049176,51.85846383933048,2.234396100193011,88.96134090423584,101,ba340f7e88c433ec6dbb6411595050c664dfe6c089c5089fbc89a6d8bb091624,3.028049817470723,2.8130262511424653,2.2343961001930124,1.483773421154174,1.0712100619471254,1.46311;1.47801;1.44235;1.5489,2.90558;3.07949;2.96835;3.15246,1.0010952289875423,0.0132533550798286,0.0552845686591516,1.03666;1.11132;1.02581;1.09962,2.69675;2.92257;2.77458;2.85971,1.0003029810932924,0.0176566363848448,0.0493103906068641,4,2000,1000,5000
all_four,20260910,step1,pla,True,1.003185257181829,5198.740222595348,1,5.939784968329844,19.88411833190859,3.12407099063543,10.41489580404028,13.905451639137814,25.712142366110672,7.040896725015462,4.622122530826689,10.852391953987569,1000,4.211340386105768,4.016354130206488,6244.201917368129,148.62720894021865,3.6153742135719167,76.08611184253716,7.42854792926865,88.96134090423584,101,ba340f7e88c433ec6dbb6411595050c664dfe6c089c5089fbc89a6d8bb091624,6.696946282994669,22.23620166808812,7.428547929268605,6.049672254000609,20.06711279537272,6.08573;6.03997;6.03813;6.03743,6.66778;6.81055;6.59453;6.70971,1.0005469495777244,0.0244667360739492,0.0450941218982211,20.1004;20.0989;20.0459;20.0264,22.1047;22.5809;22.0036;22.2475,1.0002568041708757,0.0358481543848174,0.125923180571629,4,2000,1000,5000
all_four,20260910,step1,tv,True,1.003185257181829,5198.740222595348,1,1.4049353718764992,0.2088968208135265,0.3460718971364874,5.237580781644182,0.002307912885856,1.5637870996237395,1.038096444869918,0.2652054212242031,4.257105238821765,1000,1.5626780211964495,1.6681867785887865,61.755640948349075,8.658606180765196,1.9833348956715944,28.017496774163018,1.442183554274524,88.96134090423584,101,ba340f7e88c433ec6dbb6411595050c664dfe6c089c5089fbc89a6d8bb091624,2.00855795011082,0.3535523225811713,1.4421835542745205,1.3853256172350727,0.2049996694708276,1.39275;1.38425;1.37365;1.38548,2.02333;2.00029;1.99764;2.01439,0.9999464549743622,0.0097144435725811,0.0060506085631462,0.206531;0.200312;0.210164;0.202575,0.356933;0.356076;0.357992;0.340692,1.000091493507807,0.0031968613070584,0.0040959310057521,4,2000,1000,5000
all_four,20260911,step1,meta,True,1.0200700387626376,660.3345239892097,1,1.689041702453376,1.2365750830637587,0.2995526152845624,9.785234964382203,0.0589986512111272,30.39481401245574,1.6879852177345906,0.2998457754371622,10.016954251541367,1000,2.905771249635852,2.807722931957454,617.0071491213658,51.57020053086868,2.215258661377053,51.75826718821224,2.928501283474683,118.40317511558531,101,74ca393eefbdbff4db5a2f4e7cdd3a7a15a1fb08a94bd6b97b24a8c077eec324,5.9845018046681755,6.601883546995164,2.928501283474698,1.649628815932177,1.2341992114104614,1.62093;1.71468;1.60956;1.64333,5.73104;7.13757;5.73731;5.1596,1.0043205967334106,0.0365472898908333,0.4211033626914183,1.26368;1.3669;1.12278;1.20798,6.29524;8.58328;6.04708;5.52155,1.0071978049347805,0.0435178553029146,0.6766649414974496,4,2000,1000,5000
all_four,20260911,step1,pla,True,1.0200700387626376,660.3345239892097,1,6.858114391925819,23.129323817279925,2.9123473926509025,12.55421656204616,11.310861241720168,29.76463245634044,7.928595522931035,4.028622647455207,13.008387885790777,1000,4.214994016253593,4.02050855146962,5407.138245468181,132.61369837060315,3.6664769292495167,75.6472726293495,8.033932675888527,118.40317511558531,101,74ca393eefbdbff4db5a2f4e7cdd3a7a15a1fb08a94bd6b97b24a8c077eec324,8.09316255491336,26.31361030375523,8.033932675888524,6.815695031039471,22.792123369566895,6.80856;6.57926;6.89743;6.94041,7.90541;8.22094;8.06155;8.13405,1.0091054574032283,0.0430102016503761,0.0668366718645998,22.7397;22.416;23.0464;22.9903,25.9943;26.1233;26.3863;26.5698,1.0090071257063158,0.0848707261635528,0.1294104876168265,4,2000,1000,5000
all_four,20260911,step1,tv,True,1.0200700387626376,660.3345239892097,1,1.297765767322676,0.205587203570491,0.3601900126292134,5.328795182383732,0.0024898017191736,1.445760940120972,0.933872739528938,0.2682034528562254,4.1145307659710735,1000,1.5601744465690817,1.6683202265426549,61.73666321755232,8.750776548421548,1.984282631766702,27.85805547989353,1.4236391581350334,118.40317511558531,101,74ca393eefbdbff4db5a2f4e7cdd3a7a15a1fb08a94bd6b97b24a8c077eec324,2.013764645024653,0.3648585505241207,1.4236391581350278,1.3906914048247023,0.2094031572951834,1.40684;1.42987;1.32754;1.40545,2.04419;2.04143;1.96657;2.00179,1.0004513548683869,0.0128723977700827,0.0183978431769003,0.195344;0.220052;0.212921;0.211534,0.356434;0.380665;0.368229;0.355187,1.0001027089333263,0.0040679745928728,0.005954263543049,4,2000,1000,5000
all_four,20260912,step1,meta,True,1.0037555484851528,1367.4816074754654,1,4.745958074043418,8.506857025100942,0.4503845726357449,19.668591052856367,0.0975058925425074,62.45405099367664,4.899137510981017,0.4471997184973895,19.714496146538828,1000,2.903186020679774,2.8040391267249216,2555.6611902488476,69.93463500534739,2.94810827774629,52.27439652323443,7.219820109639336,172.21795201301575,101,a1b035cc3cd79d0f28990569aaabc6c73ecd56e796241a85bd2958ec27a9ae33,14.55655419651571,30.13678437907409,7.219820109639366,4.775395036676664,9.059143635687796,5.04144;5.31319;4.26571;4.53188,15.0809;14.6144;14.3238;14.2484,1.0032517448602776,0.2796837449523393,0.1886284148742962,10.3487;11.7431;7.05648;8.11553,32.1058;31.5267;28.5449;28.5414,1.0047313029527802,1.3001977866591692,0.95223453629503,4,2000,1000,5000
all_four,20260912,step1,pla,True,1.0037555484851528,1367.4816074754654,1,5.670684227930531,20.3866201100886,0.9396086550161576,11.427514883686651,0.6520073839673945,30.387422478773587,7.109314818904702,0.954329660386903,12.189060186821289,1000,4.2023129224621805,4.002145007324617,5615.542911879074,141.3129014843891,3.5543686269254993,77.57275544864905,6.790950145942434,172.21795201301575,101,a1b035cc3cd79d0f28990569aaabc6c73ecd56e796241a85bd2958ec27a9ae33,7.676822961604662,24.39262873706988,6.790950145942412,5.6884587773977096,20.071499514796862,5.58105;5.65538;5.81117;5.76377,7.78595;7.64187;7.57581;7.73572,1.0010959990975112,0.0736729377292277,0.0470340859077841,19.8792;19.5169;20.459;20.3295,24.5217;23.9994;24.3823;24.7247,1.0028808381025178,0.2941077114926695,0.1529843992400245,4,2000,1000,5000
all_four,20260912,step1,tv,True,1.0037555484851528,1367.4816074754654,1,1.3411133433943707,0.2070065234411626,0.3203127664401613,5.011409626558228,0.0030535563169968,1.773611172756284,1.0028346172850284,0.2397089755752172,3.914931015566464,1000,1.554977814990789,1.6684888805141709,63.23396956714313,9.08487627522224,1.9947009471216088,27.655260274877385,1.437187236945246,172.21795201301575,101,a1b035cc3cd79d0f28990569aaabc6c73ecd56e796241a85bd2958ec27a9ae33,2.0626045990607147,0.4028853498051589,1.437187236945243,1.399969441897489,0.2267398852614244,1.3828;1.41095;1.39778;1.40817,2.03518;2.10762;2.07275;2.03569,1.0000295910698864,0.0108867099384064,0.0173344122735902,0.230186;0.22627;0.224582;0.226859,0.410918;0.400532;0.400587;0.397618,1.0000951138203007,0.003305218060553,0.0029183546700789,4,2000,1000,5000
anticipatory_spend,20260908,step1,meta,False,1.1145883927937907,81.11864818282146,1,10.646911677047068,41.62047163543066,3.0847750591801115,19.47909469175552,11.225822779609365,52.89181424232557,11.459215461132352,3.4542277668807495,19.537252100192145,1000,2.902068726425093,2.803719524735285,3534.643460264749,72.48722207332355,4.5001496781261485,52.318977454498125,11.726779348659305,103.68441700935364,101,d805b6f9f379fec5168abeec9ffaf7078e1e90725a9c4a53259e741c11dbd6f8,12.657713584759987,46.289474980637024,11.72677934865933,10.55756317834998,41.40401714500118,10.7778;9.73702;10.6666;10.9612,13.159;11.3016;12.8726;13.4565,1.0365080559904518,0.215456656375057,0.4803093964943951,41.8981;40.0893;41.6318;41.7152,49.8185;38.3901;47.8998;49.5068,1.0390512258636777,0.3677409062784811,2.704108097647363,4,2000,1000,5000
anticipatory_spend,20260908,step1,pla,False,1.1145883927937907,81.11864818282146,1,1.2479734563698055,0.7228495673395356,0.2853900636446039,6.63757594727312,0.0417504999460882,21.738065591075532,1.2174158513853244,0.2729017825666047,7.245289780221048,1000,4.2082778152247355,3.9992683962614737,452.586849576406,61.30757835474573,2.064495872119161,77.87111187997822,1.979792609018446,103.68441700935364,101,d805b6f9f379fec5168abeec9ffaf7078e1e90725a9c4a53259e741c11dbd6f8,3.609159360850243,2.824083089151531,1.979792609018438,1.2218648949722577,0.6940702173869336,1.13668;1.42787;1.17531;1.17498,2.4215;5.92636;2.94035;2.51193,1.0238565774353454,0.0598963218689252,0.8331614974295556,0.622641;0.911495;0.645027;0.653084,1.68756;6.1084;2.236;1.82014,1.0388428739100293,0.0511730306731622,1.0549467710107896,4,2000,1000,5000
anticipatory_spend,20260908,step1,tv,False,1.1145883927937907,81.11864818282146,1,1.136584605797026,0.8822069332105743,0.2504736339386392,5.010904260073776,0.0498573485925497,6.567525797544752,1.12633183531876,0.2508002511364104,4.979409547616256,1000,1.6632191141250114,1.6784918424104216,55.05597604233725,9.824975393098832,2.0112089192173572,9.990275691852602,1.7730483342225858,103.68441700935364,101,d805b6f9f379fec5168abeec9ffaf7078e1e90725a9c4a53259e741c11dbd6f8,2.801705511918207,2.7701414058319407,1.7730483342225771,1.2231085175010352,0.9201699373797356,1.25789;1.2762;1.14447;1.22226,3.31516;2.55524;2.64338;2.67963,1.000610059825683,0.0168465363313791,0.1742378911527359,0.907271;0.999965;0.863245;0.919909,3.31461;2.57357;2.57553;2.60835,1.0007868399967463,0.0293737874850436,0.1823741049399069,4,2000,1000,5000
anticipatory_spend,20260909,step1,meta,True,1.0372490480077283,654.1300365392705,1,1.2070059264560615,0.6660264192844703,0.269656220226358,5.623749874304382,0.0445592196395477,6.638631139778475,1.1775462228373734,0.264526146455495,5.482318452727266,1000,2.9022812779279774,2.802292011571141,241.32260781429136,40.504804038496175,2.019637169941724,52.51771991262367,2.0214823393371537,85.00122427940369,101,11f02ba74dfb6ef40fe93e27ba4d3fe811c6415db29341eeb90348173eb0dbb6,2.886685271034733,2.167536241622295,2.0214823393371555,1.1700248058557046,0.6651279003839428,1.15989;1.16253;1.20592;1.15951,3.00121;2.152;4.21195;2.14002,1.0071510933171026,0.0125933311323211,0.4887305708621158,0.660983;0.668229;0.693882;0.634709,2.25738;1.60197;3.33099;1.53381,1.0067033145975437,0.0134226023910955,0.4165771541542756,4,2000,1000,5000
anticipatory_spend,20260909,step1,pla,True,1.0372490480077283,654.1300365392705,1,9.562952409772418,32.58964736652782,4.726470098468023,16.907560659454138,23.35443292406621,41.29222690199592,9.9895661761894,5.81451805668087,16.69718861488813,1000,4.194886678532991,3.9836040021972514,4995.451958676752,115.39301809642583,4.020630938400302,79.48104785030948,10.581278556629442,85.00122427940369,101,11f02ba74dfb6ef40fe93e27ba4d3fe811c6415db29341eeb90348173eb0dbb6,11.475045620303993,37.71343737072838,10.581278556629428,9.652889926723171,32.4674619257533,9.68984;9.67898;9.45138;9.76883,11.7463;11.6076;10.8842;11.6949,1.0068711590599329,0.0557999935565964,0.2017316973388506,32.3356;32.5761;32.3252;32.6416,38.2994;38.6699;35.3301;38.661,1.0056089267961763,0.0877148797701714,0.8079585733221587,4,2000,1000,5000
anticipatory_spend,20260909,step1,tv,True,1.0372490480077283,654.1300365392705,1,1.17377686888612,0.9252377259469172,0.2698387488255977,5.204456384627806,0.062034950667547,6.2915779718659435,1.162629415993474,0.2694669085547355,5.199356939264695,1000,1.663871333939262,1.6785063568927887,55.45523281904386,9.782310076835593,1.9880406070543244,9.942057709390667,1.8108272760921615,85.00122427940369,101,11f02ba74dfb6ef40fe93e27ba4d3fe811c6415db29341eeb90348173eb0dbb6,2.833823199630357,2.7715257851596293,1.8108272760921644,1.2394899927205163,0.915551419327274,1.28022;1.20167;1.26839;1.20303,3.30987;2.69048;2.56045;2.78283,1.000334465017911,0.0114070251051002,0.164440297650428,0.928845;0.884323;0.9264;0.913154,3.22459;2.63899;2.51156;2.71563,1.0010469362061678,0.0129634263516341,0.1564002655687977,4,2000,1000,5000
anticipatory_spend,20260910,step1,meta,True,1.008295964519747,6438.310540093077,1,1.183901754693502,0.6761445485899658,0.2778767839881365,4.922107412115878,0.0411483392850945,4.628374691440407,1.1554632240119074,0.2714220619833557,4.839027055904345,1000,2.907714705054078,2.807113036828301,173.64667167700705,39.1679285137137,1.9901886016420467,51.84401064171163,1.6720566095548857,88.92793488502502,101,d1452e46e0b2cb93a6378ea421773f7026845c5b26670a324af8599fb734d560,2.1301967637486197,1.5432082764256776,1.6720566095548828,1.140528795996035,0.6430284051796801,1.14267;1.14963;1.11672;1.15378,2.45424;2.06191;2.03991;1.95886,1.0015258230595403,0.008931275979631,0.11074171182633,0.663425;0.670411;0.607524;0.626125,1.79193;1.52611;1.44437;1.40818,1.0007889449603644,0.0084855210504129,0.0866780142034759,4,2000,1000,5000
anticipatory_spend,20260910,step1,pla,True,1.008295964519747,6438.310540093077,1,9.057176227523236,31.448032013497773,4.752432921519333,15.827048488708702,23.841373624347632,39.23137706565824,9.476280747219004,5.708632962785374,15.755680265324129,1000,4.216531588364098,4.010179465025744,6013.571053312891,121.27376596795445,4.003053235442495,76.73481961683959,10.080853406878637,88.92793488502502,101,d1452e46e0b2cb93a6378ea421773f7026845c5b26670a324af8599fb734d560,10.813176850955136,37.31319701887525,10.080853406878544,9.05106253411072,31.47632324514198,8.99098;8.98986;9.05176;9.13414,10.7918;10.7515;10.7234;10.9924,1.0003360406889903,0.0418565187124437,0.0608496575990047,31.3635;31.5247;31.4968;31.5233,37.3298;37.3317;36.9915;37.5744,1.000227607082638,0.0357981300403391,0.1197895550362455,4,2000,1000,5000
anticipatory_spend,20260910,step1,tv,True,1.008295964519747,6438.310540093077,1,1.146895621196976,0.887172761026511,0.2944349035442372,5.252097629056282,0.0580950655293649,5.946917556584436,1.1420854915872467,0.29365968564125,5.197042984059015,1000,1.6637237923184611,1.6784783898520508,55.700913589468634,9.885414699618249,1.9922888133738552,10.034759555097704,1.7471053081611547,88.92793488502502,101,d1452e46e0b2cb93a6378ea421773f7026845c5b26670a324af8599fb734d560,2.8168510076620144,2.7640809757988127,1.7471053081611667,1.2031156134491856,0.889700941835708,1.26171;1.18353;1.17734;1.19651,3.41676;2.63484;2.54159;2.69262,1.0002577688513592,0.0085909704270065,0.2008585131505376,0.935444;0.864889;0.866477;0.88802,3.34377;2.54567;2.5001;2.66069,1.000281898480876,0.0110012851133568,0.196662328270276,4,2000,1000,5000
anticipatory_spend,20260911,step1,meta,True,1.0025209266926909,3655.881895007822,1,10.297349232719766,49.561975065156496,5.0883070210224774,18.641367335072857,34.80574979565405,63.02718129644942,11.488355671410709,7.497105369781627,18.83014305513244,1000,2.9043633730733034,2.806527630898091,3612.091817882996,67.62235075891547,5.854219397248453,51.92620131622419,12.091276832615884,90.9339108467102,101,bac1958634e27d71bb400d93130887150fafc18a43ee9deab10baa03c7f3bb3d,12.217707219364929,58.96263469120563,12.09127683261595,10.179260909841512,49.1020040146889,10.0743;10.1825;10.213;10.2762,11.9801;12.2036;12.2928;12.366,1.00061355964625,0.052701461721516,0.0837194165353187,49.2485;49.2171;49.0239;48.927,59.1069;58.8812;58.5478;59.229,1.0005688590115267,0.075028696460933,0.1496316110088387,4,2000,1000,5000
anticipatory_spend,20260911,step1,pla,True,1.0025209266926909,3655.881895007822,1,1.122647381956138,0.7022422010227838,0.2935505131036853,4.788320121700921,0.0337660154028978,5.421925164464034,1.0958556049827908,0.2879887486280009,4.585429215828383,1000,4.210414986892154,4.006532826791804,265.0239563013238,58.060495334651165,1.9988333450233475,77.11598910265505,1.6059500676230136,90.9339108467102,101,bac1958634e27d71bb400d93130887150fafc18a43ee9deab10baa03c7f3bb3d,2.1931060556593356,1.5862497579487502,1.6059500676230174,1.1344684718728124,0.6211513750848332,1.11186;1.12496;1.13747;1.15463,2.07799;2.07908;2.40405;2.20587,1.0002477710264397,0.0078766469098008,0.0768705883168746,0.608259;0.642172;0.609509;0.624885,1.45738;1.53822;1.74907;1.60433,1.0005185169809787,0.0086212221426958,0.0617434740737632,4,2000,1000,5000
anticipatory_spend,20260911,step1,tv,True,1.0025209266926909,3655.881895007822,1,1.1890456811161445,0.9072343250768532,0.261500080973046,5.220089943874535,0.05157737758831,6.720271424720872,1.1754457139118704,0.2621099295758773,5.139261186295411,1000,1.6625159964527418,1.678468232672954,57.11501980018454,9.983462427114784,1.9993008037966031,10.068216542636993,1.7976555701288348,90.9339108467102,101,bac1958634e27d71bb400d93130887150fafc18a43ee9deab10baa03c7f3bb3d,2.8603709429760724,2.835207957924489,1.797655570128832,1.227529966561049,0.9102781319351728,1.25794;1.19916;1.22357;1.22383,3.28448;2.83595;2.63362;2.67984,1.0002528554918853,0.0076096841287383,0.1484524204184316,0.940404;0.855129;0.918538;0.934425,3.28722;2.73473;2.6846;2.62732,1.0002266639622683,0.0116368000598257,0.1528344078356973,4,2000,1000,5000
anticipatory_spend,20260912,step1,meta,False,1.1702301463452969,101.86606267421848,1,12.977327235747437,53.08167206686939,6.054830945773191,22.217371197917295,14.299514585725731,66.91145143131631,14.277039239966628,7.736073418362852,22.446144218512632,1000,2.9023714275065187,2.8039695350082185,5467.264284308977,75.52294406104653,4.5919959963269115,52.28410645673309,14.58938964729051,93.27472496032716,101,0d747ea871353e7f7028d8ea071f079df47a4b1da5c87cb1d5370b657397ed67,16.307397288921244,63.20545014948966,14.589389647290403,12.96552498127972,53.15035135301125,13.2481;13.2264;11.8609;13.2926,16.2123;15.9597;17.3385;15.924,1.0382651275295125,0.2637886804544891,0.3328767403635958,53.8326;53.7713;51.4145;53.4326,65.1136;63.5957;60.5588;63.0657,1.0492396836400424,0.4668737556335003,0.946839180685932,4,2000,1000,5000
anticipatory_spend,20260912,step1,pla,False,1.1702301463452969,101.86606267421848,1,1.275433392066031,0.7770698157547082,0.2828597734017085,6.8702954608618985,0.0424459009618499,25.84681559962334,1.2407687207700873,0.2763721290026679,7.314975452621554,1000,4.207688416877283,3.9963323967825857,503.82695104575214,63.387192174701,2.0651644378284377,78.17474633029582,1.9301149242863975,93.27472496032716,101,0d747ea871353e7f7028d8ea071f079df47a4b1da5c87cb1d5370b657397ed67,3.909451036550347,3.176194951289271,1.9301149242863969,1.2104187369676538,0.7005182996161158,1.13183;1.14286;1.47771;1.17946,2.24389;2.34789;6.99108;3.29698,1.034539152234328,0.0536104261445379,1.1158148442553049,0.616229;0.674105;0.924066;0.660328,1.59279;1.83623;7.49338;2.52223,1.0471865587730786,0.051949451529019,1.3913889779304491,4,2000,1000,5000
anticipatory_spend,20260912,step1,tv,False,1.1702301463452969,101.86606267421848,1,1.1406910327205062,0.9066811524971956,0.2857897221827674,5.0052273754865055,0.0526111764683973,6.243757767194273,1.1322900239643383,0.2799532702243998,4.99131860444397,1000,1.6622360141231436,1.678473536204923,51.84877574645875,9.774027464014576,2.0077370425106844,10.050760994499086,1.753117733522752,93.27472496032716,101,0d747ea871353e7f7028d8ea071f079df47a4b1da5c87cb1d5370b657397ed67,2.651620110749518,2.587291034955652,1.7531177335227404,1.2108353795765243,0.8945506939750401,1.25989;1.19217;1.19298;1.19247,2.93322;2.68256;2.37194;2.60734,1.0006987114424943,0.0309191912966909,0.115616172216111,0.884757;0.8451;0.945833;0.897899,2.85884;2.58513;2.36252;2.54691,1.0008724751805351,0.0210334285883909,0.102425673956416,4,2000,1000,5000
budget_feedback,20260908,step1,meta,True,1.0061996745878456,1458.866381020138,1,1.2617946896253458,1.0476304655578614,0.3028357005768478,5.655201259732619,0.0884100274959372,7.168661042695524,1.247660109104588,0.2991038875536645,5.618479816586833,1000,2.946887871859854,2.881461021336181,216.39140650119563,39.61313929886907,2.022561753555032,40.29214899918812,1.8107525183899933,65.1727249622345,101,3c7b34779c1b5b47fda037a238a12854a4dfb68c2c6e41a08b4d77b6788156ee,2.7314287396567005,2.714770298200247,1.8107525183899953,1.2364534866912629,0.9669405778922038,1.22632;1.25769;1.22274;1.24158,2.90139;2.71659;2.58415;2.71539,1.0001763884960186,0.0123033926646263,0.0652165128509322,0.972425;0.981798;0.933589;0.977853,2.92209;2.74856;2.53651;2.6474,1.0004652419107856,0.014999216061997,0.0818702520572474,4,2000,1000,5000
budget_feedback,20260908,step1,pla,True,1.0061996745878456,1458.866381020138,1,1.1364282471943896,0.8617108026066811,0.2545381907312209,5.084582570733369,0.0489176727240084,5.634153084752198,1.129057321730495,0.2535310196354129,5.0757970315960454,1000,4.307267671937496,4.152710652363556,269.37762494710154,55.52534168458864,1.9737138461017112,60.4168005695642,1.834823736578403,65.1727249622345,101,3c7b34779c1b5b47fda037a238a12854a4dfb68c2c6e41a08b4d77b6788156ee,2.4146417215576226,2.1848249499933554,1.834823736578394,1.2009921107041697,0.8499943251468105,1.20949;1.1743;1.21092;1.20354,2.6783;2.19229;2.50294;2.28791,1.0018826938337628,0.0141930341414548,0.1090916115456347,0.850846;0.861861;0.841839;0.846303,2.44139;2.02175;2.20663;2.0694,1.0020026392431909,0.0110629455262678,0.0940842466614813,4,2000,1000,5000
budget_feedback,20260908,step1,tv,True,1.0061996745878456,1458.866381020138,1,1.1314498102879167,0.8055910272006332,0.2574636310919059,5.283140002321356,0.05504367280682,6.6705333107265465,1.1185168488769688,0.2559459530142962,5.261520685999585,1000,1.6630242060065947,1.678482919527451,49.626685860438066,9.589847024190156,2.018880457267935,10.019803202443066,1.7432374376323507,65.1727249622345,101,3c7b34779c1b5b47fda037a238a12854a4dfb68c2c6e41a08b4d77b6788156ee,2.5859964761309255,2.4949148603394184,1.743237437632354,1.175308397620321,0.862291682419405,1.17376;1.1619;1.1541;1.21005,2.69186;2.73657;2.47192;2.45238,1.0002725537979071,0.0107512654673185,0.0734432984571091,0.85328;0.851978;0.851383;0.898207,2.54472;2.62711;2.44097;2.3713,1.0013161112283733,0.012038734346047,0.0563788388233392,4,2000,1000,5000
budget_feedback,20260909,step1,meta,True,1.0004740706618644,6988.30085659971,1,1.214277834967464,0.970604112717278,0.2903257341908141,4.977661435509648,0.0692468129282431,5.706384993334536,1.209087580293054,0.2897852105414176,4.8997640507718305,1000,2.9476928434369194,2.88028435391783,200.2911906037066,38.947091616272346,1.9951224543802164,40.49711690948701,1.6684283563502678,65.23223876953125,101,6e9523eb5d5792776ce76348477bf76033c6e7de9fb8da6537a468d608dd4aa2,2.5691321660422477,2.4631407552843023,1.6684283563502555,1.1817549130055598,0.880449275271749,1.15995;1.17691;1.20017;1.19414,2.75366;2.32902;2.66867;2.52188,1.0000863164457592,0.0094879696727649,0.0930231155993435,0.838609;0.903162;0.864737;0.917987,2.62138;2.23598;2.50945;2.49033,1.0001343004052727,0.009980128007361,0.0814045353682206,4,2000,1000,5000
budget_feedback,20260909,step1,pla,True,1.0004740706618644,6988.30085659971,1,1.1682539818852704,0.8792123921369566,0.2832060042251951,4.73197810254327,0.0748415495244553,5.9164200548266015,1.157529605088654,0.2777338308668818,4.712733588190381,1000,4.307067362636533,4.1469609959965315,312.58301468142923,59.86034579145044,2.001502049586872,61.14314302347835,1.7266292198871056,65.23223876953125,101,6e9523eb5d5792776ce76348477bf76033c6e7de9fb8da6537a468d608dd4aa2,2.6103894680306663,2.5569258410123292,1.726629219887095,1.2190696218516877,0.9299883920814588,1.21045;1.19224;1.21795;1.24677,2.91605;2.47194;2.57242;2.50494,1.0000853708364452,0.0090886467130134,0.1020689994874379,0.910517;0.946919;0.924082;0.940055,2.81164;2.44602;2.47098;2.49131,1.0001308844847383,0.0117987509052771,0.0860509442479309,4,2000,1000,5000
budget_feedback,20260909,step1,tv,True,1.0004740706618644,6988.30085659971,1,1.195325586527967,0.9113484710029052,0.2964239133539785,5.075527678583148,0.056302564808234,6.296904113310144,1.1819532185091828,0.2923330292237877,5.036299523812567,1000,1.6645042781615726,1.6785026198927973,56.16107666142474,9.66647829662483,2.012030177069027,9.954494501556823,1.8192134196968128,65.23223876953125,101,6e9523eb5d5792776ce76348477bf76033c6e7de9fb8da6537a468d608dd4aa2,2.9041860282540206,2.8353839852859295,1.8192134196968113,1.2264226550849893,0.9251486093939152,1.22194;1.20856;1.25542;1.2243,2.83032;3.09711;2.94413;2.7624,1.0003736722597685,0.0078773244630312,0.0732016562677641,0.950823;0.895785;0.953209;0.906957,2.778;3.0383;2.884;2.6383,1.0003461178785218,0.0120544055983539,0.0844938406547054,4,2000,1000,5000
budget_feedback,20260910,step1,meta,True,1.0025096254688073,6063.845974327286,1,1.1763297309515566,0.9295322157052373,0.2857902882362897,4.849457503032806,0.0685669755637311,5.757131601224317,1.157606700733984,0.2841034975165982,4.796648590816013,1000,2.946798646796758,2.8814402405787205,174.68725285417588,37.48324208142435,1.995358048157886,40.295776948862944,1.6699652164568464,60.832895040512085,101,8077cf22e698747e81f30a26e824f485e32651319ee756bfec3af1b183c30c54,2.3237566489902224,2.1513027679622234,1.6699652164568528,1.178007320482635,0.8437146740394901,1.17683;1.19817;1.17;1.1719,2.40629;2.22843;2.37736;2.28556,1.0003450434999686,0.0094047852423038,0.0410590104103498,0.847212;0.838997;0.837699;0.850422,2.20798;2.08915;2.17988;2.13073,1.000054625192371,0.0100377151408898,0.0263207437769611,4,2000,1000,5000
budget_feedback,20260910,step1,pla,True,1.0025096254688073,6063.845974327286,1,1.2859166945403335,1.032772282180604,0.2807882017116184,5.323251067277856,0.0674765448163057,7.576056086647099,1.270597984308084,0.2756845399862576,5.214021168030698,1000,4.3087329769087805,4.158490371573706,404.42892819474025,60.59105220567528,2.041510454872401,59.679123609575655,1.9171909144543688,60.832895040512085,101,8077cf22e698747e81f30a26e824f485e32651319ee756bfec3af1b183c30c54,3.3359151541611647,3.4578593993705864,1.917190914454376,1.3340739132047963,1.054388874153446,1.30156;1.31869;1.31573;1.39624,4.37432;2.81106;2.95415;3.20285,1.0008301152022618,0.0151931168163422,0.3555775194141015,0.995887;1.11987;1.02701;1.10077,4.53453;2.92265;3.01516;3.3596,1.0003343766457489,0.0161679759683603,0.3709562619104519,4,2000,1000,5000
budget_feedback,20260910,step1,tv,True,1.0025096254688073,6063.845974327286,1,1.1810390996165083,0.8575028447949196,0.2588130868160633,5.514823605330411,0.0467222700902352,6.3955885290283785,1.167562027108084,0.26060371973814,5.391835900737753,1000,1.6636298388937405,1.678473688837916,51.13956027305512,9.70527795602198,2.0099744058468003,10.050258154604991,1.797332703640737,60.832895040512085,101,8077cf22e698747e81f30a26e824f485e32651319ee756bfec3af1b183c30c54,2.6334625982046274,2.553731784208146,1.7973327036407445,1.1940612643504895,0.8969391443041016,1.19029;1.18635;1.18881;1.21863,2.63768;2.67463;2.69575;2.54154,1.0002579738293071,0.0080583899862566,0.034131491294573,0.895412;0.861877;0.906791;0.924894,2.57682;2.5339;2.62977;2.47471,1.0004293952890415,0.0116844270268815,0.0328530696616423,4,2000,1000,5000
budget_feedback,20260911,step1,meta,True,1.0009306654933514,11802.426545719654,1,1.1613244912997418,0.8860168123071869,0.2948405669286674,4.838306680565203,0.0641018865009514,4.990530699618154,1.1506804320800224,0.2893174093294032,4.790202102062362,1000,2.949104827921867,2.883373548797492,166.0543498028152,36.7554943424974,1.973780912012861,39.95699599093332,1.592523100993798,63.334131956100464,101,023b02245b160fa7eb22f3e904f8347acf5d9825682dc0afeb7d91b7fe2dd12d,2.2487906811474963,2.036804950168293,1.5925231009937983,1.1161665478003315,0.7901720813553397,1.11525;1.13688;1.10737;1.11397,2.32203;2.0735;2.33981;2.25761,1.000332866959743,0.0074510579287487,0.0608642201872733,0.783637;0.781871;0.809313;0.796085,2.08471;1.87651;2.10075;2.0872,1.0000832947996083,0.0091252090534162,0.0537091285519206,4,2000,1000,5000
budget_feedback,20260911,step1,pla,True,1.0009306654933514,11802.426545719654,1,1.0054688762585324,0.712451980906391,0.2775103162402457,4.109120294434436,0.0509368726786895,3.921090711427063,0.9999777506635984,0.274179016260537,4.096479082643512,1000,4.309191437741639,4.159250179758789,208.4286168854798,53.08725903944009,1.9495649886460624,59.58157081925982,1.4375994920585518,63.334131956100464,101,023b02245b160fa7eb22f3e904f8347acf5d9825682dc0afeb7d91b7fe2dd12d,1.9450495117127415,1.6835973564841764,1.4375994920585526,1.0420749431064251,0.6945847621343347,1.04344;1.05212;1.03759;1.03366,1.98585;1.8985;1.96869;1.9351,1.0001893761376297,0.0077104781880592,0.0193081281627729,0.697198;0.719413;0.683979;0.674308,1.71438;1.67242;1.69347;1.65134,1.000081946975995,0.0084061666862758,0.0135669690270429,4,2000,1000,5000
budget_feedback,20260911,step1,tv,True,1.0009306654933514,11802.426545719654,1,1.1679632726829436,0.8523115565040995,0.2873537376007613,5.1546938243301765,0.062128896665071,5.631556043085302,1.1699257764350306,0.2810792004860974,5.089022044453073,1000,1.6628615399989153,1.6784665725527228,52.65738193901968,9.965931439829903,2.0108234770194637,10.073674314947365,1.7812742129047272,63.334131956100464,101,023b02245b160fa7eb22f3e904f8347acf5d9825682dc0afeb7d91b7fe2dd12d,2.6418689112377307,2.627450552722997,1.7812742129047066,1.2079982565977807,0.909581435896954,1.19976;1.21004;1.22942;1.19218,2.59068;2.65042;2.68074;2.64674,1.0000303830346249,0.009334680486101,0.0187701066431658,0.925441;0.90602;0.935426;0.867081,2.57912;2.67182;2.63886;2.61925,1.0000564188259593,0.0115177936837592,0.0193674565383094,4,2000,1000,5000
budget_feedback,20260912,step1,meta,True,1.0017138444362046,9083.177013110811,1,1.3194943235507384,1.2170802182046256,0.3255522200422694,5.702829689145304,0.072146878032831,8.426815464610348,1.305905702134746,0.3230067815216923,5.684520258955053,1000,2.9464748398077996,2.8811393261099396,249.00395623575537,40.46340306947712,2.0362139515431745,40.34827857889146,1.916543676354284,65.01658797264099,101,862f168881e95a34484abfc2577eea038c76d083119f50becaa71b457a712aa5,3.0767316125174724,3.141528468221817,1.9165436763542871,1.3055572970237526,1.0274620022626837,1.30991;1.31936;1.29899;1.2936,2.92987;2.98966;3.15859;3.22421,1.000029897861949,0.0095809709350557,0.0692800334568619,1.01233;1.05838;1.01467;1.02808,2.96433;3.05072;3.21476;3.3398,1.00000173174215,0.0140528970345041,0.0838235347268271,4,2000,1000,5000
budget_feedback,20260912,step1,pla,True,1.0017138444362046,9083.177013110811,1,1.1027632337408044,0.8002378936789998,0.2561838310974045,4.464369836901882,0.0724065860395015,4.560355689684317,1.0943340940412138,0.2544645648109558,4.474885240786329,1000,4.307305966340155,4.150442629352347,258.4527157329982,55.98800199683838,1.9778117050398736,60.70419317186872,1.6130865011875986,65.01658797264099,101,862f168881e95a34484abfc2577eea038c76d083119f50becaa71b457a712aa5,2.298682361046419,2.0917624036485885,1.6130865011876063,1.1438057289061232,0.811668890759886,1.13292;1.14598;1.15388;1.14542,2.33756;2.19732;2.259;2.4032,1.0007817576717415,0.0075904399474815,0.0449852414333603,0.779553;0.827817;0.82072;0.807958,2.11166;2.01894;2.06615;2.1696,1.0001049771043986,0.0091460266814318,0.0321628157946942,4,2000,1000,5000
budget_feedback,20260912,step1,tv,True,1.0017138444362046,9083.177013110811,1,1.1638074239640357,0.8950792929954534,0.2907619398258749,5.6097564191531974,0.0692583937192411,5.673078011732559,1.149155550817552,0.2860881378611328,5.59377916854845,1000,1.662024240961589,1.678463465169645,55.03472307130333,9.8096898205458,2.0005879558488813,10.08388217525023,1.7949357459507411,65.01658797264099,101,862f168881e95a34484abfc2577eea038c76d083119f50becaa71b457a712aa5,2.8040769744270686,2.727573584521027,1.7949357459507356,1.2075401202856255,0.9198574992387432,1.19541;1.18775;1.23849;1.21266,2.90511;2.94106;2.78605;2.58638,1.0005057095247116,0.0077913462203044,0.0799420245067957,0.912987;0.917433;0.959773;0.895198,2.82551;2.85578;2.72901;2.50533,0.9999927178015116,0.0105961605208982,0.0792762528476593,4,2000,1000,5000
none,20260908,step1,meta,True,1.009779094853669,1780.8660530217676,1,1.4929799687559853,1.3733089366774571,0.3404434983273423,8.921665094136781,0.0912029883665073,16.88085563545443,1.4801596461510906,0.3377883689488777,8.890726523978255,1000,2.9478910760347588,2.8820788829994513,497.6741387754625,43.92649350582255,2.1127634027258013,40.18414769943393,2.459008054643637,79.13495922088623,101,736d3679e11760c8fe924056505ab728b1a5d031447b2106d96087f394edaee2,5.611637351754211,6.484015708396389,2.4590080546436255,1.4501586256817007,1.2674328057587414,1.39178;1.43638;1.50743;1.47151,4.51728;4.68907;6.78147;6.44804,1.001951674599357,0.0148187127820886,0.5857177838029973,1.19328;1.23033;1.31616;1.32798,5.10427;5.31098;7.95779;7.55057,1.0017892473922785,0.0276933057145755,0.7410151286497711,4,2000,1000,5000
none,20260908,step1,pla,True,1.009779094853669,1780.8660530217676,1,1.2858820860536184,1.0930210321379985,0.3022884371383713,6.547560404436374,0.0614986071460695,8.671997182283619,1.2790840497205842,0.2979491257566646,6.519969174576984,1000,4.309408624341329,4.154118209407462,389.97373849200375,61.832822122085005,2.0545309602556285,60.237858000361825,2.033462709149856,79.13495922088623,101,736d3679e11760c8fe924056505ab728b1a5d031447b2106d96087f394edaee2,3.150071182192706,3.322810560765431,2.033462709149849,1.3665047146385707,1.1022376494023614,1.32917;1.37693;1.38533;1.37122,3.01481;3.10747;3.03492;3.4193,1.0002600404331894,0.0148687782593986,0.0938574087707866,1.04254;1.11049;1.12085;1.14887,3.12974;3.28255;3.1576;3.71882,1.0005529823517867,0.0178114696286276,0.1363245756237006,4,2000,1000,5000
none,20260908,step1,tv,True,1.009779094853669,1780.8660530217676,1,1.116565543293566,0.8427481301279751,0.2761641863131507,5.375483914864595,0.053025843596736,6.34528922576933,1.10835665686352,0.2704680838075906,5.252508699106327,1000,1.6632191141250114,1.6784918424104216,55.009123636924336,9.725384889811409,2.0307664146856705,9.990275691852602,1.7885157725097909,79.13495922088623,101,736d3679e11760c8fe924056505ab728b1a5d031447b2106d96087f394edaee2,2.828237081229631,2.793405140851583,1.7885157725097918,1.2159985527624908,0.8945322611620745,1.20394;1.18749;1.23621;1.22402,2.75648;2.63231;3.01227;2.93024,1.0001416509021663,0.0115182298767977,0.0855003840512474,0.937489;0.875239;0.853525;0.907506,2.76292;2.57376;2.97221;2.858,1.0007269244631187,0.0149601010990303,0.0843133766995711,4,2000,1000,5000
none,20260909,step1,meta,True,1.0020810054428346,3994.537363851271,1,1.2547947679371565,1.002173539959029,0.2965394584489327,5.305342295897039,0.0658628028641495,6.547933793675184,1.251731848749559,0.2943907768202454,5.25070756249673,1000,2.947537489551566,2.880446927917512,202.54872138320985,38.98188882575338,2.0054365921869266,40.46885274436602,1.716358239939109,62.30866098403931,101,5d4c83aa5feb5fc2de602cdb7a7801fc2333b44f8c9e1b221370986c629db7b8,2.596419892807652,2.5057962859030978,1.7163582399391064,1.1960251185209323,0.8984567440050566,1.20069;1.22095;1.17079;1.19044,2.58058;2.53879;2.61904;2.65051,0.9999105860105568,0.0077380518448221,0.0241636810524239,0.917241;0.906949;0.854404;0.913786,2.48273;2.48746;2.51647;2.5356,1.0001598278954642,0.0135348056305679,0.0124834229323046,4,2000,1000,5000
none,20260909,step1,pla,True,1.0020810054428346,3994.537363851271,1,1.2303898873463024,0.9976855828678322,0.2820561584272466,5.226443988588859,0.0705136887683345,6.764699014768479,1.2154834988899363,0.2775860718056884,5.190840544114342,1000,4.307344100278896,4.147220200695105,409.0323487444188,61.06832810773864,2.0136996762697885,61.11055535994707,1.8660895035990617,62.30866098403931,101,5d4c83aa5feb5fc2de602cdb7a7801fc2333b44f8c9e1b221370986c629db7b8,3.3489879211561027,3.369581181198689,1.8660895035990597,1.2711358775836736,0.9955797290961044,1.23642;1.29052;1.27296;1.2758,4.95484;2.83981;2.80391;2.81416,1.0006599068193942,0.0122792759506874,0.5339394755749747,0.954154;1.03809;1.00515;0.995243,4.97739;2.88345;2.79354;2.81956,1.000442415667771,0.0130720449089579,0.5366348939423625,4,2000,1000,5000
none,20260909,step1,tv,True,1.0020810054428346,3994.537363851271,1,1.1797812146344913,0.9037277724199684,0.2810673355706495,5.770131396571801,0.0500058208209432,6.425764217632672,1.1708596836989822,0.2749223617130966,5.719310365512434,1000,1.663871333939262,1.6785063568927887,57.84696103920512,9.651399744349666,2.013318281182722,9.942057709390667,1.8509212578405216,62.30866098403931,101,5d4c83aa5feb5fc2de602cdb7a7801fc2333b44f8c9e1b221370986c629db7b8,2.99607280509254,2.9259663184090634,1.850921257840527,1.2295641622856317,0.9415877690223984,1.21299;1.20973;1.26009;1.23806,2.97926;2.80109;3.54514;2.65416,1.00042309778463,0.0083394100572826,0.1950802560476575,0.908351;0.923693;0.985528;0.955644,2.90419;2.7023;3.49256;2.60427,1.0004250669569554,0.011599004385519,0.1989591281260196,4,2000,1000,5000
none,20260910,step1,meta,True,1.0101672753909106,2867.675123279041,1,1.3646258096525372,0.975805096447037,0.3038600799553231,4.991027267226244,0.0607570370193874,6.525609720475708,1.3443254183426545,0.3029084103378032,4.97818222899447,1000,2.9477419815247665,2.8820106347014613,202.85873846258815,39.06136130918232,1.9998601238293747,40.19609013929927,1.8098983618740123,82.15845489501953,101,5d3c2219efea4ce5e1e0fccd92793a1b5c723bc19b672d555f0db0c4743247e0,2.5955982036825187,2.521119942795462,1.8098983618740143,1.2240521523407255,0.9266661576212244,1.20895;1.25139;1.226;1.20873,2.48461;2.652;2.64892;2.59832,1.0007673297963124,0.009501427687479,0.0391048242072952,0.914354;0.961612;0.90752;0.921106,2.47401;2.51932;2.5565;2.54243,1.000098903351876,0.0128724503415931,0.0180574210954897,4,2000,1000,5000
none,20260910,step1,pla,True,1.0101672753909106,2867.675123279041,1,1.6930712575807365,1.5181214623110038,0.3494222121575508,8.399146984779804,0.1061931216486126,19.75505102332609,1.674996462818488,0.3457909008723794,8.442561960011302,1000,4.309503497520344,4.158863835444871,1082.5025963392425,67.95731980755971,2.190419127675574,59.63119106290575,2.7859419336922313,82.15845489501953,101,5d3c2219efea4ce5e1e0fccd92793a1b5c723bc19b672d555f0db0c4743247e0,7.786172226323891,9.739888897259435,2.7859419336922233,1.6911660022827784,1.5484110584802446,1.667;1.78022;1.5713;1.72532,10.7166;6.82098;6.9652;6.68278,1.0024291156416552,0.0213449359002083,0.9751046252860852,1.46738;1.68552;1.42563;1.63729,13.1409;8.75501;8.504;8.57983,1.0021274172505237,0.0298685889684333,1.1332086065534686,4,2000,1000,5000
none,20260910,step1,tv,True,1.0101672753909106,2867.675123279041,1,1.3008626821351763,0.9463085765804184,0.2749546234804133,5.640944259585425,0.0704772435375795,6.554010171439593,1.2979391815577097,0.2731020462647724,5.518139276388242,1000,1.6637237923184611,1.6784783898520508,61.08992364321839,10.056565747108184,2.0154549550396794,10.034759555097704,1.8650542748279024,82.15845489501953,101,5d3c2219efea4ce5e1e0fccd92793a1b5c723bc19b672d555f0db0c4743247e0,3.0372571662329446,3.0674227785091936,1.8650542748278904,1.2278103270778231,0.9465302357131984,1.24169;1.23648;1.2289;1.20629,3.45954;2.77386;2.84832;3.08297,1.000236910519814,0.0118956073557143,0.1542247572542991,0.953552;0.942668;0.939631;0.948775,3.43281;2.83736;2.86603;3.13533,1.0001639332475802,0.0125924136355791,0.138926121445939,4,2000,1000,5000
none,20260911,step1,meta,True,1.004134675531187,5087.083557554345,1,1.156925639769718,0.8300203474720603,0.2945530411442797,4.9109189276262715,0.0589318908554108,5.071158515802137,1.1435255695734656,0.292783791529654,4.857996082179743,1000,2.9492075194394087,2.883195957737079,175.97704690412704,37.41682510345973,1.990851895307951,39.98822300208582,1.600840535170435,63.950175046920776,101,3c221baea98377492ed18d237d4d81d4661e62c8c31521e43debb69dd19d7f9a,2.3457258736277327,2.1807368797395728,1.6008405351704391,1.1470740976270484,0.8173585907878387,1.14141;1.15374;1.13931;1.16198,2.40769;2.16192;2.32659;2.48611,1.000383211838321,0.0077069864072326,0.0693409238799298,0.80556;0.832264;0.794923;0.837557,2.22769;2.02663;2.13863;2.33166,1.0000953768284888,0.0123804661172846,0.0648744912435845,4,2000,1000,5000
none,20260911,step1,pla,True,1.004134675531187,5087.083557554345,1,1.0908634306342495,0.7366141320179298,0.2547857188750879,4.015727970455293,0.0478706294129489,4.169055264300613,1.083097971129651,0.255604746477671,3.972616311427523,1000,4.309486860331124,4.158702688140481,224.79757518197115,54.457838908390464,1.959203541811112,59.651877675452944,1.5283018335218583,63.950175046920776,101,3c221baea98377492ed18d237d4d81d4661e62c8c31521e43debb69dd19d7f9a,2.051951777071408,1.8311882056334592,1.528301833521866,1.0857202496137766,0.7489966339785772,1.08511;1.11541;1.06829;1.07889,1.96987;2.14236;2.06142;2.04754,1.0005149276066672,0.0084077555406465,0.0353264319653999,0.757727;0.770926;0.743505;0.726608,1.7754;1.90665;1.8562;1.78134,1.0002760904132078,0.0091969056530639,0.0315043367750291,4,2000,1000,5000
none,20260911,step1,tv,True,1.004134675531187,5087.083557554345,1,1.2174379539125495,0.9312666467361363,0.2971649666758756,5.202701943132092,0.0535381031162353,6.002206381238866,1.20656839298255,0.2956585812281776,5.176020990981757,1000,1.6625159964527418,1.678468232672954,56.97897944131454,10.058760699194158,2.019299770709688,10.068216542636993,1.8238133965963144,63.950175046920776,101,3c221baea98377492ed18d237d4d81d4661e62c8c31521e43debb69dd19d7f9a,2.8323305498233524,2.8569492937251133,1.8238133965963097,1.2276868142098905,0.943653395388222,1.2296;1.21074;1.25043;1.22029,2.78507;2.783;3.06423;2.70297,1.000199026827665,0.0094339434195168,0.0791472478766568,0.951441;0.931706;0.953439;0.941391,2.82135;2.82333;3.05112;2.73351,1.0004489956303584,0.011274131863062,0.0679074290764608,4,2000,1000,5000
none,20260912,step1,meta,True,1.00539025134867,4017.725653881512,1,1.427689821623231,1.2870809872637898,0.3618564520011635,7.760965485652924,0.0850167143227522,13.889312015370692,1.4252072431768876,0.3554296839813257,7.707331499755322,1000,2.9470246411349903,2.881613063270842,397.7011814802259,42.062999360830304,2.0832096265932094,40.26559630792459,2.2220003114019673,65.66965103149414,101,668e83a0bd1cfa11ffe376d00d8bf8dce5ef52249861c46861f0637a5b0d4e1d,4.713987320054691,5.13330908146949,2.2220003114019664,1.3901790524969495,1.1404702570922516,1.36723;1.44153;1.38111;1.37999,4.16559;4.74995;4.88423;5.04208,1.0008451527704625,0.0119206995511343,0.1911823594673931,1.13535;1.15149;1.11105;1.15889,4.47996;5.23873;5.26701;5.56048,1.0005795900777334,0.017015116800804,0.2306317184848778,4,2000,1000,5000
none,20260912,step1,pla,True,1.00539025134867,4017.725653881512,1,1.1275081429404832,0.8799424698804039,0.2602204996481195,4.670689583744458,0.0671070948014962,5.455188441874705,1.1183180956479872,0.2570329954639159,4.6186797438387295,1000,4.308712567815476,4.1518276697393475,321.9346715947019,57.51916594878447,1.9923905017236632,60.52882510087917,1.6907280977529466,65.66965103149414,101,668e83a0bd1cfa11ffe376d00d8bf8dce5ef52249861c46861f0637a5b0d4e1d,2.7943487027831115,2.6424049558687224,1.6907280977529335,1.199855441344888,0.8775552442063748,1.18608;1.23427;1.19108;1.19366,3.84621;2.3921;2.5521;2.4164,1.0005507228139312,0.0112526119294292,0.3499433350473541,0.846987;0.923903;0.87378;0.882359,3.56585;2.28162;2.46078;2.26134,1.000490745091513,0.0103748418593948,0.3110620732966117,4,2000,1000,5000
none,20260912,step1,tv,True,1.00539025134867,4017.725653881512,1,1.1321848185154058,0.8938992572589359,0.2676203429298333,5.548704276541091,0.0620633496727963,5.954553321041395,1.1185614958130814,0.2666937069529608,5.49902880908854,1000,1.6622360141231436,1.678473536204923,55.81346406716886,9.845915941932413,2.009183994525369,10.050760994499086,1.8040198501461224,65.66965103149414,101,668e83a0bd1cfa11ffe376d00d8bf8dce5ef52249861c46861f0637a5b0d4e1d,2.8340075926221022,2.788135793806185,1.804019850146132,1.19612689130594,0.9078440656077752,1.20562;1.17556;1.22617;1.18496,2.94148;2.85599;2.90548;2.63429,1.0002059440631008,0.0099509303991736,0.0689374971514921,0.936561;0.88134;0.943139;0.874104,2.91559;2.82008;2.88384;2.53609,1.0000235560328885,0.0110664422390497,0.0865772986528917,4,2000,1000,5000
performance_chasing,20260908,step1,meta,True,1.004044780420157,4553.092044320435,1,1.431778476996136,1.1859804389798705,0.2945098689501731,6.883188003175662,0.0820062298154534,11.950516987571511,1.4264469073550043,0.2915094082792082,6.8195796016219035,1000,2.9478910760347588,2.8820788829994513,388.48749077780593,42.995858329639745,2.0866957675268965,40.18414769943393,2.2590945215004345,99.47832489013672,101,a98e57816fab67fb99bb98b427d1d6fe9e3cb9a086267bd2a49019c144d3f9c2,4.493315419657059,5.01834839775245,2.259094521500454,1.410258150060135,1.1940164839892873,1.39849;1.43099;1.42272;1.39459,4.35329;4.20786;4.51063;4.90725,1.0000031307052315,0.0134858439197912,0.1507558129816479,1.24411;1.21942;1.17301;1.14446,4.90626;4.76223;4.96667;5.43146,1.0001774690708585,0.0195561377403605,0.1447655057940164,4,2000,1000,5000
performance_chasing,20260908,step1,pla,True,1.004044780420157,4553.092044320435,1,6.404114336913526,15.905487617212044,0.6799369579522014,17.248209228038377,3.956278878304472,24.145000014327778,6.96947400453854,2.3823226850297705,16.778334946264682,1000,4.29041791942621,4.149574999118227,4155.818578462574,114.0795806583012,2.961119982626801,60.81383084478317,8.312053606988576,99.47832489013672,101,a98e57816fab67fb99bb98b427d1d6fe9e3cb9a086267bd2a49019c144d3f9c2,9.183057711830092,23.538069395485103,8.312053606988584,6.777816389069392,16.007420842834293,6.46242;6.93864;6.96402;6.74363,8.63575;8.84095;10.6328;8.65794,1.0013559068356317,0.0860082284168037,0.4825195263706842,15.7218;16.1422;16.1118;16.1264,22.8147;22.5065;26.6571;22.1905,1.0008019439564062,0.0789295574825867,1.0460967339212368,4,2000,1000,5000
performance_chasing,20260908,step1,tv,True,1.004044780420157,4553.092044320435,1,1.1133495258685728,0.8256703315644498,0.2502562762973355,5.370093789725244,0.0634341632360293,7.277024887461461,1.1025986059719337,0.2470734903190364,5.3566629501134715,1000,1.6632191141250114,1.6784918424104216,56.02990819860478,9.744515491815095,2.0037725934102726,9.990275691852602,1.8119315122225363,99.47832489013672,101,a98e57816fab67fb99bb98b427d1d6fe9e3cb9a086267bd2a49019c144d3f9c2,2.87418593147397,2.807763076813856,1.811931512222548,1.221669059771884,0.9003608547312676,1.2511;1.2044;1.1862;1.24421,3.27666;2.69155;2.73069;2.80654,1.000385638547943,0.0107575822734127,0.135550438396376,0.890245;0.865674;0.895991;0.94601,3.21044;2.58529;2.68954;2.75284,1.000467361570475,0.0136889845129046,0.1380297205737048,4,2000,1000,5000
performance_chasing,20260909,step1,meta,True,1.0031980633301654,3558.5587768283845,1,1.224672204398533,0.9050972677159324,0.2735895614769553,4.935820607860795,0.0693327847077078,5.706364710867797,1.218133688964791,0.2729928634581928,4.915372513178086,1000,2.947537489551566,2.880446927917512,216.1731161685323,39.43032298741397,2.0223008976639347,40.46885274436602,1.7935014348146343,96.72348403930664,101,f3ff97ab651609772a1720dfa086c21ea4aeec737dddb31c546a84d44adfd980,2.741051597156672,2.6987738907064474,1.7935014348146396,1.2083670807908375,0.9030425269755668,1.19389;1.22395;1.22082;1.19592,2.59012;2.7116;2.9046;2.73628,1.0004815875942838,0.011614431168277,0.0647447632901303,0.935678;0.919808;0.876293;0.869049,2.63191;2.68254;2.84179;2.63894,1.0007402015900142,0.0134153737796278,0.0489636862559612,4,2000,1000,5000
performance_chasing,20260909,step1,pla,True,1.0031980633301654,3558.5587768283845,1,13.119899484647808,25.17926304211145,5.506343580334538,27.57574092731688,15.609054208988791,34.90816812636787,12.892282345197184,6.058488837970611,26.7174616672759,1000,4.295088030025803,4.146574860398926,2678.3766318249104,76.50531083757402,2.8840808714640356,61.19166149772538,14.521322692764745,96.72348403930664,101,f3ff97ab651609772a1720dfa086c21ea4aeec737dddb31c546a84d44adfd980,15.07043371603766,28.49925248238482,14.521322692764834,13.512097244582664,24.92213473410701,13.3371;13.5383;13.8409;13.3725,14.9118;15.0304;15.3975;14.9718,1.0008700515572009,0.0868216438238169,0.1092561589689267,24.7605;25.05;25.0273;24.8614,28.6575;28.7488;28.5355;28.0758,1.0001959876772712,0.0648918013291659,0.149397474364498,4,2000,1000,5000
performance_chasing,20260909,step1,tv,True,1.0031980633301654,3558.5587768283845,1,1.1602606587237212,0.8622686321317208,0.2593963965098913,5.590582309183879,0.0535636557164947,7.093746951291389,1.1456371494796294,0.2575722126225263,5.560849925942857,1000,1.663871333939262,1.6785063568927887,52.61987395850087,9.604823150153212,2.008877131813094,9.942057709390667,1.842057228354299,96.72348403930664,101,f3ff97ab651609772a1720dfa086c21ea4aeec737dddb31c546a84d44adfd980,2.738016860823969,2.6548820620490803,1.8420572283543064,1.2433317907753092,0.9161959594807486,1.27524;1.23189;1.23447;1.24312,2.99001;2.6323;2.6416;2.69923,1.0003633601058497,0.0103669822983205,0.0843835020183527,0.90055;0.885559;0.939819;0.918817,2.91279;2.50767;2.58657;2.60045,1.000186027335512,0.0139245774266972,0.0893403050408563,4,2000,1000,5000
performance_chasing,20260910,step1,meta,True,1.0041130178329474,3530.7910808397464,1,1.255447515122064,0.9713836749746068,0.30245162643935,5.6454540267786815,0.0742565573353706,7.03386706876262,1.2455871964828855,0.3009604616137878,5.620313327521486,1000,2.9477419815247665,2.8820106347014613,228.2083890604628,39.52721933246771,2.0201004330623302,40.19609013929927,1.8692637707978028,89.16644382476807,101,2d52751960481f74609866464b8c9dfd30878c562145aad2c2395db7d4358ca9,2.886796778620271,2.866394840181007,1.8692637707978144,1.256416659893656,0.9502015177122456,1.25474;1.26118;1.25669;1.2551,2.95467;2.64574;2.8051;3.14023,1.0003944262119788,0.0081654005006485,0.1055217638618449,0.966636;0.973196;0.9158;0.94667,2.97786;2.67605;2.72912;3.08631,1.00035111923755,0.0125580179281172,0.0982584320769846,4,2000,1000,5000
performance_chasing,20260910,step1,pla,True,1.0041130178329474,3530.7910808397464,1,7.942706138107749,18.592844375912968,2.36622253275427,19.004362839537276,9.464290058514273,27.01330116205743,8.36748433040303,3.6302723953696474,18.51411628681629,1000,4.291209356673342,4.154976297995827,3485.6439145976647,109.02327322758234,2.891038880547534,60.12854772670989,9.498762284328906,89.16644382476807,101,2d52751960481f74609866464b8c9dfd30878c562145aad2c2395db7d4358ca9,8.801041625094454,21.58119729931678,9.498762284328894,7.975511701056984,18.650224850323948,7.7529;8.06434;8.13176;7.93604,8.44875;8.92501;9.03356;8.80626,1.000749727775312,0.0655334108332881,0.1270006362789141,18.4338;18.7277;18.6977;18.6829,21.1117;21.6197;21.9023;21.6581,1.000281955347576,0.0574557548465204,0.1660098420250702,4,2000,1000,5000
performance_chasing,20260910,step1,tv,True,1.0041130178329474,3530.7910808397464,1,1.1212752834387207,0.8953222720100387,0.2741208460122908,5.357805627323245,0.0582979008074186,6.500468560808568,1.1123598062285165,0.2751562714316316,5.329954999784898,1000,1.6637237923184611,1.6784783898520508,55.7249050660056,9.92284244887189,2.0063704361017547,10.034759555097704,1.800947897476735,89.16644382476807,101,2d52751960481f74609866464b8c9dfd30878c562145aad2c2395db7d4358ca9,2.8078329873218637,2.785085408221238,1.8009478974767306,1.213309651336645,0.9085054852449224,1.27129;1.18733;1.18668;1.21794,3.30984;2.83247;2.45683;2.63609,1.0004471137773805,0.0086786915990602,0.1837829321909958,0.936032;0.841141;0.91125;0.94046,3.32812;2.73563;2.47585;2.60105,1.0007823916601597,0.0099699872848678,0.1885970745527277,4,2000,1000,5000
performance_chasing,20260911,step1,meta,True,1.0016640610417609,5542.689892378917,1,1.1705133548138564,0.8658715803966792,0.2848673220672492,4.435394607594318,0.0676069879442565,5.566600715912289,1.16319451343253,0.2827038543914429,4.40281986115776,1000,2.9492075194394087,2.883195957737079,174.3020568665932,37.496031696702225,1.9826262395928609,39.98822300208582,1.5969157595639598,85.57917737960815,101,a430382c61a78b49c1c6bc019f4b1be997f441d97722a369498beb01d46ea584,2.318256065703321,2.151717234157028,1.5969157595639611,1.134979055377174,0.8152960580303954,1.11005;1.14696;1.12815;1.14863,2.26921;2.34741;2.33717;2.30748,1.0000164742584936,0.0087995542372117,0.017548086362772,0.796399;0.823322;0.815384;0.83417,2.07691;2.18603;2.17682;2.16809,1.0001831944072666,0.0102102756326324,0.02528329484627,4,2000,1000,5000
performance_chasing,20260911,step1,pla,True,1.0016640610417609,5542.689892378917,1,3.5643685507095935,12.733643934680252,0.811628938295333,10.792228548223347,4.8454556896705805,22.01091617385577,4.635716882245703,2.3336480830435717,11.103021954096237,1000,4.295340393857183,4.158485076863498,4017.1770409236374,117.61171819837084,3.8557340798961697,59.679802928232526,5.474363103327064,85.57917737960815,101,a430382c61a78b49c1c6bc019f4b1be997f441d97722a369498beb01d46ea584,4.586255383202449,16.478539620616594,5.474363103327084,3.696968543575576,12.865608078503165,3.65551;3.79301;3.68542;3.65658,4.52688;4.7445;4.61022;4.47057,1.0005580758332224,0.0362956884846958,0.0595193567233159,12.7956;13.0212;12.8702;12.737,16.378;16.7752;16.533;16.2145,1.0003860734869647,0.0662496951466335,0.1192795779762895,4,2000,1000,5000
performance_chasing,20260911,step1,tv,True,1.0016640610417609,5542.689892378917,1,1.1342659502869037,0.8558482205265963,0.2794643408472487,5.359000670871012,0.0581804424142835,6.371981174380619,1.1154173959791225,0.2771197573529612,5.298897175715773,1000,1.6625159964527418,1.678468232672954,57.13276928099843,9.894079282017035,2.0195537458878965,10.068216542636993,1.7838932635791127,85.57917737960815,101,a430382c61a78b49c1c6bc019f4b1be997f441d97722a369498beb01d46ea584,2.8872645562300487,2.8641341923944577,1.783893263579107,1.2029765456535957,0.9152800851665216,1.21216;1.17392;1.18771;1.22483,3.18643;2.62244;2.95028;2.78446,0.9999450641994164,0.0089306269688145,0.1204722999022851,0.944383;0.898475;0.893763;0.931436,3.19433;2.58248;2.88137;2.79984,1.0001377145452082,0.0121251956065438,0.1267512095239199,4,2000,1000,5000
performance_chasing,20260912,step1,meta,True,1.0013761859998964,3359.4158718275503,1,1.379703860927992,1.0438933175406602,0.309652843994287,6.78245876656039,0.0736616383810262,10.159530876750006,1.361686981150486,0.3084167759216792,6.8049629210140585,1000,2.9470246411349903,2.881613063270842,349.72342275307074,41.957869712507986,2.0676443029491587,40.26559630792459,2.1190304901221033,94.36284804344176,101,c501c3b7fff683202f2101241e0dbd393b7daf0746b081c8dabf7984e252d93e,4.157989112966441,4.481464513812292,2.119030490122103,1.3502263765171345,1.1046859715905055,1.36997;1.3557;1.30079;1.36989,3.88586;4.11826;4.30756;4.331,1.0002880440103157,0.0095922971073808,0.1032411288882557,1.1749;1.12908;1.03969;1.08293,4.229;4.51344;4.57538;4.61871,1.000682271960261,0.0129351427096597,0.0877445951211474,4,2000,1000,5000
performance_chasing,20260912,step1,pla,True,1.0013761859998964,3359.4158718275503,1,8.907637845434316,21.25949987598212,2.9790651572168,20.926157612341843,11.809275718392286,30.291179981110258,9.216636464796874,4.379109943861246,20.452646000888656,1000,4.289071246287139,4.1483965207909375,3465.1402838349686,103.14259166200034,2.9769108258717902,60.962481595636184,10.555939244815926,94.36284804344176,101,c501c3b7fff683202f2101241e0dbd393b7daf0746b081c8dabf7984e252d93e,9.826041368694302,24.194576427698948,10.555939244815937,8.868155810932942,21.002389080934527,8.7883;8.98228;8.88655;8.81766,9.69813;9.9952;9.84893;9.71885,1.0009655943132678,0.0679480509737704,0.0686330817188987,20.8587;21.1408;21.0377;21.0085,24.2199;24.3251;24.2041;23.9765,1.0001541363388646,0.0556204772378432,0.0733740891062834,4,2000,1000,5000
performance_chasing,20260912,step1,tv,True,1.0013761859998964,3359.4158718275503,1,1.133345485585464,0.8945386852006703,0.2777386614404021,5.388964683811051,0.0492852013815714,6.206462052270425,1.1227297528860514,0.276793754562564,5.306595121755264,1000,1.6622360141231436,1.678473536204923,54.23863598332219,9.835799360293445,2.005147259538075,10.050760994499086,1.7767998261601936,94.36284804344176,101,c501c3b7fff683202f2101241e0dbd393b7daf0746b081c8dabf7984e252d93e,2.7567111034973797,2.703909005716477,1.776799826160189,1.215094850987503,0.9023734248708865,1.24454;1.20501;1.20099;1.21849,3.23943;2.49017;2.59354;2.70093,1.0000370327931984,0.0089130692824794,0.166782092208035,0.963302;0.859587;0.896011;0.900762,3.22272;2.42848;2.5741;2.59508,1.0002857190887158,0.0126187187088341,0.1764736656789259,4,2000,1000,5000
tv_bursts,20260908,step1,meta,True,1.0041904546241125,2857.7922212665035,1,1.3977163622084714,1.247518318166536,0.3214100681260433,6.805831706784879,0.0906495595600821,11.067550283733606,1.3936550902763472,0.3138387491047608,6.76864834336225,1000,2.9478910760347588,2.8820788829994513,420.4564190725307,43.05155692329626,2.096591850677365,40.18414769943393,2.3776310683141206,79.89895296096802,101,4415bca36729f1ecc65ae1d232519ea12db60f78fd02fe8dc82d66c703ef5510,4.854268020020946,5.455753769075306,2.3776310683141304,1.4375805503551553,1.2297709781982191,1.3903;1.48273;1.40729;1.46102,4.72778;4.29954;5.76502;4.61444,1.0011676096783384,0.0146480359784836,0.3176314016653188,1.21782;1.2746;1.1822;1.24365,5.2507;4.81142;6.48398;5.258,1.0008110961898695,0.0231516389377051,0.3598016194962,4,2000,1000,5000
tv_bursts,20260908,step1,pla,True,1.0041904546241125,2857.7922212665035,1,1.3311357073723276,1.0552079012853688,0.3057250653824905,6.964201200815285,0.0667279018830497,10.36558310589786,1.328738113739924,0.304272597252178,6.933453336789848,1000,4.309408624341329,4.154118209407462,392.8842038819957,61.86320475455827,2.0454019604131486,60.237858000361825,2.0614531908930154,79.89895296096802,101,4415bca36729f1ecc65ae1d232519ea12db60f78fd02fe8dc82d66c703ef5510,3.1723324418115912,3.332665848697975,2.061453190893026,1.3700848559045764,1.0922339956250413,1.37791;1.42619;1.34232;1.32993,3.10629;3.21759;3.29242;3.04827,1.0015401196053828,0.0135168094000341,0.0548240224009917,1.10244;1.19764;1.01842;1.06607,3.30629;3.51229;3.35999;3.15844,1.0017874748197375,0.0166783657695358,0.0730593541200379,4,2000,1000,5000
tv_bursts,20260908,step1,tv,True,1.0041904546241125,2857.7922212665035,1,1.7102167127877188,0.3079940142818335,0.3784190229746586,8.028600307451944,0.0054739481918907,3.2594928763302815,1.2352029927494437,0.2699598489409336,5.907045873969471,1000,1.5611617572810204,1.6686396936866597,86.20866731895335,10.077809419474512,2.0693073827717923,27.47267302660226,1.8663894854610563,79.89895296096802,101,4415bca36729f1ecc65ae1d232519ea12db60f78fd02fe8dc82d66c703ef5510,2.7880031334397484,0.6434372308366397,1.8663894854610552,1.742177498052964,0.3278587801993646,1.77753;1.71556;1.74137;1.72367,2.84913;2.74213;2.78363;2.76465,1.0003215091629043,0.0155207961128349,0.0230342396694807,0.352743;0.309337;0.326755;0.329028,0.691135;0.599976;0.642782;0.657756,1.0006423090488603,0.0063599589838989,0.0189060718734214,4,2000,1000,5000
tv_bursts,20260909,step1,meta,True,1.0179165029058836,1992.4878384474396,1,1.228060896671777,0.971488982592312,0.3024784408844658,5.035667842799243,0.0614372342134567,6.1558114387348875,1.2193120837729226,0.2995955993391386,5.002392598501288,1000,2.947537489551566,2.880446927917512,194.49595378331355,39.26595778916298,2.0066538651664585,40.46885274436602,1.6839888040582185,66.07623291015625,101,b93190b855545943d98a3537562142d3f2647334eacf8d834fa3a894422a8fc5,2.475762473869545,2.4088188892736175,1.6839888040582105,1.1847590084143995,0.8892861895988857,1.17608;1.21167;1.16706;1.19337,2.43453;2.43138;2.47119;2.55922,1.0000775710285077,0.0094661588608981,0.0297848940078123,0.886049;0.895337;0.875979;0.901095,2.40071;2.37838;2.3869;2.48303,1.0000276345737928,0.0126252089295793,0.0240368935861479,4,2000,1000,5000
tv_bursts,20260909,step1,pla,True,1.0179165029058836,1992.4878384474396,1,1.267040300459176,0.9757151755842955,0.2937079194744318,5.529473690724572,0.0703853124317963,6.7659363927707865,1.2507372113236186,0.2915859961651904,5.497776333285732,1000,4.307344100278896,4.147220200695105,334.33124344752747,60.832343599496994,2.0086001908650633,61.11055535994707,1.8524926090931804,66.07623291015625,101,b93190b855545943d98a3537562142d3f2647334eacf8d834fa3a894422a8fc5,2.7479978015739555,2.7471673802026992,1.8524926090931635,1.274608974945398,0.9979616206760422,1.2892;1.25816;1.25745;1.30382,2.76081;2.72596;2.76846;2.74301,1.0012755698463276,0.0117695869804252,0.0095016363792134,0.99869;1.01447;1.0014;0.977132,2.78215;2.76076;2.75968;2.68616,1.00032715129821,0.0189165519494129,0.0209891874638585,4,2000,1000,5000
tv_bursts,20260909,step1,tv,True,1.0179165029058836,1992.4878384474396,1,1.8009956055583167,0.4033313890426462,0.3882314191896234,10.636089957268736,0.0085819747174785,4.609924341051172,1.2696104435344946,0.2696251350041275,7.447881681505486,1000,1.5644408725123478,1.6691579947055617,110.26561831813844,10.693896158324394,2.0724930882132773,26.83587652394724,2.3786983316706025,66.07623291015625,101,b93190b855545943d98a3537562142d3f2647334eacf8d834fa3a894422a8fc5,3.5774560458469984,0.958938946680708,2.3786983316706154,1.9671719856389367,0.431902405334308,2.07271;1.88008;2.03953;1.90265,4.22299;3.33818;3.44261;3.30703,1.0026023586600528,0.0218066664758115,0.217040977935014,0.47092;0.414847;0.442843;0.400983,1.1384;0.895228;0.907916;0.889803,1.0009872402884723,0.0079788896934527,0.0603070613822577,4,2000,1000,5000
tv_bursts,20260910,step1,meta,False,1.1187160126919773,99.76378814857422,1,1.213845869505659,0.9478561116099689,0.297123904464017,4.696345148587562,0.0452740534219224,6.500745143071205,1.2002209894184772,0.2965147023614914,4.6338547583556995,1000,2.9477419815247665,2.8820106347014613,201.32995437383948,39.34455297827858,1.984154236712394,40.19609013929927,1.714021911047189,80.82931613922119,101,db50cbb7b15b71cd181a78ef74133900780ef04a46ed0fdf2dcbd6114843bf5c,2.5575381948965736,2.4833850501185433,1.7140219110471953,1.170023116520047,0.9343878621831464,1.17374;1.18398;1.10662;1.21255,2.42626;2.69227;2.61714;2.4814,1.0075607765200387,0.0469997684567887,0.0610281835018467,0.88929;0.738379;1.01455;0.906499,2.37701;2.32424;2.72184;2.41621,1.009494653692947,0.0693659439946295,0.0893476138581714,4,2000,1000,5000
tv_bursts,20260910,step1,pla,False,1.1187160126919773,99.76378814857422,1,1.7968214167732954,1.7065064044166527,0.3771270069410895,17.97134259686454,0.0869770880533628,29.05071721685383,1.7764251135314029,0.3763361793806308,17.915009008521622,1000,4.309503497520344,4.158863835444871,1110.4210229022049,69.60126422035202,2.1937793126685774,59.63119106290575,3.908244906860901,80.82931613922119,101,db50cbb7b15b71cd181a78ef74133900780ef04a46ed0fdf2dcbd6114843bf5c,7.746756237213113,9.924687999983666,3.908244906860926,1.840416010427255,1.759340368364581,1.60954;2.19518;2.07072;1.65236,8.20188;8.52969;7.88469;6.07372,1.0413770695478828,0.1329079473285173,0.5489505964842766,1.44678;2.30117;2.08985;1.51459,10.0799;10.8572;11.0652;7.39554,1.0331843388028754,0.1981943668709734,0.845003484308228,4,2000,1000,5000
tv_bursts,20260910,step1,tv,False,1.1187160126919773,99.76378814857422,1,2.2820575696206955,0.5038589765891275,0.4414466199095393,11.364387447549069,0.0076397815363128,5.287250045502398,1.5902279612192711,0.33537066640968,6.991356004928974,1000,1.5626211877353788,1.6684767320221985,124.1062968361794,11.635486786392304,2.1502623621255603,27.66991678782274,2.4465009993283093,80.82931613922119,101,db50cbb7b15b71cd181a78ef74133900780ef04a46ed0fdf2dcbd6114843bf5c,3.882499286470482,1.121887919512354,2.4465009993283373,2.3047070937070986,0.5330638935106762,2.15676;2.02007;3.02205;2.24501,3.76055;3.55688;4.39623;3.78677,1.0151550397460758,0.176291620769756,0.1811452697922907,0.515306;0.410634;0.826823;0.48045,1.05392;0.975294;1.51139;1.0164,1.017005930106234,0.0614710979563749,0.125081649345399,4,2000,1000,5000
tv_bursts,20260911,step1,meta,True,1.00068267076856,5787.622772005966,1,1.16711665142657,0.901584930027316,0.3045689333750707,4.886073521124701,0.0596296146998871,5.345869676641225,1.1595117611004713,0.3001652355280709,4.863397726418112,1000,2.9492075194394087,2.883195957737079,172.95330570246432,37.93107459708936,1.9911511581178316,39.98822300208582,1.6049697183806584,67.8442280292511,101,fc7db5c014b687ef68ee64e6a065988f30aebee0d4be983d6baaeb5bca94d6c4,2.276156749660421,2.1470435355533684,1.6049697183806566,1.1328366836111845,0.8284431158396239,1.13;1.15548;1.09939;1.14979,2.25858;2.26334;2.3346;2.25554,1.0002902436519825,0.0071550680466287,0.0189294124060423,0.830216;0.823547;0.804984;0.852366,2.11971;2.15166;2.16475;2.1476,1.0001565573953666,0.0102286053580819,0.0094761619196752,4,2000,1000,5000
tv_bursts,20260911,step1,pla,True,1.00068267076856,5787.622772005966,1,1.052172329244819,0.7112417548942516,0.2477160377422514,4.186859014683927,0.0448553999965764,3.84439897834374,1.0447700689604489,0.2447253837049647,4.17333076179128,1000,4.309486860331124,4.158702688140481,220.46522548099776,53.99465265081976,1.9641854152787024,59.651877675452944,1.4969364664411184,67.8442280292511,101,fc7db5c014b687ef68ee64e6a065988f30aebee0d4be983d6baaeb5bca94d6c4,2.028188797453894,1.7975722175118007,1.496936466441113,1.0970608210907251,0.7451485681556309,1.08945;1.09985;1.0848;1.11395,2.05979;1.96204;2.00478;2.09099,1.0001334521306449,0.007845313248735,0.0286661951857054,0.733425;0.766705;0.737057;0.742701,1.8095;1.75583;1.76424;1.85799,1.000052444094062,0.0096253370323501,0.0235282385156925,4,2000,1000,5000
tv_bursts,20260911,step1,tv,True,1.00068267076856,5787.622772005966,1,2.532678038510299,0.7086167610472704,0.3931116715842285,15.02362136842147,0.0089243141258827,8.86961360453735,1.737142278549888,0.3000105809868073,9.281568752201643,1000,1.5573972904735005,1.6685555740207183,159.6491382463206,12.502560219547233,2.1970445619142764,27.574661837693583,3.0029030126962337,67.8442280292511,101,fc7db5c014b687ef68ee64e6a065988f30aebee0d4be983d6baaeb5bca94d6c4,4.923594800982951,1.6182201122954285,3.002903012696219,2.6582463837693298,0.7262836762946754,2.61968;2.53029;2.83681;2.66559,4.92611;4.77724;5.06725;4.92803,1.000359529622293,0.0461872371263656,0.0592170462628354,0.729923;0.652155;0.783196;0.743568,1.63305;1.5465;1.66511;1.62526,1.0002235690479064,0.0174440198315053,0.0251830936735874,4,2000,1000,5000
tv_bursts,20260912,step1,meta,True,1.0036486404078575,4220.331251021455,1,1.3483877443559042,1.2046078586042106,0.307355043693354,7.25950706896025,0.0772917707247676,12.446234398532376,1.339849623226573,0.3040862768632004,7.086819813961011,1000,2.9470246411349903,2.881613063270842,394.96544243458675,42.454139304305755,2.067561442404026,40.26559630792459,2.210456003902872,79.66481733322144,101,56319c2d7762442e1e831d0ff1d9c852cb70ed7b0c68e81cec951bf1c9c362f5,4.636420607814408,5.055031749087318,2.21045600390287,1.3709392233620754,1.1472143031900566,1.35227;1.37158;1.38185;1.37131,4.60045;3.65484;5.79452;4.47906,1.0009062160891973,0.0128605910491439,0.4407077939303871,1.15052;1.1496;1.15057;1.13375,4.99277;3.95119;6.43944;4.84858,1.0005046850681325,0.017984199176683,0.5149043542547631,4,2000,1000,5000
tv_bursts,20260912,step1,pla,True,1.0036486404078575,4220.331251021455,1,1.200739003843199,0.8682513849505111,0.2776512188631844,5.196748511260139,0.0433719852321981,5.440363423537912,1.188286327409544,0.2756131238831901,5.1292361111297815,1000,4.308712567815476,4.1518276697393475,276.7635632237655,57.02863856009501,1.992282650610488,60.52882510087917,1.6821055565206526,79.66481733322144,101,56319c2d7762442e1e831d0ff1d9c852cb70ed7b0c68e81cec951bf1c9c362f5,2.421709304107801,2.2693917207723895,1.6821055565206509,1.1966463781651333,0.8684527455995192,1.19624;1.21933;1.16022;1.22014,2.50524;2.36459;2.42579;2.3854,1.0000972182794776,0.0108744615261965,0.0310461951254635,0.865913;0.906884;0.843341;0.85042,2.3757;2.26274;2.24287;2.19371,1.0005062044784416,0.012861898351678,0.0384867842983574,4,2000,1000,5000
tv_bursts,20260912,step1,tv,True,1.0036486404078575,4220.331251021455,1,2.9761557355996056,0.8142359533837404,0.4061886119807575,18.760108764768237,0.0136168279007607,11.82610365822619,2.1136429463745943,0.3229500794750975,11.11273722612296,1000,1.5556373052427983,1.6688381995375352,207.2911737855648,13.230595907553695,2.272045725423208,27.230512709620488,3.8197090850833217,79.66481733322144,101,56319c2d7762442e1e831d0ff1d9c852cb70ed7b0c68e81cec951bf1c9c362f5,6.375676407011527,2.353487354946371,3.819709085083298,3.264919318003223,0.9933061015829778,3.41048;2.92322;3.33767;3.33804,6.60071;5.95585;6.53384;6.41319,1.0007019814795577,0.0765001048099223,0.1452918761251313,1.07474;0.849662;1.08879;0.986517,2.499;2.10192;2.42313;2.38914,1.0012521957588565,0.0355610167683174,0.0868824874571307,4,2000,1000,5000
