row,seed,config,channel,converged,max_rhat,min_ess_bulk,n_knots,est_avg,est_marg,avg_lo,avg_hi,marg_lo,marg_hi,meridian_roi_median,meridian_roi_lo,meridian_roi_hi,n_saved_draws,true_avg,true_marg,cap,k,s,mean_weekly_spend,meridian_incremental_over_spend,wall_seconds,sampler_seed,instance_sha256,plugin_avg,plugin_marg,meridian_roi,all_avg_median,all_marg_median,chain_avg_median,chain_avg_plugin,rhat_avg,mcse_avg_median,mcse_avg_plugin,chain_marg_median,chain_marg_plugin,rhat_marg,mcse_marg_median,mcse_marg_plugin,sampling_n_chains,sampling_n_adapt,sampling_n_burnin,sampling_n_keep,iroas,iroas_lo,iroas_hi,prior_loc,prior_scale
all_four,20260908,arm1,meta,True,1.0029732719381426,10508.055171392116,1,1.348934407312239,0.5695784954972652,0.2978963165221538,7.3362276036203165,0.1158274826628739,3.511810482998127,1.3264837214367091,0.2919588387108784,7.218880658107409,1000,2.9039797458623555,2.8043164796987585,252.3280857883619,46.992722920664775,1.0,52.235683511709986,2.3287462812455875,63.03788614273071,20260908,49ebaf7574e43654e31b0c50bea504b3b2047817427596565c12504aa9aeb3bb,2.542901724017167,1.2042708409694631,2.328746281245588,1.4074101065483815,0.5945935419774495,1.41372;1.36855;1.43819;1.40466,2.75338;2.37563;2.58251;2.45721,1.0003523283904172,0.0115504938552309,0.0822561916594592,0.608319;0.569246;0.616122;0.58121,1.31438;1.1231;1.2284;1.15113,1.0005088625268728,0.0060090853935952,0.0429327288610329,4,2000,1000,5000,,,,,
all_four,20260908,arm1,pla,True,1.0029732719381426,10508.055171392116,1,34.00967946456597,21.930425302134378,25.47220327408867,44.33537214833063,16.68752926975194,26.8154496568504,33.28737591991863,24.920169409306787,43.44445066826332,1000,4.205673788836491,4.00530153697721,7521.210482001225,146.5517007238842,1.0,77.24437018688023,33.187068707347656,63.03788614273071,20260908,49ebaf7574e43654e31b0c50bea504b3b2047817427596565c12504aa9aeb3bb,33.60742863533204,22.007651024835923,33.1870687073477,33.55169839315817,21.724950162646756,33.4384;33.5595;33.6407;33.4749,33.5327;33.5632;33.7635;33.5735,1.000708360002715,0.0668860583428809,0.0524988030880436,21.6735;21.7686;21.7636;21.6982,21.9538;22.0117;22.0659;21.9999,1.0002971991997684,0.0270195182496024,0.0230518531717177,4,2000,1000,5000,,,,,
all_four,20260908,arm1,tv,True,1.0029732719381426,10508.055171392116,1,1.238027619501779,0.2628784715355879,0.2760660277802837,4.1725071327070875,0.0436331775561006,1.088886899036486,1.0068628911211523,0.2293055151700651,3.526030821325887,1000,1.5617332391065215,1.6684096432081577,60.74286964999333,9.049577571797736,1.0,27.750719040269303,1.3499805715333024,63.03788614273071,20260908,49ebaf7574e43654e31b0c50bea504b3b2047817427596565c12504aa9aeb3bb,1.650608153796113,0.405901799402299,1.349980571533298,1.2016152659822357,0.2709987626023287,1.2174;1.19693;1.20319;1.19288,1.6771;1.6412;1.64134;1.64265,1.0009520531181733,0.0072281299452461,0.0088474560516214,0.272724;0.269358;0.271279;0.270949,0.414222;0.39866;0.403065;0.4077,1.00030561943951,0.0025776464082016,0.0033285927049262,4,2000,1000,5000,,,,,
all_four,20260909,arm1,meta,True,1.0003370559665803,11400.293959686936,1,1.2087848181502507,0.508846070354591,0.2780964222657364,5.911579984158278,0.0973036712487286,2.7379455037473255,1.1868147863240217,0.2702699071341198,5.8165085204432705,1000,2.903441947764001,2.802644360817236,202.26547465476213,44.635810100716306,1.0,52.46872231392549,1.9493778929678165,60.99420189857483,20260908,396b57ad813d87e465cf7b1486325b4dbadb2f6302fe38f595cc008dbeef17bc,2.0829663623843757,0.9574722101744562,1.9493778929678196,1.2840392251603956,0.5233560702406,1.26919;1.25426;1.29347;1.32045,2.08343;2.05847;2.08243;2.10339,1.000357629249726,0.0105334066649962,0.0091912771764032,0.525715;0.516744;0.52841;0.522111,0.968348;0.941725;0.956532;0.963487,1.0001733141680549,0.0048194364030408,0.0057972887716475,4,2000,1000,5000,,,,,
all_four,20260909,arm1,pla,True,1.0003370559665803,11400.293959686936,1,39.78577042201955,24.915217108270447,29.3376000360341,53.070814942510474,18.971100599210097,30.50123497263387,39.04190916645789,28.793600519251942,52.089270911196415,1000,4.205941503227249,3.997756283104515,8616.590836724365,140.4475747133726,1.0,78.02760176457576,38.96369950401736,60.99420189857483,20260908,396b57ad813d87e465cf7b1486325b4dbadb2f6302fe38f595cc008dbeef17bc,39.439679031883394,25.35394347252546,38.963699504017306,39.19537240708352,24.92258466014735,39.0564;39.2728;39.3694;39.1212,39.387;39.5614;39.4405;39.3637,1.000010709079144,0.0637352475616097,0.0441333392680339,24.8864;25.0027;24.9231;24.8501,25.3076;25.433;25.367;25.3064,0.9999657954897164,0.034298491283776,0.0300400141590106,4,2000,1000,5000,,,,,
all_four,20260909,arm1,tv,True,1.0003370559665803,11400.293959686936,1,1.3207025730995197,0.3046677269538738,0.3178762260754966,5.160685089920353,0.0525691319213294,1.4226852868633983,1.0552240828405248,0.2581960127282059,4.258383266592791,1000,1.5677262364396267,1.668865421114884,68.09726723484847,9.491902236760655,1.0,27.197139590153665,1.511072177640928,60.99420189857483,20260908,396b57ad813d87e465cf7b1486325b4dbadb2f6302fe38f595cc008dbeef17bc,1.8560655673731368,0.4801867841219506,1.5110721776409346,1.3124786681212923,0.3107209789724973,1.32374;1.31402;1.31366;1.29249,1.89156;1.84889;1.83608;1.84742,1.0014551072640014,0.0083506858312992,0.0121997026125281,0.312946;0.314388;0.310651;0.306595,0.490875;0.474034;0.47714;0.478831,1.0002294719026423,0.0031032692771009,0.0036880078229595,4,2000,1000,5000,,,,,
all_four,20260910,arm1,meta,True,1.0006134036818923,11284.555235776064,1,1.366372468519898,0.5705810601509153,0.2985325514667236,5.663105786138007,0.103416631989342,2.888210009443577,1.342039515831618,0.2933257097445664,5.572079402169514,1000,2.907635784884057,2.8070101488634114,200.8899932121986,44.67530370194266,1.0,51.85846383933048,1.9567938704627648,61.81732368469238,20260908,ba340f7e88c433ec6dbb6411595050c664dfe6c089c5089fbc89a6d8bb091624,2.0810333868540645,0.9630909598540908,1.956793870462764,1.299095801800016,0.5348339659413568,1.28903;1.29675;1.29904;1.30939,2.15563;2.05375;2.02892;2.08662,1.000103682939688,0.0093955708373991,0.0274713511161568,0.531639;0.532132;0.540929;0.534608,0.99946;0.952949;0.938681;0.961189,1.000111689430088,0.0051276251546874,0.0129904069914262,4,2000,1000,5000,,,,,
all_four,20260910,arm1,pla,True,1.0006134036818923,11284.555235776064,1,37.61607406441368,24.409602974184736,28.414887340346457,49.607472825814575,19.15958157496431,29.90804139623914,36.853009072003424,27.854118117403527,48.57614870562062,1000,4.211340386105768,4.016354130206488,8361.322634358901,146.64124399276366,1.0,76.08611184253716,37.090652349105504,61.81732368469238,20260908,ba340f7e88c433ec6dbb6411595050c664dfe6c089c5089fbc89a6d8bb091624,37.5406182280627,24.716330614173916,37.09065234910565,37.42790787707084,24.39327278031435,37.3718;37.3977;37.4165;37.5213,37.5023;37.5581;37.6107;37.5234,1.0000071675127704,0.0590751283922124,0.0236892456540215,24.3444;24.445;24.3859;24.3868,24.6758;24.7477;24.7373;24.7146,1.0000339315096305,0.0288783850916605,0.0159284992292516,4,2000,1000,5000,,,,,
all_four,20260910,arm1,tv,True,1.0006134036818923,11284.555235776064,1,1.2821576891797075,0.286472942076496,0.3018500104313892,4.723378538903806,0.0517998169491227,1.371642301934907,1.0469025692951517,0.2451587225089032,4.056560322275948,1000,1.5626780211964495,1.6681867785887865,68.06805137966,9.461578162438954,1.0,28.017496774163018,1.47374488268548,61.81732368469238,20260908,ba340f7e88c433ec6dbb6411595050c664dfe6c089c5089fbc89a6d8bb091624,1.8161614579549,0.4584892694160641,1.473744882685477,1.2968348520188968,0.2972707193313618,1.31994;1.2953;1.28549;1.29257,1.83754;1.81893;1.77758;1.8314,1.000795112734717,0.0104593309037798,0.0134960057479416,0.297503;0.298185;0.295182;0.29802,0.463532;0.451078;0.450965;0.467911,1.000188146790178,0.0026370939048848,0.0043365916206127,4,2000,1000,5000,,,,,
all_four,20260911,arm1,meta,True,1.003687734168876,11453.45978188414,1,1.344638231436501,0.5651989778338327,0.2896666708725419,6.684629007861243,0.0946084311213247,3.1712100537927648,1.3153642757815116,0.2855757750073066,6.634416008577418,1000,2.905771249635852,2.807722931957454,230.65917315201145,45.292428053859425,1.0,51.75826718821224,2.1906969426120826,64.1901330947876,20260908,74ca393eefbdbff4db5a2f4e7cdd3a7a15a1fb08a94bd6b97b24a8c077eec324,2.376687488705596,1.1091723467471382,2.190696942612072,1.3510044464027475,0.5611430186176483,1.34081;1.33226;1.35529;1.38188,2.2471;2.23411;2.62341;2.39963,1.000413189896548,0.0110270499176527,0.090608050864417,0.551487;0.547378;0.571458;0.570039,1.04673;1.04117;1.22697;1.12197,1.00039289790442,0.0052111964872408,0.0433623081613839,4,2000,1000,5000,,,,,
all_four,20260911,arm1,pla,True,1.003687734168876,11453.45978188414,1,39.29297466661765,25.287998457280388,29.15156922538151,51.52739764671134,19.11963499788635,30.577167486703225,38.49194590081402,28.56357549506639,50.46529968195688,1000,4.214994016253593,4.02050855146962,8528.622703694684,143.31922714360724,1.0,75.6472726293495,38.43952899739254,64.1901330947876,20260908,74ca393eefbdbff4db5a2f4e7cdd3a7a15a1fb08a94bd6b97b24a8c077eec324,38.94944072512412,25.49341453988424,38.43952899739256,38.72753568953719,25.178394730371075,38.6849;38.6665;38.8688;38.7336,38.837;38.9402;39.055;38.9204,1.0002849286080198,0.0630954434169304,0.0449198306174708,25.1223;25.2494;25.2294;25.1021,25.4825;25.523;25.5012;25.4524,1.0000626998425064,0.034816223489317,0.0149692296375558,4,2000,1000,5000,,,,,
all_four,20260911,arm1,tv,True,1.003687734168876,11453.45978188414,1,1.2819696177940982,0.2897056660084085,0.3050462122901228,4.957279463116327,0.0479641392960339,1.2506861308386508,1.0635256332783365,0.2496043773761782,3.983295545839309,1000,1.5601744465690817,1.6683202265426549,66.26579134301345,9.430816995393124,1.0,27.85805547989353,1.4469409990395117,64.1901330947876,20260908,74ca393eefbdbff4db5a2f4e7cdd3a7a15a1fb08a94bd6b97b24a8c077eec324,1.777092921941562,0.4494487795323338,1.446940999039512,1.2745902114722032,0.2942272247314992,1.27686;1.2631;1.29485;1.26752,1.80085;1.76671;1.77087;1.76993,1.00078082271112,0.0104470228842203,0.0079700827090666,0.296275;0.295882;0.293989;0.290431,0.457148;0.448601;0.442578;0.449446,1.0003799025097455,0.0025055189503365,0.0029888783959519,4,2000,1000,5000,,,,,
all_four,20260912,arm1,meta,True,1.0015837747550411,12357.168481290491,1,1.4141076053211583,0.5752861467387493,0.2748688788242346,7.0041809407752105,0.0992997842869062,3.347258882310103,1.388798112395487,0.2704352513543936,6.8507196079004204,1000,2.903186020679774,2.8040391267249216,239.57960982749128,45.37944370775631,1.0,52.27439652323443,2.253568270646287,65.5026581287384,20260908,a1b035cc3cd79d0f28990569aaabc6c73ecd56e796241a85bd2958ec27a9ae33,2.4533557437248636,1.1400669848043912,2.253568270646304,1.3946386053089783,0.5758815946377349,1.39748;1.38649;1.36642;1.42657,2.51274;2.37387;2.33409;2.5893,1.0003017079686178,0.0100880019170066,0.0595466429402667,0.582236;0.57118;0.563017;0.591844,1.17014;1.09494;1.08656;1.20878,1.0004641834575958,0.0046771370787658,0.0296149990202655,4,2000,1000,5000,,,,,
all_four,20260912,arm1,pla,True,1.0015837747550411,12357.168481290491,1,41.85409109965168,26.895835811656447,31.55802287714071,54.16423368970644,21.092762868525934,32.64092804719636,40.922491806490065,30.92223287130678,52.97516169301969,1000,4.2023129224621805,4.002145007324617,9259.2948918752,144.40511624110164,1.0,77.57275544864905,41.06628280206198,65.5026581287384,20260908,a1b035cc3cd79d0f28990569aaabc6c73ecd56e796241a85bd2958ec27a9ae33,41.71269334817542,27.13570633490627,41.06628280206224,41.476182585894946,26.746158679391115,41.4723;41.198;41.6141;41.6186,41.5649;41.6095;41.9279;41.7017,1.000618364447626,0.0648156305683791,0.0808120148415435,26.7291;26.6979;26.8516;26.7112,27.093;27.1241;27.2242;27.0867,1.0001310888322663,0.0284800748682236,0.0317970259968228,4,2000,1000,5000,,,,,
all_four,20260912,arm1,tv,True,1.0015837747550411,12357.168481290491,1,1.3063197972615768,0.2855532668548183,0.3089577881855675,4.7085025799315465,0.0499672472378417,1.3716516420560585,1.0724642909663449,0.2521719005025028,3.907935705371532,1000,1.554977814990789,1.6684888805141709,66.83684547007138,9.432852856265926,1.0,27.655260274877385,1.4647574870351707,65.5026581287384,20260908,a1b035cc3cd79d0f28990569aaabc6c73ecd56e796241a85bd2958ec27a9ae33,1.802109620236995,0.4583418658417386,1.46475748703517,1.2789763804939518,0.298629203095705,1.28942;1.25828;1.29098;1.27499,1.84031;1.77715;1.77411;1.81628,1.0010605730129338,0.0086878205831714,0.0159874087287969,0.30243;0.298073;0.298014;0.297469,0.467032;0.455973;0.449064;0.461572,1.0005264948668908,0.0032922878871495,0.003847467600711,4,2000,1000,5000,,,,,
anticipatory_spend,20260908,arm1,meta,False,24.89121324479805,7.053795986139737,1,59.19378539551279,37.53835263250508,0.6077697534574655,81.11287156580303,0.2365314940059925,47.158042248414,58.15535580029071,0.6005731832928467,79.74892499636724,1000,2.902068726425093,2.803719524735285,6693.589286894617,79.09523916834533,1.0,52.318977454498125,47.69680211887538,69.4144287109375,20260908,d805b6f9f379fec5168abeec9ffaf7078e1e90725a9c4a53259e741c11dbd6f8,50.935046899112166,30.65665060040282,47.696802118875375,59.0112904067813,37.131988614503015,63.3845;63.4121;62.9011;1.3219,63.9643;64.0242;63.0577;2.59285,1.5301375233769292,5.277765485035076,15.273911673374764,39.4218;39.3829;39.1888;0.547595,40.0417;39.9772;39.0257;1.19354,1.5318449583657612,2.8577896071123305,9.624810151214112,4,2000,1000,5000,,,,,
anticipatory_spend,20260908,arm1,pla,False,24.89121324479805,7.053795986139737,1,1.8668433532631012,0.7821828360004084,0.2883409580522864,51.50009938602158,0.098570284464104,30.236490090647205,1.8297842586772128,0.2837194630771978,50.75114771472743,1000,4.2082778152247355,3.9992683962614737,2564.213237898119,81.724354789818,1.0,77.87111187997822,12.698466735495868,69.4144287109375,20260908,d805b6f9f379fec5168abeec9ffaf7078e1e90725a9c4a53259e741c11dbd6f8,16.06695535533906,8.227436470322727,12.69846673549584,1.8095001921255824,0.7670663269231734,1.20182;1.22151;1.28302;44.251,1.96011;1.92519;3.96339;44.3094,1.5312705229450243,1.068143713091641,10.434179397526805,0.488953;0.482617;0.499317;27.1902,0.897212;0.873719;1.82377;27.5624,1.5314610136205344,0.5012298456751689,6.5947596645939655,4,2000,1000,5000,,,,,
anticipatory_spend,20260908,arm1,tv,False,24.89121324479805,7.053795986139737,1,1.136759469885615,0.5267492089141921,0.266133467327023,4.994848544397395,0.0963798492707006,2.5033022912144647,1.1311335831351743,0.2639400760577359,4.96109216681657,1000,1.6632191141250114,1.6784918424104216,36.70431788028563,9.74142152245581,1.0,9.990275691852602,1.778802187579387,69.4144287109375,20260908,d805b6f9f379fec5168abeec9ffaf7078e1e90725a9c4a53259e741c11dbd6f8,1.8601703381942003,0.9183550313759784,1.7788021875793878,1.186869965731311,0.5331351951694584,1.19297;1.20917;1.14772;1.20487,1.8781;1.88101;1.80473;1.87394,1.0009194615051455,0.0108006475863862,0.0182968926462164,0.53936;0.536324;0.517401;0.539513,0.927161;0.928202;0.886801;0.931234,1.000719653131163,0.0051412806961688,0.0105516784742807,4,2000,1000,5000,,,,,
anticipatory_spend,20260909,arm1,meta,True,1.0018202025692404,11078.250893059385,1,1.1972430344800755,0.4968976053149714,0.2917153381045684,6.003990381103312,0.0852256936098116,2.66531610369383,1.1724860399950865,0.2865174245385289,5.852206227408157,1000,2.9022812779279774,2.802292011571141,189.70534742460976,42.887940484598104,1.0,52.51771991262367,1.854863590760204,65.42886114120483,20260908,11f02ba74dfb6ef40fe93e27ba4d3fe811c6415db29341eeb90348173eb0dbb6,1.9884076755485052,0.8938537813312619,1.854863590760212,1.2224822727412628,0.4910077899773105,1.24093;1.19924;1.22999;1.2045,2.04283;1.86611;1.96313;2.08138,1.0005362089931384,0.0071956845874006,0.047610107589455,0.505365;0.475087;0.499114;0.486417,0.917449;0.825456;0.890494;0.941768,1.00068070462891,0.0040845968383598,0.0250699865561438,4,2000,1000,5000,,,,,
anticipatory_spend,20260909,arm1,pla,True,1.0018202025692404,11078.250893059385,1,47.17870808452997,28.498161924775935,33.80307303924621,63.42381764735322,21.13763009673045,35.1721268449464,46.40826299834244,33.26642200308267,62.48143881865243,1000,4.194886678532991,3.9836040021972514,9774.80836143331,128.55446246399703,1.0,79.48104785030948,46.50258854617304,65.42886114120483,20260908,11f02ba74dfb6ef40fe93e27ba4d3fe811c6415db29341eeb90348173eb0dbb6,46.98624935072491,29.034908646955103,46.50258854617285,46.67191268142312,28.58555939910991,46.631;46.4643;46.8472;46.7694,46.9426;46.8375;47.2165;46.9692,1.0005497018241625,0.0884125441544867,0.0802200518284585,28.7052;28.4935;28.5665;28.5691,29.0503;28.9726;29.0886;29.0324,1.0003601614386652,0.035425876502515,0.024152912453037,4,2000,1000,5000,,,,,
anticipatory_spend,20260909,arm1,tv,True,1.0018202025692404,11078.250893059385,1,1.1932613878941205,0.5393732694690763,0.2756085442824688,4.890442972592933,0.1084062213089955,2.6447957398034583,1.18597638755555,0.2743897622117726,4.87123250435452,1000,1.663871333939262,1.6785063568927887,36.763167617714856,9.659762269613903,1.0,9.942057709390667,1.7973036323037377,65.42886114120483,20260908,11f02ba74dfb6ef40fe93e27ba4d3fe811c6415db29341eeb90348173eb0dbb6,1.875497665884685,0.9242438536642792,1.7973036323037437,1.2143956023223266,0.5360763181569606,1.20629;1.22008;1.21753;1.2162,1.84961;1.89946;1.88772;1.86527,1.000416340668621,0.0082433245542888,0.0111730124045238,0.54715;0.53668;0.533914;0.525968,0.912963;0.935468;0.929754;0.918786,1.0001338598164022,0.0048268056074162,0.0051102576892543,4,2000,1000,5000,,,,,
anticipatory_spend,20260910,arm1,meta,True,1.00187346621787,8976.428840555996,1,1.172374521880733,0.4698813597384565,0.2818340688908352,5.212936690524471,0.0847217942939125,2.319617345301635,1.1534675918032766,0.2762727321380366,5.136215705909498,1000,2.907714705054078,2.807113036828301,171.8330651230536,42.31657033638781,1.0,51.84401064171163,1.7059391054011164,69.57616710662842,20260908,d1452e46e0b2cb93a6378ea421773f7026845c5b26670a324af8599fb734d560,1.8248938498268163,0.820122904770305,1.7059391054011137,1.1713603787915483,0.4694511167640997,1.17881;1.14968;1.18782;1.16712,1.80188;1.74585;1.95648;1.79762,1.0002981579239816,0.0080172708798057,0.045493254727391,0.477496;0.452634;0.475575;0.470833,0.802431;0.77626;0.88683;0.814518,1.00048691159071,0.0037784601702004,0.0236608963441356,4,2000,1000,5000,,,,,
anticipatory_spend,20260910,arm1,pla,True,1.00187346621787,8976.428840555996,1,50.5009816616336,31.838783314863697,38.42870732670437,66.2800626078072,25.346730438699066,38.156903786815214,49.74189242314391,37.84073155400301,65.2904265017724,1000,4.216531588364098,4.010179465025744,10639.778443237734,133.50664115073863,1.0,76.73481961683959,50.15114712159236,69.57616710662842,20260908,d1452e46e0b2cb93a6378ea421773f7026845c5b26670a324af8599fb734d560,50.60742255306151,32.13651097502979,50.15114712159258,50.27131419383059,31.68475115927962,50.2865;50.099;50.1966;50.4692,50.6457;50.5187;50.59;50.6889,1.0005712560738484,0.0937704242692127,0.0367847293891879,31.7286;31.6893;31.6324;31.6989,32.1813;32.1078;32.0786;32.1819,1.0003651948052794,0.0421533798113635,0.0262172423225507,4,2000,1000,5000,,,,,
anticipatory_spend,20260910,arm1,tv,True,1.00187346621787,8976.428840555996,1,1.191150212609616,0.5464268301439045,0.2730091312790556,5.1866104517531815,0.1054199084630525,2.5003293146837384,1.185077652971826,0.2721766113489145,5.166707486386861,1000,1.6637237923184611,1.6784783898520508,37.17952985629027,9.932581838523534,1.0,10.034759555097704,1.787963124279749,69.57616710662842,20260908,d1452e46e0b2cb93a6378ea421773f7026845c5b26670a324af8599fb734d560,1.862017036888428,0.9262443249595274,1.7879631242797367,1.2012645500770305,0.5372405750581044,1.18688;1.20428;1.21583;1.20038,1.87069;1.87011;1.84552;1.8623,1.0002056000559445,0.0087163676547135,0.005866387689679,0.535168;0.536953;0.544016;0.534555,0.931046;0.926083;0.920994;0.926822,1.000123318277517,0.0046520633543363,0.0020610738141302,4,2000,1000,5000,,,,,
anticipatory_spend,20260911,arm1,meta,False,1.0046941729699008,119.28228638030072,1,1.995421350035676,0.917615561650732,0.3430045636723461,79.9840625176835,0.1133012740550285,49.34769250979408,1.9640722008936975,0.3394321372599175,78.7528745009565,1000,2.9043633730733034,2.806527630898091,3039.616832965243,57.57023114105574,1.0,51.92620131622419,21.491010481966452,246.19694995880127,20260908,bac1958634e27d71bb400d93130887150fafc18a43ee9deab10baa03c7f3bb3d,27.759962263164606,14.59542938237554,21.49101048196645,2.0114650035869452,0.8645646759676697,1.83731;2.14797;1.98153;2.14108,25.3642;29.2704;27.3431;28.9906,1.0293265880061049,0.2980989473067774,0.8994497234372253,0.782852;0.913187;0.852994;0.941231,13.1421;15.4391;14.3555;15.4353,1.028595308786071,0.1435980500480398,0.5467235986982745,4,2000,1000,5000,,,,,
anticipatory_spend,20260911,arm1,pla,False,1.0046941729699008,119.28228638030072,1,46.15755254961798,28.736914347887986,0.4845715535647742,66.34439815274271,0.1464116343269734,37.46880045907695,45.44327017376515,0.4771819597440199,65.32870316188372,1000,4.210414986892154,4.006532826791804,7496.740090634786,113.94488135645416,1.0,77.11598910265505,36.51704472223107,246.19694995880127,20260908,bac1958634e27d71bb400d93130887150fafc18a43ee9deab10baa03c7f3bb3d,39.23744340021331,23.40042641650132,36.51704472223087,46.04138232718845,28.813628476118904,47.0142;45.5663;46.1497;45.2234,40.5944;38.5524;39.3504;38.541,1.027411634360207,1.172101705909153,0.4836044390396123,29.3681;28.5637;28.8599;28.3789,24.3548;22.9177;23.5266;22.816,1.0281709707188156,0.6942914449230404,0.3537091454521421,4,2000,1000,5000,,,,,
anticipatory_spend,20260911,arm1,tv,False,1.0046941729699008,119.28228638030072,1,1.1599442742632375,0.5140163419389352,0.2627226592267362,5.14827169960874,0.0967501157320417,2.5780872792399157,1.1548902280048563,0.2619474537251205,5.082211357268098,1000,1.6625159964527418,1.678468232672954,36.89063548017445,10.04699336928935,1.0,10.068216542636993,1.7614697194579187,246.19694995880127,20260908,bac1958634e27d71bb400d93130887150fafc18a43ee9deab10baa03c7f3bb3d,1.83396721394898,0.9160161173972636,1.7614697194579207,1.2018082462322188,0.5315515960887655,1.20545;1.17541;1.21134;1.21385,1.86906;1.74477;1.87607;1.84571,1.0007815281947872,0.0077607679900083,0.0304109086166285,0.537673;0.522337;0.524217;0.539935,0.932883;0.873835;0.929185;0.928049,1.0004210219237404,0.0043000732885873,0.0140889112103003,4,2000,1000,5000,,,,,
anticipatory_spend,20260912,arm1,meta,True,1.000415957663483,10303.03339871384,1,81.14738977873783,51.57691899119716,63.749112062665226,102.01337059769683,40.971277036505086,61.65674200458129,79.78865999171097,62.71030782096701,100.37879749555448,1000,2.9023714275065187,2.8039695350082185,11812.65097730354,93.18553095590904,1.0,52.28410645673309,80.13990077847127,69.35966372489929,20260908,0d747ea871353e7f7028d8ea071f079df47a4b1da5c87cb1d5370b657397ed67,81.20355001501473,52.01769983081432,80.13990077847143,80.6718717971943,51.32189741560411,80.4689;80.4879;80.9639;80.6531,81.0497;80.956;81.5282;81.2703,1.0000772431130511,0.1236893608698253,0.1273827761370646,51.3581;51.3446;51.4152;51.1993,52.0242;51.895;52.1472;52.0008,1.0000096114458723,0.0617024812848789,0.0517566587954442,4,2000,1000,5000,,,,,
anticipatory_spend,20260912,arm1,pla,True,1.000415957663483,10303.03339871384,1,1.1519537452366726,0.4708353875697572,0.2656585583153613,5.60902839093124,0.0792469772580914,2.5246273427213004,1.1285185873473085,0.2588387083272331,5.471849010504368,1000,4.207688416877283,3.9963323967825857,266.4566062887845,65.40004654966965,1.0,78.17474633029582,1.747071703005003,69.35966372489929,20260908,0d747ea871353e7f7028d8ea071f079df47a4b1da5c87cb1d5370b657397ed67,1.855873172051541,0.8453725738863646,1.7470717030050096,1.1834034717626194,0.4788813059492426,1.18749;1.20844;1.17195;1.16621,1.87411;1.90419;1.84893;1.80339,0.9999872588688832,0.0096539618209042,0.0213250391174771,0.485789;0.486386;0.464952;0.478904,0.865957;0.865388;0.830145;0.819063,1.000174932593415,0.0037087213734504,0.0120699048850343,4,2000,1000,5000,,,,,
anticipatory_spend,20260912,arm1,tv,True,1.000415957663483,10303.03339871384,1,1.174817624103877,0.5475900448282502,0.2673648603877767,5.280666448137937,0.1039342043099292,2.689840244583874,1.1677378612133928,0.2665335305699789,5.256271694739558,1000,1.6622360141231436,1.678473536204923,37.19623581641344,9.805844230578082,1.0,10.050760994499086,1.7948117898030462,69.35966372489929,20260908,0d747ea871353e7f7028d8ea071f079df47a4b1da5c87cb1d5370b657397ed67,1.8732424497938764,0.9250686865985092,1.7948117898030482,1.2055857014808316,0.5347770453062438,1.18936;1.20663;1.20876;1.21432,1.87629;1.85937;1.86472;1.89107,1.000273684356349,0.008198768176555,0.0070195034293407,0.546378;0.533338;0.531296;0.53085,0.929469;0.920747;0.918735;0.931315,1.0000616895112024,0.0040269870850045,0.0031247565830461,4,2000,1000,5000,,,,,
budget_feedback,20260908,arm1,meta,True,1.0017577478130173,5235.487272488229,1,1.2404066671272167,0.5505290002378282,0.2827314189956793,5.332211425124948,0.1005274053610515,2.620453884879303,1.2285796372757738,0.2816151685504217,5.312950992873273,1000,2.946887871859854,2.881461021336181,158.74444577160727,39.73757712467601,1.0,40.29214899918812,1.876800988306015,35.56872534751892,20260908,3c7b34779c1b5b47fda037a238a12854a4dfb68c2c6e41a08b4d77b6788156ee,1.9835685245994008,0.9849116227903956,1.8768009883060128,1.26167427108056,0.5563686676954797,1.24193;1.24081;1.29546;1.26177,1.92588;2.03049;1.9474;2.03151,1.0009623510899663,0.0120008722360873,0.0275922394646234,0.550433;0.544342;0.57123;0.557984,0.950728;1.00401;0.965775;1.01898,1.0006109408460435,0.0056369550794391,0.0159679369910565,4,2000,1000,5000,,,,,
budget_feedback,20260908,arm1,pla,True,1.0017577478130173,5235.487272488229,1,1.2117493809061737,0.4928054311728328,0.2715006805700182,5.404470277102066,0.0928645325613184,2.4570311143487595,1.204545615769583,0.2710435507292934,5.373797025493418,1000,4.307267671937496,4.152710652363556,212.31672614292623,58.76145415058229,1.0,60.4168005695642,1.716538183704683,35.56872534751892,20260908,3c7b34779c1b5b47fda037a238a12854a4dfb68c2c6e41a08b4d77b6788156ee,1.7815055828891506,0.8783805329472381,1.7165381837046845,1.195239246676573,0.5254857717623613,1.13523;1.18811;1.25591;1.20907,1.68427;1.79136;1.84005;1.82177,1.0009022987443386,0.0117045215913595,0.034841413746929,0.514243;0.518515;0.554514;0.527866,0.839784;0.869895;0.908066;0.895312,1.00082740000335,0.0049928588813202,0.0150818524786027,4,2000,1000,5000,,,,,
budget_feedback,20260908,arm1,tv,True,1.0017577478130173,5235.487272488229,1,1.2401412082817536,0.5547728792899299,0.2501420989468675,5.566080162702414,0.0941656960243378,2.5742403992449225,1.230832468268951,0.2491222012244765,5.528481060738295,1000,1.6630242060065947,1.678482919527451,36.809249646598175,9.69854819761726,1.0,10.019803202443066,1.7879712068887037,35.56872534751892,20260908,3c7b34779c1b5b47fda037a238a12854a4dfb68c2c6e41a08b4d77b6788156ee,1.8667508707896112,0.918168713638485,1.7879712068887053,1.209365079488148,0.5353183515349828,1.22667;1.19159;1.22704;1.2012,1.88029;1.8211;1.90146;1.86785,1.000313113488378,0.0092798440658731,0.0170044653032169,0.54857;0.525965;0.524162;0.540761,0.926633;0.901715;0.921372;0.92264,1.0004001782645195,0.0047207722674018,0.0055722333677376,4,2000,1000,5000,,,,,
budget_feedback,20260909,arm1,meta,True,1.001006081561752,5671.556305336463,1,1.1749241215445625,0.5151366623477385,0.2837801292605891,5.0509681003234626,0.1022197767532368,2.528099024464254,1.1671112504448855,0.2814115658216528,5.026586304058283,1000,2.9476928434369194,2.88028435391783,145.9106388815344,39.75883869662539,1.0,40.49711690948701,1.7389380913225745,31.15985369682312,20260908,6e9523eb5d5792776ce76348477bf76033c6e7de9fb8da6537a468d608dd4aa2,1.8180661831210152,0.900670856794124,1.7389380913225805,1.2097194282892754,0.5416133729089381,1.22134;1.1896;1.22074;1.20713,1.82052;1.80736;1.79287;1.85528,1.000563574955634,0.0109215956115522,0.013343548414512,0.550465;0.536855;0.543366;0.537916,0.90636;0.893063;0.890796;0.912346,1.0004867074345056,0.0047212878075013,0.0051967953685965,4,2000,1000,5000,,,,,
budget_feedback,20260909,arm1,pla,True,1.001006081561752,5671.556305336463,1,1.2992070492425505,0.5350828271819645,0.2804697559706066,5.679075204734003,0.0980812510584877,2.770632066163387,1.2851338067880174,0.278472167059499,5.651125249955069,1000,4.307067362636533,4.1469609959965315,226.98078475788543,61.59223501645959,1.0,61.14314302347835,1.7897014537685323,31.15985369682312,20260908,6e9523eb5d5792776ce76348477bf76033c6e7de9fb8da6537a468d608dd4aa2,1.849350923773797,0.9280588761509442,1.7897014537685387,1.245014169047391,0.5620896771616603,1.25306;1.21659;1.23724;1.27261,1.86065;1.80337;1.82343;1.91437,1.0007871667085386,0.0113341135686484,0.0243872038359144,0.56729;0.553378;0.558226;0.568078,0.935784;0.909156;0.906859;0.960355,1.0002043007872274,0.0057957131513881,0.0126145064896934,4,2000,1000,5000,,,,,
budget_feedback,20260909,arm1,tv,True,1.001006081561752,5671.556305336463,1,1.1825360557886713,0.5552317808612409,0.2626750467072022,5.863336889512895,0.0999130036302741,2.6358890745686314,1.1760368772951746,0.2614723524882661,5.821424049891677,1000,1.6645042781615726,1.6785026198927973,38.14265881671989,9.6926422113951,1.0,9.954494501556823,1.8531010504681216,31.15985369682312,20260908,6e9523eb5d5792776ce76348477bf76033c6e7de9fb8da6537a468d608dd4aa2,1.9413851175359929,0.9577554053814912,1.85310105046812,1.2210519579197887,0.5438414660745675,1.24527;1.19433;1.2303;1.21208,1.9416;1.94729;1.93336;1.94361,1.0000287411142117,0.0083052852865673,0.0029478635644807,0.555358;0.54745;0.531456;0.546155,0.955926;0.961636;0.948373;0.96501,1.000021380524202,0.0049985273530737,0.0036406318188447,4,2000,1000,5000,,,,,
budget_feedback,20260910,arm1,meta,True,1.0025442615876106,5997.370645370025,1,1.1844816700976564,0.5358106971808485,0.2941920359859604,4.760396649193504,0.1004237161647868,2.264881151685606,1.1781449576201393,0.2931670008808993,4.730017122543379,1000,2.946798646796758,2.8814402405787205,142.60506496074768,39.49948524183115,1.0,40.295776948862944,1.7186906562990711,41.46609902381897,20260908,8077cf22e698747e81f30a26e824f485e32651319ee756bfec3af1b183c30c54,1.7871369934213786,0.8846514133667928,1.7186906562990794,1.2122869127186495,0.5402523180352682,1.19636;1.19827;1.23736;1.21698,1.80697;1.768;1.75842;1.81379,1.0004269328002522,0.011532920306739,0.0138267899276523,0.539457;0.526113;0.550334;0.539119,0.894833;0.865134;0.87607;0.902412,1.0001809142944675,0.0049102552872851,0.0085327681023195,4,2000,1000,5000,,,,,
budget_feedback,20260910,arm1,pla,True,1.0025442615876106,5997.370645370025,1,1.3185750196705404,0.5461678305929463,0.2837302770019869,5.651182976263539,0.1033054624120194,2.601232256090519,1.304870893656699,0.2826426223421827,5.619128268148275,1000,4.3087329769087805,4.158490371573706,228.55465612680936,59.46336710734653,1.0,59.679123609575655,1.849412138304006,41.46609902381897,20260908,8077cf22e698747e81f30a26e824f485e32651319ee756bfec3af1b183c30c54,1.9183303517621275,0.9574282150698572,1.8494121383040016,1.2804042513674962,0.5711703739552176,1.28529;1.24403;1.31058;1.29475,1.90203;1.8257;2.02871;1.92236,1.0009517376012296,0.0115662932127078,0.0418711182767139,0.56786;0.565728;0.579385;0.572253,0.958297;0.911762;0.999315;0.960073,1.0004954276545877,0.0061123464047515,0.017906341738784,4,2000,1000,5000,,,,,
budget_feedback,20260910,arm1,tv,True,1.0025442615876106,5997.370645370025,1,1.1699612535032589,0.5623133286674805,0.2624426060829719,5.51446717536312,0.1014072765800318,2.7823955916604906,1.1628298079912154,0.259277465888174,5.493028648138178,1000,1.6636298388937405,1.678473688837916,38.393274070544805,9.86774818288071,1.0,10.050258154604991,1.846560390919809,41.46609902381897,20260908,8077cf22e698747e81f30a26e824f485e32651319ee756bfec3af1b183c30c54,1.927566113797676,0.9549518532584104,1.8465603909198225,1.2278654162126603,0.5475494101136726,1.23812;1.21111;1.24367;1.21601,1.92248;1.90846;1.93012;1.95232,1.0004910979768586,0.0094515933860741,0.009163684965577,0.553627;0.55297;0.537572;0.545567,0.949495;0.945785;0.95012;0.974281,1.0002096483302845,0.0048185801546393,0.0065240207232709,4,2000,1000,5000,,,,,
budget_feedback,20260911,arm1,meta,False,1.2880593714590485,39.06177003615067,1,1.2261493572873898,0.5336120124186421,0.303874217704073,6.447088542848068,0.0997948792679796,2.899547373397483,1.2161542615861571,0.2997045868665612,6.421479094545876,1000,2.949104827921867,2.883373548797492,173.48350773102453,38.65529777142197,1.0,39.95699599093332,2.1261591757910137,44.48246192932129,20260908,023b02245b160fa7eb22f3e904f8347acf5d9825682dc0afeb7d91b7fe2dd12d,2.206824141977903,1.0851412733963206,2.1261591757910008,1.2537312303364037,0.5609216999300443,1.13899;1.56026;1.19024;1.19946,1.73961;3.53947;1.74296;1.81027,1.0359846298272737,0.093410333159243,0.4440961816122841,0.520375;0.703689;0.526921;0.525089,0.863171;1.7395;0.855689;0.881975,1.0351054711321692,0.0426284140390024,0.2182096983218486,4,2000,1000,5000,,,,,
budget_feedback,20260911,arm1,pla,False,1.2880593714590485,39.06177003615067,1,1.2083387679014024,0.4966267516128286,0.2688100224056764,8.570088898243494,0.0930501684739953,3.1576449353349383,1.1989637364175243,0.2680300185569349,8.431208142174738,1000,4.309191437741639,4.159250179758789,276.6433700094864,57.59119855483685,1.0,59.58157081925982,2.268578837805808,44.48246192932129,20260908,023b02245b160fa7eb22f3e904f8347acf5d9825682dc0afeb7d91b7fe2dd12d,2.3609868699633534,1.160440814802942,2.268578837805806,1.194489643950197,0.5310962373815993,1.11377;1.50379;1.14172;1.11654,1.53855;4.58993;1.63599;1.64226,1.055422296627453,0.0901441662796365,0.7464585534362083,0.482052;0.699891;0.491114;0.497562,0.760189;2.28086;0.795783;0.805184,1.050666191796446,0.0481998967378312,0.3735784518477157,4,2000,1000,5000,,,,,
budget_feedback,20260911,arm1,tv,False,1.2880593714590485,39.06177003615067,1,1.2161144258580583,0.5593894293905353,0.2766868342152657,5.457888582251234,0.0946455418037996,2.692801212492496,1.2089969329562609,0.2716263421905567,5.372055386290519,1000,1.6628615399989153,1.6784665725527228,38.140684197081214,10.010532843643077,1.0,10.073674314947365,1.8137516761950712,44.48246192932129,20260908,023b02245b160fa7eb22f3e904f8347acf5d9825682dc0afeb7d91b7fe2dd12d,1.8990385777198897,0.9465341574769498,1.813751676195082,1.233674533175857,0.5536009959363146,1.22094;1.30197;1.21661;1.19266,1.90104;1.91675;1.90633;1.88059,1.0006284419780325,0.0231728797148482,0.0075988600165727,0.549985;0.595351;0.539296;0.543767,0.942552;0.967629;0.938012;0.937579,1.001259311496522,0.0149096018683477,0.007150971947953,4,2000,1000,5000,,,,,
budget_feedback,20260912,arm1,meta,True,1.0137949548228735,2526.1181877910876,1,1.2283896773424423,0.5574588618060623,0.307353412752512,5.631913585288036,0.1134645911076983,2.6953357055362073,1.2228122413152134,0.306317276540613,5.591359112756011,1000,2.9464748398077996,2.8811393261099396,155.58848670424712,39.84033117076993,1.0,40.34827857889146,1.8455635063679037,42.42270612716675,20260908,862f168881e95a34484abfc2577eea038c76d083119f50becaa71b457a712aa5,1.9402816333887631,0.9639955509366456,1.845563506367904,1.2560877853586851,0.559922382443935,1.2465;1.24752;1.24635;1.28312,1.93545;1.91307;1.93731;1.97219,1.0006101717618074,0.0107133881396606,0.0122074407378052,0.555459;0.565766;0.554912;0.5621,0.964016;0.946437;0.961465;0.984042,1.0005424905216704,0.005538003680312,0.0077274811939515,4,2000,1000,5000,,,,,
budget_feedback,20260912,arm1,pla,True,1.0137949548228735,2526.1181877910876,1,1.2372675816086702,0.5156373823403564,0.2598771210122357,5.170751071521774,0.0983675019606874,2.5803935448368054,1.2281742261788129,0.2587172452809022,5.14677589240379,1000,4.307305966340155,4.150442629352347,217.31148593786116,59.0844051014831,1.0,60.70419317186872,1.7498370805369066,42.42270612716675,20260908,862f168881e95a34484abfc2577eea038c76d083119f50becaa71b457a712aa5,1.814124959054674,0.8947971326633617,1.7498370805368963,1.1991419064065243,0.5324168245832959,1.1738;1.17876;1.24331;1.20151,1.68719;1.72102;2.08031;1.77113,1.0016733904220043,0.01066203961308,0.0901300652629471,0.52102;0.531642;0.537986;0.539388,0.840218;0.852058;1.0189;0.867795,1.0008489528715998,0.0064446007692477,0.0417693497326221,4,2000,1000,5000,,,,,
budget_feedback,20260912,arm1,tv,True,1.0137949548228735,2526.1181877910876,1,1.1590970829811682,0.5319439625174236,0.2538237832074782,5.329340298098496,0.0971270063514239,2.6112022052075887,1.1448397401265311,0.2510502356736528,5.30295017794979,1000,1.662024240961589,1.678463465169645,37.99143302436715,9.862329269918874,1.0,10.08388217525023,1.823775330115207,42.42270612716675,20260908,862f168881e95a34484abfc2577eea038c76d083119f50becaa71b457a712aa5,1.9046941886083597,0.9417688840912112,1.823775330115224,1.227578619306199,0.5453852789302609,1.24533;1.20681;1.27099;1.20171,1.91633;1.86404;1.97579;1.8607,1.0007840861705073,0.0087446918556919,0.0270445658268655,0.55802;0.538822;0.547364;0.531769,0.950947;0.921443;0.969339;0.925269,1.0003209039987926,0.0042223098893895,0.0112906075466454,4,2000,1000,5000,,,,,
none,20260908,arm1,meta,True,1.00452125786792,3391.149984851629,1,1.287899712828879,0.5871360383732409,0.2689744607060083,5.878037655707344,0.102406871084438,3.073594447622979,1.2749987922171544,0.2685864742293162,5.86398757172016,1000,2.9478910760347588,2.8820788829994513,167.28072916632044,40.78603042488515,1.0,40.18414769943393,1.9787853781389049,23.608905792236328,20260908,736d3679e11760c8fe924056505ab728b1a5d031447b2106d96087f394edaee2,2.065954812517305,1.0406559303600325,1.9787853781389055,1.304644709757424,0.5856318796196595,1.27138;1.29994;1.30631;1.35055,1.98883;2.02938;1.97513;2.27272,1.0007004744295205,0.0135308779955165,0.0696934392704591,0.582365;0.576247;0.588821;0.603622,1.00325;1.02124;0.99205;1.14609,1.000693481199013,0.0067375899522756,0.0356550644046764,4,2000,1000,5000,,,,,
none,20260908,arm1,pla,True,1.00452125786792,3391.149984851629,1,1.3330426674679243,0.5549494779251837,0.2968689194284544,5.659942990476742,0.100912354692582,2.807371108213743,1.3253991371860123,0.2928943600450723,5.64853613397671,1000,4.309408624341329,4.154118209407462,241.17149029278136,61.086892401743015,1.0,60.237858000361825,1.8786134676962176,23.608905792236328,20260908,736d3679e11760c8fe924056505ab728b1a5d031447b2106d96087f394edaee2,1.9878177329314113,1.0008642742945109,1.8786134676962216,1.267507489619865,0.5728104518787307,1.26108;1.25665;1.28612;1.26511,2.1599;1.9824;1.89582;1.90896,1.0015486764982866,0.0113446716908747,0.0607728857769241,0.572935;0.562599;0.583577;0.57372,1.09723;0.991131;0.952225;0.962698,1.001490332704419,0.006475834993281,0.0331700630892427,4,2000,1000,5000,,,,,
none,20260908,arm1,tv,True,1.00452125786792,3391.149984851629,1,1.2263440015736298,0.5452649413440798,0.2424776895250302,5.305977046252827,0.0959430238231588,2.383580993441914,1.2182637336478517,0.2412812797509194,5.280973145759089,1000,1.6632191141250114,1.6784918424104216,37.74845822865164,9.792746187300878,1.0,9.990275691852602,1.8190191218306488,23.608905792236328,20260908,736d3679e11760c8fe924056505ab728b1a5d031447b2106d96087f394edaee2,1.9081239690903535,0.9445358694425188,1.8190191218306528,1.2206500375419913,0.5407765867113272,1.23527;1.2257;1.209;1.20693,1.87397;1.98161;1.90359;1.87377,1.000445573798008,0.0093471403659252,0.0254413203373547,0.558409;0.535128;0.526145;0.544465,0.937528;0.975763;0.935;0.929658,1.000393705375043,0.0049508376184494,0.0105534955746061,4,2000,1000,5000,,,,,
none,20260909,arm1,meta,True,1.0036352166598896,5834.348973494829,1,1.1633923177366727,0.5262429926081046,0.3029784545879243,4.927959467717094,0.1061418146041704,2.4509446126695105,1.1587136252602184,0.2995383149057982,4.915062020536139,1000,2.947537489551566,2.880446927917512,148.85392922869275,39.97440012352179,1.0,40.46885274436602,1.77484576643462,22.184515237808228,20260908,5d4c83aa5feb5fc2de602cdb7a7801fc2333b44f8c9e1b221370986c629db7b8,1.8504215570839233,0.9195238788845356,1.774845766434614,1.2173280397162594,0.5492834535542931,1.20625;1.20897;1.23982;1.2138,1.83595;1.83354;1.82792;1.90902,1.0003631426597197,0.008183284207445,0.0192127387860197,0.547383;0.544539;0.556049;0.544301,0.915098;0.908624;0.909514;0.944799,1.000261040763594,0.0049586859034746,0.0085509203360471,4,2000,1000,5000,,,,,
none,20260909,arm1,pla,True,1.0036352166598896,5834.348973494829,1,1.2787976052119756,0.5428857451457024,0.2773720864896464,5.6966603694056115,0.1038791908546473,2.785596880724745,1.2683638636552428,0.2762151455144767,5.677153880353154,1000,4.307344100278896,4.147220200695105,237.92419738444872,62.24659553942902,1.0,61.11055535994707,1.8574548064269012,22.184515237808228,20260908,5d4c83aa5feb5fc2de602cdb7a7801fc2333b44f8c9e1b221370986c629db7b8,1.9287426440200968,0.9732525652655034,1.857454806426901,1.2559581468862842,0.5717990693519762,1.25183;1.2255;1.25899;1.28148,1.80104;1.95192;1.90547;2.06148,1.001339676661717,0.0120714922053042,0.0540055017705372,0.565602;0.584418;0.556595;0.58152,0.913973;0.987021;0.950992;1.04092,1.001134058793205,0.0075497352274105,0.0270460863601557,4,2000,1000,5000,,,,,
none,20260909,arm1,tv,True,1.0036352166598896,5834.348973494829,1,1.214190317962062,0.5580855961541353,0.2690837795553972,5.4380813203875125,0.1009782378777294,2.569451816914088,1.2102080277030511,0.2675653087970347,5.404038707519922,1000,1.663871333939262,1.6785063568927887,37.74380109281752,9.651520509467982,1.0,9.942057709390667,1.8377553413476493,22.184515237808228,20260908,5d4c83aa5feb5fc2de602cdb7a7801fc2333b44f8c9e1b221370986c629db7b8,1.9263352855319424,0.9488856173452624,1.8377553413476575,1.2267297581896923,0.5466970449301016,1.23532;1.20328;1.24321;1.22772,1.93257;1.92943;1.9241;1.91828,1.000174814161964,0.0102269162642235,0.0031372103796732,0.552142;0.547896;0.532754;0.552804,0.951529;0.952408;0.943141;0.94844,1.000252780238381,0.0041150920876369,0.0020936017266239,4,2000,1000,5000,,,,,
none,20260910,arm1,meta,True,1.0045507854747528,1601.213009517198,1,1.2096617762141888,0.5523508708504512,0.293425215334545,5.290119060563147,0.1012855472039133,2.5953943363374825,1.1959910788945505,0.2926563061614955,5.250649360853349,1000,2.9477419815247665,2.8820106347014613,150.57014247510386,39.57722682541576,1.0,40.19609013929927,1.8106622297945063,23.383629083633423,20260908,5d3c2219efea4ce5e1e0fccd92793a1b5c723bc19b672d555f0db0c4743247e0,1.8874750130009428,0.936416207184259,1.810662229794511,1.2502315340013093,0.5577504507945802,1.21374;1.2484;1.27913;1.25888,1.86372;1.84582;1.89207;1.94292,1.0000973690483557,0.0118786196691521,0.0211888083943051,0.553105;0.551353;0.56013;0.564454,0.930851;0.911155;0.934371;0.969217,1.0001650092959071,0.0054688390426691,0.0120731808791653,4,2000,1000,5000,,,,,
none,20260910,arm1,pla,True,1.0045507854747528,1601.213009517198,1,1.3536174067977744,0.5679589893097697,0.284964165274557,6.432162363237516,0.1036578453160062,3.2183598069206987,1.3351443486625296,0.2844862957488268,6.392223312641499,1000,4.309503497520344,4.158863835444871,256.66162475605245,59.931850828610735,1.0,59.63119106290575,2.0446042425123956,23.383629083633423,20260908,5d3c2219efea4ce5e1e0fccd92793a1b5c723bc19b672d555f0db0c4743247e0,2.146663556694468,1.0760308398289078,2.0446042425123996,1.3385090666811823,0.6014794446463849,1.31169;1.35107;1.33506;1.35952,1.98024;2.30722;2.17338;2.13555,1.0022317078250889,0.0159426000176212,0.0672612080590565,0.587142;0.613665;0.604987;0.602179,0.998054;1.15651;1.08441;1.06509,1.0016422877583644,0.0084606836797583,0.0325931542567028,4,2000,1000,5000,,,,,
none,20260910,arm1,tv,True,1.0045507854747528,1601.213009517198,1,1.1972254875568464,0.5617184135070128,0.2628524968140742,5.336588074804081,0.1006898440625791,2.6751634402819113,1.1908594099970973,0.2604591713013596,5.322831701319049,1000,1.6637237923184611,1.6784783898520508,38.46953286294009,9.992037140747131,1.0,10.034759555097704,1.838850103874192,23.383629083633423,20260908,5d3c2219efea4ce5e1e0fccd92793a1b5c723bc19b672d555f0db0c4743247e0,1.920902950541349,0.9584025825639272,1.8388501038742,1.218859834892198,0.5500717030262896,1.22331;1.18133;1.23274;1.22503,1.9537;1.89268;1.8949;1.94239,1.0003507307446844,0.0094684953435214,0.0158369092371423,0.555749;0.545427;0.54575;0.553139,0.980541;0.93955;0.942512;0.970937,1.0008933075133573,0.0045858750378538,0.0102271818727312,4,2000,1000,5000,,,,,
none,20260911,arm1,meta,True,1.0082260344229392,2201.1240309092536,1,1.1783476143515506,0.5315932236643375,0.2736379367927881,4.453362020712468,0.100628272732528,2.174336132315663,1.172777311085576,0.270945747724544,4.437604001572874,1000,2.9492075194394087,2.883195957737079,140.94366262624771,38.83554025745224,1.0,39.98822300208582,1.717295513930266,24.547945976257324,20260908,3c221baea98377492ed18d237d4d81d4661e62c8c31521e43debb69dd19d7f9a,1.7880859375131757,0.8809688946223949,1.7172955139302637,1.1760786694633554,0.5262115819727984,1.16611;1.16837;1.18019;1.19337,1.78572;1.68794;1.86141;1.81856,1.0007556059116949,0.0094975352949202,0.0369006651982545,0.525942;0.521985;0.527623;0.528118,0.880213;0.830285;0.918704;0.894648,1.0006742128688824,0.0040993510028726,0.0186648396897333,4,2000,1000,5000,,,,,
none,20260911,arm1,pla,True,1.0082260344229392,2201.1240309092536,1,1.1751918015972032,0.4874689243610159,0.2733893952504344,4.927265409479843,0.0924445643664613,2.276370061343798,1.172380453623084,0.270886573640558,4.903747709069055,1000,4.309486860331124,4.158702688140481,196.9269181290205,57.271166307852454,1.0,59.651877675452944,1.6393366280006938,24.547945976257324,20260908,3c221baea98377492ed18d237d4d81d4661e62c8c31521e43debb69dd19d7f9a,1.6842438532231356,0.8249751869752426,1.6393366280006862,1.138704252970275,0.5041456199875195,1.13744;1.11825;1.15592;1.14766,1.65085;1.59274;1.80616;1.69035,1.0011327872497937,0.0087711159978183,0.0450808953448073,0.498291;0.496254;0.507584;0.513495,0.814217;0.781379;0.877926;0.826222,1.0004879021830746,0.0044270205501011,0.0200452100171364,4,2000,1000,5000,,,,,
none,20260911,arm1,tv,True,1.0082260344229392,2201.1240309092536,1,1.1689832299812504,0.5369930876700508,0.2642855899407912,5.661990152305853,0.1046208625162623,2.6296826971771967,1.1596991897020563,0.261885804738397,5.573863882175933,1000,1.6625159964527418,1.678468232672954,38.398578166180776,9.96482123818326,1.0,10.068216542636993,1.839441571872935,24.547945976257324,20260908,3c221baea98377492ed18d237d4d81d4661e62c8c31521e43debb69dd19d7f9a,1.91676262912776,0.9534348815411204,1.83944157187294,1.2205812311796582,0.540439564388651,1.23593;1.21444;1.2096;1.22123,1.95867;1.88153;1.89412;1.93221,1.0000630118244695,0.008927477251959,0.0176744613247278,0.54891;0.538658;0.535442;0.541818,0.978543;0.939839;0.940749;0.954529,1.000069002253634,0.0039709861155195,0.0090247374914295,4,2000,1000,5000,,,,,
none,20260912,arm1,meta,True,1.000546388440312,9552.44700316707,1,1.282670445756247,0.5380415515531228,0.2754928298804901,6.105159436392565,0.1142528788397947,3.0663814114529884,1.2742141142036616,0.2736507933154267,6.073179366660151,1000,2.9470246411349903,2.881613063270842,170.99681455171014,40.33599304282976,1.0,40.26559630792459,2.0039939830693947,33.22682595252991,20260908,668e83a0bd1cfa11ffe376d00d8bf8dce5ef52249861c46861f0637a5b0d4e1d,2.121506733664797,1.0616798223475323,2.0039939830693907,1.2882842039120752,0.5762188502949832,1.32311;1.2549;1.29594;1.28437,2.13399;2.06268;2.11239;2.18205,1.000845215990568,0.0128238793176418,0.024763836313382,0.577754;0.570154;0.581005;0.576968,1.06174;1.03687;1.05867;1.08938,1.0005938927044695,0.0062644832710656,0.0107709298137572,4,2000,1000,5000,,,,,
none,20260912,arm1,pla,True,1.000546388440312,9552.44700316707,1,1.30264847747233,0.5518442140594464,0.2720155899116988,5.197585597260145,0.0899082127860936,2.4289107358525364,1.2963827585196852,0.2696470666082114,5.161510975759108,1000,4.308712567815476,4.1518276697393475,221.64723581297156,59.798932087301125,1.0,60.52882510087917,1.774383370496628,33.22682595252991,20260908,668e83a0bd1cfa11ffe376d00d8bf8dce5ef52249861c46861f0637a5b0d4e1d,1.8420291459961144,0.9154278169637884,1.7743833704966412,1.2405651937121511,0.5509339417523266,1.23042;1.22511;1.26495;1.23926,1.79223;1.83273;1.90271;1.84447,1.0002723707278978,0.0112682405887664,0.0228208845754245,0.539415;0.549654;0.556731;0.562493,0.892572;0.906849;0.939136;0.923022,1.000378471215683,0.0057795962262983,0.0100652722685951,4,2000,1000,5000,,,,,
none,20260912,arm1,tv,True,1.000546388440312,9552.44700316707,1,1.13023132930048,0.5114239521196535,0.2420127610621945,5.393825041513244,0.1011374248969276,2.6465120013989645,1.1244553659553025,0.2410290278328987,5.325923326895622,1000,1.6622360141231436,1.678473536204923,37.91987499023775,9.91523989250152,1.0,10.050760994499086,1.8160005099760672,33.22682595252991,20260908,668e83a0bd1cfa11ffe376d00d8bf8dce5ef52249861c46861f0637a5b0d4e1d,1.8992223432648696,0.9431655992077153,1.8160005099760608,1.201368200732012,0.5309846745776408,1.21462;1.18892;1.20721;1.19422,1.93946;1.90103;1.86214;1.89408,1.0003644679620003,0.0118805933508703,0.0158757787710357,0.531386;0.528561;0.532046;0.531235,0.965382;0.941128;0.920004;0.94608,1.000269676036773,0.0047665518648545,0.0093213277227367,4,2000,1000,5000,,,,,
performance_chasing,20260908,arm1,meta,True,1.001229594610353,11173.018151143577,1,1.2871362108418056,0.5870158416812157,0.3138495723438282,6.171287048077541,0.1151208357384049,3.241591088160803,1.2811825778978836,0.3130386332817523,6.145251433574214,1000,2.9478910760347588,2.8820788829994513,169.49690903309707,40.322122168205055,1.0,40.18414769943393,1.9889897682221176,63.564640045166016,20260908,a98e57816fab67fb99bb98b427d1d6fe9e3cb9a086267bd2a49019c144d3f9c2,2.105387683614808,1.0544979880615593,1.9889897682221096,1.285677207805413,0.5784204570698284,1.26667;1.28005;1.30835;1.29216,2.10322;2.10012;2.13678;2.08095,1.0000728044263203,0.0084435062885032,0.0116000496420601,0.57463;0.57062;0.592799;0.57851,1.04912;1.05029;1.08485;1.03343,1.0001869001499055,0.0050812045712241,0.0108467892597056,4,2000,1000,5000,,,,,
performance_chasing,20260908,arm1,pla,True,1.001229594610353,11173.018151143577,1,34.2667507930621,20.60590359167434,22.627472260193898,50.72585162242151,14.005304406738771,26.544150687093463,33.654859727660835,22.249255466236935,49.8784674301903,1000,4.29041791942621,4.149574999118227,5289.460214276565,96.21831197302376,1.0,60.81383084478317,33.5964271039426,63.564640045166016,20260908,a98e57816fab67fb99bb98b427d1d6fe9e3cb9a086267bd2a49019c144d3f9c2,33.683933234061165,20.63915796533742,33.596427103942574,33.359111087602955,20.263836155233065,33.4036;33.1469;33.3948;33.4795,33.5802;33.5031;33.89;33.772,1.0004075587172083,0.0682970903803621,0.0883385392111322,20.2536;20.2175;20.3244;20.279,20.6205;20.5366;20.7177;20.6837,1.000093784474058,0.0366324925692698,0.0398115316603776,4,2000,1000,5000,,,,,
performance_chasing,20260908,arm1,tv,True,1.001229594610353,11173.018151143577,1,1.1859818966074354,0.5452719655697627,0.271484633904139,5.3288524536199295,0.1014602758346887,2.7406846799249514,1.1753955753247711,0.2705335708773929,5.298488425742974,1000,1.6632191141250114,1.6784918424104216,36.97921387819826,9.90977704394924,1.0,9.990275691852602,1.7915777871388736,63.564640045166016,20260908,a98e57816fab67fb99bb98b427d1d6fe9e3cb9a086267bd2a49019c144d3f9c2,1.8582470292488016,0.9253650753231292,1.7915777871388847,1.20539733592938,0.5368125144558022,1.19713;1.21751;1.18546;1.21479,1.86801;1.85836;1.85626;1.85579,1.000157891394167,0.0079123335180056,0.002857160269012,0.539429;0.541046;0.527388;0.542091,0.923836;0.928871;0.919315;0.929304,1.0000065149507351,0.0047291102038652,0.0023583386712776,4,2000,1000,5000,,,,,
performance_chasing,20260909,arm1,meta,True,1.0004628332931276,5093.040039940221,1,1.191229921383196,0.5199987709605502,0.2949778248934147,4.957375888273799,0.0916501514869763,2.5488863328045657,1.1805689413817817,0.2941876506318612,4.920376915924386,1000,2.947537489551566,2.880446927917512,149.43457046256898,39.75064571747163,1.0,40.46885274436602,1.7794336305400065,84.6996328830719,20260908,f3ff97ab651609772a1720dfa086c21ea4aeec737dddb31c546a84d44adfd980,1.862821051339016,0.923071588017854,1.7794336305400087,1.2004808947639307,0.5344541322779748,1.20669;1.18309;1.20209;1.21304,1.84733;1.87072;1.8381;1.89486,1.000304909568794,0.0085361618594965,0.0127139455312443,0.536977;0.526603;0.541119;0.537852,0.911794;0.928962;0.911539;0.939975,1.000247873997933,0.0046529434670604,0.0069557980778819,4,2000,1000,5000,,,,,
performance_chasing,20260909,arm1,pla,True,1.0004628332931276,5093.040039940221,1,38.71091095568366,22.94629970422018,21.308340603321177,60.63536086958247,13.088930853949991,31.131693141408903,38.17181165256386,21.008665341162377,59.82352682219547,1000,4.295088030025803,4.146574860398926,5866.0486426995885,90.32658474142188,1.0,61.19166149772538,38.68798393142357,84.6996328830719,20260908,f3ff97ab651609772a1720dfa086c21ea4aeec737dddb31c546a84d44adfd980,38.71513027837566,23.07976490207961,38.68798393142362,38.529831936408385,22.80357876410909,38.517;38.3699;38.7613;38.5041,38.975;38.4613;38.7833;38.5836,1.0008801811539862,0.1214338432186465,0.1129392177196457,22.8804;22.7316;22.8601;22.7273,23.2607;23.0243;23.0059;23.0156,1.00015359801486,0.0482475996748608,0.061481883005815,4,2000,1000,5000,,,,,
performance_chasing,20260909,arm1,tv,True,1.0004628332931276,5093.040039940221,1,1.1826550492912222,0.5153280747351713,0.2513043985044099,5.529079933925125,0.100010712871831,2.513478381396547,1.1750747269223087,0.2499804928368829,5.483888283366581,1000,1.663871333939262,1.6785063568927887,37.828730611797624,9.763381343457144,1.0,9.942057709390667,1.8418499658924388,84.6996328830719,20260908,f3ff97ab651609772a1720dfa086c21ea4aeec737dddb31c546a84d44adfd980,1.9197101120327815,0.9511517043643156,1.8418499658924516,1.2273272568503022,0.5433351983566956,1.22144;1.25226;1.20217;1.2364,1.93847;1.89229;1.87984;1.96869,1.0004118914456457,0.0104026109596798,0.0205995303288622,0.541562;0.547287;0.534949;0.547494,0.952844;0.932053;0.933605;0.985894,1.0003735131005218,0.0045824028019119,0.0125250956415515,4,2000,1000,5000,,,,,
performance_chasing,20260910,arm1,meta,True,1.001153817949204,10674.967443774589,1,1.2129594667964314,0.5565284980366367,0.2751319482916884,5.239928958422052,0.0999248368795971,2.7077814788264676,1.202961368467291,0.2709249320002114,5.201147097535856,1000,2.9477419815247665,2.8820106347014613,159.68434442028536,39.22800732118069,1.0,40.19609013929927,1.906480632736759,62.078282833099365,20260908,2d52751960481f74609866464b8c9dfd30878c562145aad2c2395db7d4358ca9,2.0105276550324227,0.9930108908365098,1.9064806327367525,1.2620290674158916,0.5581605361550888,1.26136;1.25669;1.27152;1.2514,2.01849;2.01884;2.01118;1.99004,1.0001997561150942,0.0081433060072269,0.0067670413871468,0.55418;0.548353;0.573644;0.548782,0.995843;0.993245;1.00853;0.974143,1.000125794910548,0.0048759186998481,0.0071004099538339,4,2000,1000,5000,,,,,
performance_chasing,20260910,arm1,pla,True,1.001153817949204,10674.967443774589,1,37.4981697665348,22.6625225941132,25.137777522265,54.928138451329886,16.18522326686369,29.00416874605434,36.85620528882427,24.71568448874528,54.05489351839224,1000,4.291209356673342,4.154976297995827,5859.465382839479,97.8165699825082,1.0,60.12854772670989,37.0485866178801,62.078282833099365,20260908,2d52751960481f74609866464b8c9dfd30878c562145aad2c2395db7d4358ca9,37.09811020323489,22.97513181034915,37.04858661787983,36.79264017436901,22.54786948490478,36.8135;36.4685;37.0296;36.8409,37.0184;36.7069;37.3475;37.3355,1.0004688466254417,0.0673508852745037,0.1521811888350592,22.5206;22.387;22.6473;22.6253,22.9748;22.787;23.1057;23.036,1.0003050915782563,0.0416324717297182,0.0684086339753493,4,2000,1000,5000,,,,,
performance_chasing,20260910,arm1,tv,True,1.001153817949204,10674.967443774589,1,1.2063240448151982,0.5538455547936474,0.2597500887191617,5.7228277242149215,0.1073882774651405,2.8385404116796473,1.2003670347149704,0.2591730733187183,5.707220022820142,1000,1.6637237923184611,1.6784783898520508,38.1517300345368,9.990955327906793,1.0,10.034759555097704,1.833455407625198,62.078282833099365,20260908,2d52751960481f74609866464b8c9dfd30878c562145aad2c2395db7d4358ca9,1.9051369829955769,0.9504848465923412,1.8334554076252016,1.2120090501374423,0.5486546598054391,1.20321;1.22605;1.20879;1.20624,1.92123;1.93192;1.8781;1.89093,1.0005447883167475,0.0090421797240198,0.0126109551929167,0.556527;0.554728;0.546341;0.542972,0.956837;0.960061;0.939036;0.945972,1.000086959615274,0.0041503154394257,0.0048605625417435,4,2000,1000,5000,,,,,
performance_chasing,20260911,arm1,meta,True,1.0007228583700347,4217.442986728779,1,1.1784629974074243,0.5257228589744936,0.2867087404023523,4.803926080487983,0.0923661371409399,2.5185172282653916,1.17143944105232,0.286339227662629,4.787317406657703,1000,2.9492075194394087,2.883195957737079,141.82833393192664,38.99171952957414,1.0,39.98822300208582,1.7181250059814224,86.14532995223999,20260908,a430382c61a78b49c1c6bc019f4b1be997f441d97722a369498beb01d46ea584,1.7957512931219624,0.8865469978979521,1.7181250059814182,1.1773217878123554,0.5225531886788535,1.18023;1.16982;1.15873;1.20047,1.75052;1.81063;1.75769;1.86602,1.000505329066463,0.0083876685075442,0.0268529207096911,0.515662;0.518198;0.526485;0.528867,0.859683;0.899261;0.869325;0.917826,1.0004946983801597,0.0042139341343077,0.0134111271219744,4,2000,1000,5000,,,,,
performance_chasing,20260911,arm1,pla,True,1.0007228583700347,4217.442986728779,1,26.42890776193945,16.319194249127904,1.76221125505113,43.597863194806976,0.7698126125533302,24.58168621560055,26.047761996463738,1.7413663997835378,42.92345592974597,1000,4.295340393857183,4.158485076863498,4027.5513905691073,94.93678393159982,1.0,59.679802928232526,25.570605474034306,86.14532995223999,20260908,a430382c61a78b49c1c6bc019f4b1be997f441d97722a369498beb01d46ea584,26.048637292842866,15.994233893607344,25.570605474034213,27.037977333721187,16.59964136970929,27.2401;26.7668;27.1034;26.9706,26.0729;25.779;26.2776;26.0814,1.0009370745758708,0.1345304855290336,0.1027586218936899,16.628;16.4444;16.7068;16.6563,16.0407;15.8104;16.1301;15.9993,1.0009567372126735,0.0749760021060534,0.0673659509059758,4,2000,1000,5000,,,,,
performance_chasing,20260911,arm1,tv,True,1.0007228583700347,4217.442986728779,1,1.2238290389069166,0.5258675662196228,0.2554709425372102,5.554861751910086,0.1017568661389968,2.935442865145673,1.21432407795389,0.2543526823923284,5.531841732723606,1000,1.6625159964527418,1.678468232672954,38.55647998824037,10.04549308386818,1.0,10.068216542636993,1.8319206218183723,86.14532995223999,20260908,a430382c61a78b49c1c6bc019f4b1be997f441d97722a369498beb01d46ea584,1.916925356098008,0.957379857461135,1.8319206218183768,1.220812149945555,0.5482603919825889,1.22785;1.23936;1.2095;1.20601,1.91525;1.8949;1.89974;1.9568,1.0005299495644708,0.0081281813058231,0.014061718074761,0.543205;0.557634;0.543274;0.54875,0.949645;0.948124;0.948528;0.983135,1.0004202025011992,0.0049590288316233,0.0085984184480237,4,2000,1000,5000,,,,,
performance_chasing,20260912,arm1,meta,True,1.001342162504559,10357.448863392114,1,1.218589148493321,0.5639978528780815,0.2805061793758266,5.3856431646158835,0.1043312415497088,2.705597172398721,1.2122865198072277,0.2797542451384979,5.33417990343776,1000,2.9470246411349903,2.881613063270842,167.34687489157696,40.10999662527108,1.0,40.26559630792459,1.9615049244287237,64.52977585792542,20260908,c501c3b7fff683202f2101241e0dbd393b7daf0746b081c8dabf7984e252d93e,2.0820608443992152,1.0390150866016363,1.9615049244287224,1.2855332357578295,0.5745238807638898,1.2843;1.23642;1.33782;1.27742,2.12708;2.0411;2.09443;2.0622,1.0000966021063709,0.0095470715626189,0.0188183767063516,0.587588;0.553742;0.596296;0.558979,1.06844;1.01454;1.04989;1.02308,1.0003401610018252,0.0051988774114538,0.0123738455590402,4,2000,1000,5000,,,,,
performance_chasing,20260912,arm1,pla,True,1.001342162504559,10357.448863392114,1,41.159733170959896,24.96170114850073,27.043380680150616,60.4358671405214,17.668792354192885,31.90408566650216,40.42812360061127,26.58230179726035,59.32292307723856,1000,4.289071246287139,4.1483965207909375,6481.705922206536,98.19027398328114,1.0,60.962481595636184,40.63630825544587,64.52977585792542,20260908,c501c3b7fff683202f2101241e0dbd393b7daf0746b081c8dabf7984e252d93e,40.72631918077299,25.12635379774559,40.63630825544583,40.37029249596648,24.73175272276887,40.435;40.0004;40.5541;40.4536,40.7544;40.3924;40.9883;40.7636,1.0003816953197178,0.0877189890835019,0.1232529808875638,24.7463;24.6624;24.8188;24.6857,25.1469;24.9705;25.2772;25.109,1.000113482638021,0.0387406752699401,0.0630932383683795,4,2000,1000,5000,,,,,
performance_chasing,20260912,arm1,tv,True,1.001342162504559,10357.448863392114,1,1.1706008476753955,0.5466380878243868,0.2592243877577407,5.228141165758342,0.0928920952492146,2.680355410145055,1.157853742558562,0.2565748534696965,5.192755604247345,1000,1.6622360141231436,1.678473536204923,37.77810582462657,9.874098437929604,1.0,10.050760994499086,1.8208679903366187,64.52977585792542,20260908,c501c3b7fff683202f2101241e0dbd393b7daf0746b081c8dabf7984e252d93e,1.8960287249575696,0.9396088530780804,1.820867990336624,1.2144270659875862,0.5429952632630122,1.24284;1.24035;1.18811;1.19988,1.93208;1.90041;1.86897;1.88421,1.0015424792586956,0.0094139234870189,0.0135109420285334,0.554881;0.538655;0.529019;0.546433,0.955933;0.941934;0.919375;0.941071,1.0009248636468335,0.004549311354472,0.0075467023322666,4,2000,1000,5000,,,,,
performance_chasing_0p2,20260908,arm1,meta,True,1.003138144910435,762.0799251151038,1,1.3086016360763646,0.6167221686800641,0.3261887258809541,6.1355117514389965,0.1186378013677344,2.899807732639797,1.3042116495082725,0.3254120000218597,6.117588411061155,1000,2.9478910760347588,2.8820788829994513,172.46804999666276,40.23416116500655,1.0,40.18414769943393,2.0284079312778713,66.04886889457703,20260908,a8575097c0423854c7c542ab9df10bee53470f739c2aeab9fe5bcadd6e35e5c3,2.144636618601228,1.072985204328278,2.0284079312778736,1.2948535467413775,0.5807398690235417,1.34599;1.31158;1.23012;1.30923,2.20953;2.12165;2.07541;2.1641,1.0004012623661558,0.0213992768410045,0.0287168947143688,0.602622;0.569187;0.565177;0.589228,1.10493;1.03354;1.06173;1.09042,1.0007408953802397,0.0083715144353003,0.0158291012512219,4,2000,1000,5000,,,,,
performance_chasing_0p2,20260908,arm1,pla,True,1.003138144910435,762.0799251151038,1,1.970644887388997,0.9381545291220248,0.3260006306625353,25.999943024296925,0.1158393869039077,16.174573086726745,1.961807570707616,0.3234898313091746,25.905708021824942,1000,4.307901253181339,4.152985841163127,830.9043985300258,69.83407947468189,1.0,60.38185121146715,5.565936309656818,66.04886889457703,20260908,a8575097c0423854c7c542ab9df10bee53470f739c2aeab9fe5bcadd6e35e5c3,6.380973465778934,3.4220805914122225,5.565936309656806,1.9547165775041575,0.9298824259377684,1.97026;1.90831;2.01794;1.94156,6.20485;5.96364;6.99034;6.32324,1.0052100866463445,0.0546254217653002,0.2197375961237376,0.939142;0.891656;0.972472;0.90882,3.3425;3.1671;3.81084;3.36295,1.0048543714091736,0.0294957661798624,0.1372268962716182,4,2000,1000,5000,,,,,
performance_chasing_0p2,20260908,arm1,tv,True,1.003138144910435,762.0799251151038,1,1.208454214011614,0.5323071985344694,0.2692515468826448,5.728588292813353,0.1032796708813811,2.7682927224840124,1.199563953673764,0.2675085386802373,5.68422518913211,1000,1.6632191141250114,1.6784918424104216,37.24288380672573,9.660712966628694,1.0,9.990275691852602,1.8126011738141417,66.04886889457703,20260908,a8575097c0423854c7c542ab9df10bee53470f739c2aeab9fe5bcadd6e35e5c3,1.895216798196656,0.9317162541985728,1.812601173814148,1.2161546945452897,0.5321000435176022,1.21095;1.25772;1.16925;1.2367,1.90034;1.89715;1.85383;1.92288,1.0004214396280178,0.0132240172303398,0.0144248472968086,0.538327;0.537778;0.497601;0.55104,0.942585;0.937178;0.896036;0.950806,1.0010088856558457,0.0088405224572685,0.0121978648857802,4,2000,1000,5000,,,,,
performance_chasing_0p2,20260909,arm1,meta,False,1.1862178976622162,98.94163401522697,1,1.3202100159742922,0.6010721200406359,0.2854941984591508,5.312066596906833,0.0914982373390924,2.5865949859184623,1.312972974464547,0.2827964443761813,5.271478223869331,1000,2.947537489551566,2.880446927917512,156.22170136541027,40.83342067088832,1.0,40.46885274436602,1.840229166274296,41.2104811668396,20260908,83b838ed2b24988ae89d3776e23974642b766c2549af9ec03c1d6efd3d5bfbe7,1.921492411011709,0.96505429471033,1.840229166274285,1.2975464042532925,0.5791987450247276,1.49165;1.22882;1.24135;1.23337,2.09547;1.78922;1.86647;1.93326,1.0036936762339708,0.052148149540821,0.0651465119163193,0.710475;0.528148;0.553941;0.544698,1.07503;0.882354;0.932181;0.969825,1.0053213252659274,0.0287967958037529,0.0408622225616643,4,2000,1000,5000,,,,,
performance_chasing_0p2,20260909,arm1,pla,False,1.1862178976622162,98.94163401522697,1,1.545377421263236,0.6855448682784762,0.316935800810278,15.572909184094115,0.1202500637973277,8.94570450291205,1.5347452877148655,0.3163683859408772,15.526682582083618,1000,4.306870018263159,4.147058933338421,446.07133221328127,64.94704312263573,1.0,61.130831894391655,3.2187639042499017,41.2104811668396,20260908,83b838ed2b24988ae89d3776e23974642b766c2549af9ec03c1d6efd3d5bfbe7,3.5380619490377456,1.8225772165316283,3.218763904249896,1.5156197115170698,0.7001296031681115,1.81525;1.39048;1.39268;1.58686,6.33763;2.18923;2.16941;3.26533,1.028949401379658,0.0766185602790059,0.982998572187796,0.857427;0.63608;0.625638;0.728806,3.40828;1.11211;1.08675;1.66916,1.0286509544750753,0.0419542813229518,0.5465139274488835,4,2000,1000,5000,,,,,
performance_chasing_0p2,20260909,arm1,tv,False,1.1862178976622162,98.94163401522697,1,1.184291838908617,0.5687222059331326,0.2438950775102025,5.269716196599647,0.1016593400397105,2.454778139936359,1.1777666802834372,0.243047638664602,5.229938286673262,1000,1.663871333939262,1.6785063568927887,36.75517264499519,9.982115546577631,1.0,9.942057709390667,1.7834120869538266,41.2104811668396,20260908,83b838ed2b24988ae89d3776e23974642b766c2549af9ec03c1d6efd3d5bfbe7,1.84475271183386,0.9242308091612808,1.783412086953819,1.1897325625549031,0.5466041170441015,1.11333;1.20867;1.21207;1.25811,1.6762;1.91479;1.89351;1.89882,1.0027687935124396,0.0244737680627717,0.0567221991390095,0.544838;0.53797;0.528327;0.573676,0.880352;0.944397;0.925875;0.943409,1.0042913561213644,0.0073110726170734,0.0150013470429542,4,2000,1000,5000,,,,,
performance_chasing_0p2,20260910,arm1,meta,False,1.1293835357798137,31.82987289330365,1,1.0641376612989395,0.4888608036666197,0.2836639792581586,5.103660708389155,0.0978161869257386,2.699205866721826,1.060783787262988,0.2823351201186079,5.075355382021777,1000,2.9477419815247665,2.8820106347014613,142.91829594439255,37.16055088435377,1.0,40.19609013929927,1.7240330546651068,109.3838939666748,20260908,99001afc6955d80affa8fb73349b7cc307814698169638376b8936a6cdced9fc,1.847524582933907,0.8875130893908119,1.7240330546651192,1.106715757655499,0.4940240593878569,1.09766;1.15334;0.851993;1.31572,1.79989;1.87663;1.85954;1.90601,1.0094805558042523,0.1220525893245413,0.0223695566058688,0.5268;0.492494;0.337364;0.603986,0.904527;0.907833;0.744427;0.966751,1.0396293248396618,0.0626662760196187,0.0476784458287123,4,2000,1000,5000,,,,,
performance_chasing_0p2,20260910,arm1,pla,False,1.1293835357798137,31.82987289330365,1,5.23521392936005,2.5917947443652327,0.4131879429916353,56.319695891950744,0.1520904016928495,37.97349161482236,5.21197699111983,0.4111056261457962,56.115583997872754,1000,4.308050086814237,4.157894525515403,2988.981845454277,85.54041373668791,1.0,59.75553022885677,17.559488452084548,109.3838939666748,20260908,99001afc6955d80affa8fb73349b7cc307814698169638376b8936a6cdced9fc,20.57168124502554,12.111213017452824,17.559488452084384,4.817935900671326,2.4613840189433662,5.57411;3.21438;18.6728;3.55467,20.1675;14.6773;28.269;17.1113,1.0860701085594275,1.806714520313241,2.958993568240606,2.87408;1.57613;11.117;1.72718,11.9095;8.30078;17.8963;9.7917,1.088125915011252,1.0516631788588162,2.108184073078919,4,2000,1000,5000,,,,,
performance_chasing_0p2,20260910,arm1,tv,False,1.1293835357798137,31.82987289330365,1,1.1231453789316252,0.534490318624871,0.1382182432656458,4.886365172497902,0.0710828053209462,2.3773429423992516,1.1146839403320077,0.136237558901245,4.790851254199976,1000,1.6637237923184611,1.6784783898520508,36.67003479640207,10.956710678148252,1.0,10.034759555097704,1.737920248368399,109.3838939666748,20260908,99001afc6955d80affa8fb73349b7cc307814698169638376b8936a6cdced9fc,1.7469016885879989,0.9118130467326676,1.7379202483683962,1.1366088750010763,0.5304569125758214,1.1312;1.2024;0.853573;1.32954,1.82954;1.84936;1.36697;2.00581,1.0728788763410435,0.100649174812134,0.137744704283793,0.587686;0.564926;0.359846;0.600476,0.933303;0.928397;0.742998;1.04195,1.0580100121623195,0.0600158437402319,0.0620285742567187,4,2000,1000,5000,,,,,
performance_chasing_0p2,20260911,arm1,meta,True,1.0032210969313362,7973.194579729374,1,1.1335995824260072,0.5192893298628194,0.2949294395106215,4.773069283269195,0.0976405878599115,2.1846840520766286,1.1298466876676456,0.2927414200457398,4.764912888317976,1000,2.9492075194394087,2.883195957737079,141.43636881924215,39.49666257300918,1.0,39.98822300208582,1.7252261163432907,42.827768087387085,20260908,64f0c1b008e42ab4f567f11ac988eb21cb8301e94451af7e2764e59e366a4e9f,1.7794121208819909,0.884203830531478,1.7252261163432832,1.188601096965043,0.5337379851065179,1.17564;1.15875;1.21556;1.2091,1.78769;1.726;1.74967;1.85642,1.0003432986242642,0.0095091868009853,0.028482859470382,0.536084;0.5106;0.555617;0.532384,0.888083;0.854024;0.878315;0.916234,1.0003801552047384,0.0054772875627078,0.0128661987003878,4,2000,1000,5000,,,,,
performance_chasing_0p2,20260911,arm1,pla,True,1.0032210969313362,7973.194579729374,1,1.279137613389663,0.5431700739112368,0.2858257544192537,5.794784020305104,0.1024714124147686,2.851148179914625,1.2737440387640793,0.2845226133060793,5.743522631440462,1000,4.308806021883551,4.158648293454925,229.5591996211054,60.17635275080803,1.0,59.65885898864784,1.827158602532658,42.827768087387085,20260908,64f0c1b008e42ab4f567f11ac988eb21cb8301e94451af7e2764e59e366a4e9f,1.9156239329739744,0.961948163156576,1.8271586025326705,1.2631852120156872,0.5751599095643108,1.24076;1.24232;1.28178;1.28026,1.80944;1.86651;1.93363;2.05929,1.000443714572561,0.011836748308171,0.053728327833057,0.570526;0.563233;0.577524;0.589335,0.915771;0.941732;0.95933;1.03076,1.0002448818289862,0.005740348962183,0.0246351265988523,4,2000,1000,5000,,,,,
performance_chasing_0p2,20260911,arm1,tv,True,1.0032210969313362,7973.194579729374,1,1.1674365044939383,0.5533414806806116,0.264844634098066,5.453118779696437,0.0976752553148513,2.4848025501535504,1.1601931399497445,0.2639411437224925,5.373786124127793,1000,1.6625159964527418,1.678468232672954,37.93593490161383,9.929990158778056,1.0,10.068216542636993,1.8161555504485147,42.827768087387085,20260908,64f0c1b008e42ab4f567f11ac988eb21cb8301e94451af7e2764e59e366a4e9f,1.896966836477869,0.9419275611424875,1.8161555504485092,1.2131488641531676,0.548766876223217,1.22119;1.1966;1.22834;1.21017,1.93766;1.86033;1.89366;1.89702,1.0000484502409557,0.0085449560900815,0.0158345371018255,0.552086;0.548238;0.539253;0.554918,0.961944;0.924186;0.936708;0.944844,1.0002023938171531,0.0042814862806656,0.0079118720460549,4,2000,1000,5000,,,,,
performance_chasing_0p2,20260912,arm1,meta,True,1.0019798431018678,7273.463515027165,1,1.2972307557922718,0.5809396096908817,0.2946198402478365,5.7557239846448915,0.1096915547942645,2.9823544885357443,1.2871488108352214,0.2923296510492566,5.740106052916631,1000,2.9470246411349903,2.881613063270842,163.5908650374975,40.04501439829272,1.0,40.26559630792459,1.929395005451684,48.656994104385376,20260908,8e0d112f7807c9bb05e3b85e0740c8399edd2e2ca3dc74bfcbff64f4e5256c4f,2.0369769772505664,1.0156911007250202,1.929395005451668,1.2890862356166188,0.5800839300120257,1.30426;1.27799;1.27137;1.3094,2.05789;2.02699;1.9834;2.08014,1.0001190304502,0.0118642256702033,0.0209584618285513,0.587996;0.575031;0.578828;0.575597,1.02582;1.00012;0.996845;1.03981,1.000246883273143,0.0052383906623609,0.0103347804455184,4,2000,1000,5000,,,,,
performance_chasing_0p2,20260912,arm1,pla,True,1.0019798431018678,7273.463515027165,1,1.3903242669572289,0.6471005843571201,0.2827553171686844,8.089958455464187,0.1080800452956293,3.9713342771044458,1.3842620827569507,0.2781319989946412,8.057484307050764,1000,4.307519675928645,4.150971825556385,293.7946911767434,62.472862558836184,1.0,60.637239224568425,2.2405242535196797,48.656994104385376,20260908,8e0d112f7807c9bb05e3b85e0740c8399edd2e2ca3dc74bfcbff64f4e5256c4f,2.3864385368930567,1.2110106719305642,2.240524253519692,1.4230456282158936,0.6456646952105185,1.44486;1.41361;1.43359;1.39722,2.49419;2.40418;2.41334;2.22968,1.0012150064770402,0.0133663237227438,0.0556902788743588,0.661621;0.650026;0.638468;0.63353,1.27218;1.23111;1.21428;1.12615,1.0013570269863137,0.0069327263675803,0.0307652220542667,4,2000,1000,5000,,,,,
performance_chasing_0p2,20260912,arm1,tv,True,1.0019798431018678,7273.463515027165,1,1.1226421979948564,0.5131064756045024,0.2556979555127166,5.2244300375765675,0.0946776324483806,2.447790302889135,1.1121031735656304,0.2547631833352657,5.20331719153175,1000,1.6622360141231436,1.678473536204923,37.65768063267056,9.853248399610518,1.0,10.050760994499086,1.8149521899211476,48.656994104385376,20260908,8e0d112f7807c9bb05e3b85e0740c8399edd2e2ca3dc74bfcbff64f4e5256c4f,1.8919645729174033,0.9365950637693644,1.8149521899211556,1.2080247128539356,0.5371214513203434,1.20157;1.19597;1.22469;1.21477,1.91008;1.89219;1.88359;1.88171,1.000518950549934,0.00949947817226,0.0064781076081518,0.522667;0.543333;0.537139;0.5409,0.938133;0.942011;0.931556;0.934585,1.0002155438640652,0.0052597654694979,0.0022570643683393,4,2000,1000,5000,,,,,
performance_chasing_0p4,20260908,arm1,meta,True,1.001811815650469,3146.3805759739535,1,1.2415807647471246,0.5596892890862271,0.276930411619983,6.32713293687905,0.0994509622554523,2.9995219020012764,1.2339958700077491,0.2750265824820898,6.306033778742112,1000,2.9478910760347588,2.8820788829994513,166.6109387724081,39.83274457000759,1.0,40.18414769943393,1.9575113768936745,135.90286707878113,20260908,424f580b67c5a5878015206b6f5736f65aae2caece5a37653e0b17062279197f,2.0821970717305263,1.0365264378519872,1.9575113768936891,1.263751776680038,0.5673907663381754,1.25679;1.26279;1.27491;1.26218,2.14877;2.00969;2.09201;2.07036,1.0001364205617065,0.010738481326555,0.0287369576452189,0.563563;0.563381;0.575354;0.568782,1.05595;1.00231;1.05007;1.03751,1.0001199031808676,0.0051852501463917,0.0120147084440288,4,2000,1000,5000,,,,,
performance_chasing_0p4,20260908,arm1,pla,True,1.001811815650469,3146.3805759739535,1,40.66093144961411,24.712938796423742,7.760871922521422,64.14220017260789,4.134577658503636,34.804668581088904,40.38000603899325,7.708513452691411,63.715379304618594,1000,4.304333309213812,4.151851181533493,6248.173656502148,98.46065080422416,1.0,60.5258444225725,39.056691371103504,135.90286707878113,20260908,424f580b67c5a5878015206b6f5736f65aae2caece5a37653e0b17062279197f,39.30002763812759,24.338584846221742,39.05669137110339,40.13556072478547,24.81378281951347,40.1854;39.9338;40.2904;40.142,39.8222;38.7094;39.3002;39.3407,1.000439269202055,0.166923285780264,0.2278510037523688,24.8442;24.7516;24.806;24.8331,24.7025;23.9922;24.2897;24.363,1.0006005122861152,0.0930858829305574,0.1458942688255813,4,2000,1000,5000,,,,,
performance_chasing_0p4,20260908,arm1,tv,True,1.001811815650469,3146.3805759739535,1,1.1860346613882813,0.5285224206931397,0.2549177980196576,5.658912172608032,0.0976187116128183,2.7068376063131554,1.1738021027775778,0.2507294351116294,5.616842208120603,1000,1.6632191141250114,1.6784918424104216,37.82263583579216,9.847567864875238,1.0,9.990275691852602,1.8232935860596424,135.90286707878113,20260908,424f580b67c5a5878015206b6f5736f65aae2caece5a37653e0b17062279197f,1.9065900851388116,0.9464373104767267,1.82329358605963,1.2152428125656176,0.5440112614809229,1.20309;1.22175;1.21245;1.23249,1.89441;1.87186;1.89472;1.96474,1.0002487972808871,0.0094728738632101,0.0201606307068077,0.532221;0.555633;0.531613;0.555606,0.951485;0.921784;0.928817;0.983273,1.000691959865015,0.005374255454933,0.013846212978856,4,2000,1000,5000,,,,,
performance_chasing_0p4,20260909,arm1,meta,False,1.1936046230263586,27.046031512867422,1,1.3257144943362014,0.6495947155099547,0.3013084979514203,4.4516184247875445,0.1149469591081608,2.305918767231988,1.3211347693716848,0.299544638586132,4.427552259802432,1000,2.947537489551566,2.880446927917512,157.18092035478583,43.608642807163584,1.0,40.46885274436602,1.8005906356274983,63.73744487762451,20260908,ebb2b5ecfedb18fd719a967f28f7b2b589e64fb55e05dbf939750d9f625e77ed,1.8694767169706243,0.9696452307560984,1.800590635627508,1.331595130757147,0.627307598112144,1.26731;1.5378;1.29675;1.25041,1.91886;2.02754;1.67359;1.8681,1.0101584736698723,0.0764317744722407,0.0740338675809878,0.549432;0.773743;0.662277;0.549607,0.956832;1.08365;0.915602;0.914125,1.0149304775411665,0.0657443940697297,0.0399442938546509,4,2000,1000,5000,,,,,
performance_chasing_0p4,20260909,arm1,pla,False,1.1936046230263586,27.046031512867422,1,2.5465239640180832,1.2274433797750588,0.317018695925331,38.98456414764532,0.1263419037036258,21.92663467250641,2.5263724075396494,0.3130802143660607,38.80404163373926,1000,4.304740127703357,4.1468976208386525,1327.4855215709556,70.93177724533949,1.0,61.15110842883621,8.81811054619729,63.73744487762451,20260908,ebb2b5ecfedb18fd719a967f28f7b2b589e64fb55e05dbf939750d9f625e77ed,10.050397633237807,5.397312180439264,8.818110546197355,2.490920689315572,1.2116853761412334,2.20284;3.54607;3.38327;1.8727,6.53969;14.2509;14.8235;4.40597,1.1125239101625577,0.5302787716420809,2.655234609833389,1.05451;1.73012;1.67349;0.871047,3.51602;7.35688;8.35532;2.30923,1.1070160784488692,0.2728003830810704,1.462433901216749,4,2000,1000,5000,,,,,
performance_chasing_0p4,20260909,arm1,tv,False,1.1936046230263586,27.046031512867422,1,1.4744754045748942,0.6626562601532686,0.2929021205809626,6.440969901348901,0.1032270721801204,2.6238331339459307,1.468740527611781,0.2922696925762117,6.361365915817745,1000,1.663871333939262,1.6785063568927887,43.084439745454034,9.613005487280368,1.0,9.942057709390667,2.124677249505285,63.73744487762451,20260908,ebb2b5ecfedb18fd719a967f28f7b2b589e64fb55e05dbf939750d9f625e77ed,2.20323704976768,1.083081639314179,2.1246772495052513,1.465562892298749,0.6580397344117088,1.27671;1.8058;1.74798;1.22444,1.94209;2.2405;2.79374;1.92059,1.0434452961835976,0.2058185269191249,0.2033886402036216,0.568374;0.851403;0.781377;0.5446,0.951671;1.23491;1.14444;0.950341,1.0386014059622035,0.0990539204187371,0.0713306823685721,4,2000,1000,5000,,,,,
performance_chasing_0p4,20260910,arm1,meta,True,1.0033818745637944,5622.246012618642,1,1.2164164708236296,0.4984132271739024,0.2871243969251162,5.2577498890641685,0.09715490950175,2.694941009530791,1.210640347603316,0.2864621853154311,5.215881238692472,1000,2.9477419815247665,2.8820106347014613,154.0350310345509,39.458514438270214,1.0,40.19609013929927,1.844843048526834,97.0060248374939,20260908,6d0178d1ce1a72e010e3efa7d3d5ad1e65897c9e3c326ea7f44b4110ca01a763,1.933786902231723,0.9579403350426904,1.8448430485268323,1.2238969045713008,0.546113860144686,1.22368;1.22515;1.22062;1.22315,1.90927;1.93075;1.88752;2.00796,1.0009411822494076,0.0085321880060472,0.0262255434114851,0.548977;0.533715;0.553936;0.547158,0.934327;0.954417;0.941372;1.00142,1.0007633280497965,0.0049961791152894,0.0150956769990052,4,2000,1000,5000,,,,,
performance_chasing_0p4,20260910,arm1,pla,True,1.0033818745637944,5622.246012618642,1,45.328523617315824,28.409689897516536,24.776106334485483,68.35374057512763,15.385617170476504,38.70391264196902,45.01002137976896,24.63160211861514,67.88260068191387,1000,4.304612490987234,4.156923498117047,7380.585149958269,102.79213663177524,1.0,59.87986939480781,45.36034067526754,97.0060248374939,20260908,6d0178d1ce1a72e010e3efa7d3d5ad1e65897c9e3c326ea7f44b4110ca01a763,45.37096043895943,28.669825157899783,45.36034067526769,45.65207508215342,28.59342604002552,45.668;45.0509;46.2233;45.5531,45.6975;44.5666;45.9131;45.262,1.0015542508614026,0.123262189084695,0.2970435880980693,28.5942;28.2591;28.8335;28.6285,28.8692;28.1437;28.9123;28.7405,1.0010369998508049,0.0579606300396644,0.1780191853322998,4,2000,1000,5000,,,,,
performance_chasing_0p4,20260910,arm1,tv,True,1.0033818745637944,5622.246012618642,1,1.1724471176506297,0.5207461920220857,0.267148469656212,5.229824290560293,0.0989231361002587,2.5104122761043506,1.1634626497977398,0.2663810329257202,5.202525540189178,1000,1.6637237923184611,1.6784783898520508,38.045613565190834,10.025105534730962,1.0,10.034759555097704,1.814702865803434,97.0060248374939,20260908,6d0178d1ce1a72e010e3efa7d3d5ad1e65897c9e3c326ea7f44b4110ca01a763,1.8966036608332837,0.9478454525896612,1.8147028658034288,1.2121972572298834,0.5463748690899001,1.22794;1.20541;1.20561;1.21258,1.91089;1.86338;1.89938;1.915,1.0005312584385462,0.0085563092533439,0.0117369834760795,0.54734;0.538785;0.550114;0.547943,0.952216;0.926404;0.948102;0.964566,1.0006088260767063,0.0041598788194836,0.0079502998533785,4,2000,1000,5000,,,,,
performance_chasing_0p4,20260911,arm1,meta,False,1.3218099621872974,24.14333062648719,1,1.3833402694988752,0.6393157326807943,0.3266476710904699,5.270847836033394,0.1077452113934059,2.629831919627275,1.3758631257582443,0.3218075245057999,5.227687242714776,1000,2.9492075194394087,2.883195957737079,151.98095661898816,41.99297206464077,1.0,39.98822300208582,1.76195052160039,49.35121989250183,20260908,4a97613a1cc01ec6dc543101b649eb2d609f27fc33fc27d9a0afc888dcbef7ad,1.8538514411175264,0.9495925486424744,1.7619505216003912,1.3099964595297338,0.6050680491680431,1.6145;1.1575;1.17414;1.35334,2.16807;1.72433;1.71244;1.78971,1.0123841312434478,0.0867519088356451,0.1078236072690946,0.825876;0.518996;0.518392;0.628042,1.18112;0.848991;0.840973;0.918879,1.0222252413886246,0.0547068225297393,0.0798176109785062,4,2000,1000,5000,,,,,
performance_chasing_0p4,20260911,arm1,pla,False,1.3218099621872974,24.14333062648719,1,2.206632642924811,1.0523133970964702,0.3346985418260189,23.345610259755126,0.1258036339459494,14.392061996180791,2.1946773366125663,0.3331875177148456,23.19687805191679,1000,4.306310813522697,4.158593893330555,936.7171382284076,70.03972458335741,1.0,59.66584030184274,6.306407464737611,49.35121989250183,20260908,4a97613a1cc01ec6dc543101b649eb2d609f27fc33fc27d9a0afc888dcbef7ad,7.221873163711036,3.8997402222443185,6.30640746473758,2.1418721837888857,1.0313289070778322,5.34179;1.62818;1.69091;2.85833,11.4429;3.07429;3.87397;9.85274,1.1309570241674454,0.5034941785956715,2.1024969391896673,2.7441;0.745652;0.768416;1.3446,6.50967;1.56986;2.0252;5.41094,1.1256721388706905,0.2668900020188702,1.225967486621351,4,2000,1000,5000,,,,,
performance_chasing_0p4,20260911,arm1,tv,False,1.3218099621872974,24.14333062648719,1,1.272086722062853,0.5884880085497595,0.2680270856902317,5.835351901660118,0.1109281170466401,2.8788392814567323,1.2636424940375746,0.2668405295458044,5.800440917604144,1000,1.6625159964527418,1.678468232672954,39.243909057042536,10.372326882629013,1.0,10.068216542636993,1.8334871490424516,49.35121989250183,20260908,4a97613a1cc01ec6dc543101b649eb2d609f27fc33fc27d9a0afc888dcbef7ad,1.9199053684910452,0.9742346717384056,1.8334871490424347,1.2717583457115358,0.5874051960556488,1.38282;1.17821;1.16604;1.33486,1.92151;1.84981;1.8848;1.99531,1.0060946493743397,0.0582663548269642,0.0311399476181856,0.711089;0.520855;0.527836;0.570788,1.04112;0.917062;0.945615;0.986463,1.010973794295221,0.0401767821268809,0.0269263122555937,4,2000,1000,5000,,,,,
performance_chasing_0p4,20260912,arm1,meta,True,1.0033772115779271,2176.100990198581,1,1.3021857999386612,0.5683909455445422,0.2766289125698474,5.79491498885569,0.0945836034787372,3.047331035356581,1.299095184685667,0.2741615611391477,5.776366133008538,1000,2.9470246411349903,2.881613063270842,168.35093868215358,40.50166518850138,1.0,40.26559630792459,1.9828417358896788,138.146586894989,20260908,da8878a0695c1cd126b8071aa20b1f6a73c5aae28cef2515bebe688a133650bb,2.084395775751333,1.0452440565083168,1.9828417358896764,1.278200581289195,0.5707798798312427,1.2459;1.27868;1.29253;1.29025,2.05021;2.03535;2.10884;2.14636,1.0000178623483194,0.0102227172353818,0.0258340274116265,0.5668;0.567275;0.575984;0.570768,1.03849;1.01477;1.06198;1.06548,1.000004296164444,0.0053967258124811,0.0117753094755097,4,2000,1000,5000,,,,,
performance_chasing_0p4,20260912,arm1,pla,True,1.0033772115779271,2176.100990198581,1,39.4900917227586,24.64422268260744,0.8024224133238557,70.5728501165956,0.3190635501393781,40.11561442581024,39.25339092503587,0.7950880821778681,70.10467993959817,1000,4.303968239702088,4.150114685225446,5699.851374086499,95.89152294245204,1.0,60.74565334825767,35.0312763143547,138.146586894989,20260908,da8878a0695c1cd126b8071aa20b1f6a73c5aae28cef2515bebe688a133650bb,36.38887976062527,22.27686419214331,35.03127631435468,39.05769471400307,24.356852918625503,37.668;38.6258;40.2525;39.4202,35.113;36.094;37.6116;36.7337,1.0017335545759607,0.4139233583865227,0.5266735152822064,23.5476;24.2656;24.9538;24.4705,21.4722;22.0575;23.1192;22.457,1.0015280108313724,0.2531347223493423,0.3461241339295409,4,2000,1000,5000,,,,,
performance_chasing_0p4,20260912,arm1,tv,True,1.0033772115779271,2176.100990198581,1,1.2854966399627483,0.5813957908749853,0.2928235538638191,5.795522863075434,0.1138797186050822,2.705308417240903,1.2780162107132318,0.2912812806052126,5.745154472770012,1000,1.6622360141231436,1.678473536204923,37.97019055465109,9.896113044338488,1.0,10.050760994499086,1.8286207799003371,138.146586894989,20260908,da8878a0695c1cd126b8071aa20b1f6a73c5aae28cef2515bebe688a133650bb,1.9035659663123756,0.944403819921117,1.82862077990034,1.228660077611122,0.5497353729901369,1.25506;1.20714;1.20979;1.2373,1.9182;1.88087;1.89982;1.91744,0.9998951563309308,0.0084879338142747,0.0088271969068325,0.567209;0.5416;0.539676;0.543752,0.952431;0.935148;0.935485;0.954469,0.9999940499503536,0.0054183540409147,0.0052516560730458,4,2000,1000,5000,,,,,
tv_bursts,20260908,arm1,meta,False,1.0612325775157876,299.4845256154888,1,1.2351815580457517,0.5428461110098729,0.2933926252182759,5.668952688489705,0.0952735449345486,2.8024597387064794,1.2311863169259978,0.2914832644479329,5.648698852402189,1000,2.9478910760347588,2.8820788829994513,161.86544538225195,39.59714201067544,1.0,40.18414769943393,1.9139020284313617,45.23374271392822,20260908,4415bca36729f1ecc65ae1d232519ea12db60f78fd02fe8dc82d66c703ef5510,2.02886473721346,1.0069684961937917,1.9139020284313657,1.3009223864585866,0.5659019563855858,1.28491;1.26649;1.30133;1.3489,1.97342;1.97665;2.02875;2.14074,1.001439056984564,0.0172234172588006,0.039063850953853,0.533586;0.553121;0.578647;0.603616,0.961005;0.969474;1.01867;1.07787,1.0011200340311384,0.0112077252235686,0.0268980891153272,4,2000,1000,5000,,,,,
tv_bursts,20260908,arm1,pla,False,1.0612325775157876,299.4845256154888,1,1.4101911051727858,0.5946467354917699,0.2859340230229202,9.0900731425015,0.1136988181589994,4.515632120845097,1.400925788751569,0.283864668370039,9.01576834496976,1000,4.309408624341329,4.154118209407462,304.01332875401846,61.27681336299728,1.0,60.237858000361825,2.327404173995812,45.23374271392822,20260908,4415bca36729f1ecc65ae1d232519ea12db60f78fd02fe8dc82d66c703ef5510,2.5018652097156484,1.2616281324033032,2.3274041739957982,1.3087213140704548,0.5916939312930294,1.39281;1.30278;1.27808;1.26901,3.65409;2.4329;1.94128;1.94208,1.015523915227968,0.0346420929760804,0.4041099875427077,0.63135;0.59286;0.574264;0.570359,1.88623;1.21131;0.971577;0.975741,1.0143326459741353,0.0160712065524017,0.2157379172796729,4,2000,1000,5000,,,,,
tv_bursts,20260908,arm1,tv,False,1.0612325775157876,299.4845256154888,1,1.4874619596989271,0.3495347714801025,0.283292941219488,6.47199804762454,0.0468325119218954,1.863989788378944,1.2191019149602884,0.230762663278069,5.271714733179119,1000,1.5611617572810204,1.6686396936866597,82.93388258765903,9.704747112367704,1.0,27.47267302660226,1.7939442149514346,45.23374271392822,20260908,4415bca36729f1ecc65ae1d232519ea12db60f78fd02fe8dc82d66c703ef5510,2.230759484591735,0.5823146604508612,1.793944214951431,1.4470854986444397,0.3455266052703217,1.60078;1.3508;1.43522;1.40857,2.3185;2.12589;2.28421;2.19618,1.0024378321918272,0.0335823348827758,0.0435399562318864,0.386462;0.317419;0.33709;0.345859,0.611074;0.543978;0.593691;0.579555,1.0022242487686022,0.008248602925198,0.0142407974197986,4,2000,1000,5000,,,,,
tv_bursts,20260909,arm1,meta,True,1.0140230668120132,1721.8907341745642,1,1.2089234162619942,0.5360561677685687,0.2903693863462831,5.321767151766046,0.0954014478776214,2.5894738915983293,1.1997591717082776,0.2865958788407838,5.268363874138454,1000,2.947537489551566,2.880446927917512,150.74832699370822,39.57297640843532,1.0,40.46885274436602,1.8019573931742712,40.43426203727722,20260908,b93190b855545943d98a3537562142d3f2647334eacf8d834fa3a894422a8fc5,1.8833693406222245,0.9311447709790313,1.8019573931742732,1.2293431144458349,0.5402872896038929,1.23398;1.17397;1.23395;1.28678,1.82877;1.82223;1.87133;2.00436,1.0007018254742444,0.0109011414414917,0.0423181608020939,0.541135;0.498849;0.549963;0.566951,0.907041;0.884752;0.931437;1.001,1.001862833980229,0.0073439445860073,0.0251867516911232,4,2000,1000,5000,,,,,
tv_bursts,20260909,arm1,pla,True,1.0140230668120132,1721.8907341745642,1,1.2915861607080914,0.5487980909928476,0.2769744808070822,6.556950369347287,0.1078605323768526,3.136539893821987,1.2842858063818607,0.2760975224412839,6.486196264708537,1000,4.307344100278896,4.147220200695105,241.38995226239427,61.4814019308633,1.0,61.11055535994707,1.9351198950776825,40.43426203727722,20260908,b93190b855545943d98a3537562142d3f2647334eacf8d834fa3a894422a8fc5,1.96905211073328,0.9875042965212304,1.9351198950776871,1.262083013095932,0.5686344479528989,1.21738;1.28005;1.28246;1.27091,1.84905;2.18822;1.9088;1.94262,1.0027052621837231,0.0121249212805089,0.0745684952327609,0.555207;0.58061;0.566162;0.579906,0.940233;1.08087;0.947186;0.981178,1.001144563659056,0.0075317353918559,0.0324263432133473,4,2000,1000,5000,,,,,
tv_bursts,20260909,arm1,tv,True,1.0140230668120132,1721.8907341745642,1,1.5220829911882543,0.3943219830828418,0.2729325487880062,7.725391748525571,0.0577551833461505,2.182097738813216,1.2434084514012258,0.2241967983631634,6.4632173555079655,1000,1.5644408725123478,1.6691579947055617,92.75126271859934,9.974721247529224,1.0,26.83587652394724,2.0208280430981045,40.43426203727722,20260908,b93190b855545943d98a3537562142d3f2647334eacf8d834fa3a894422a8fc5,2.5196891203562517,0.6827706764136425,2.020828043098101,1.5495959304742437,0.381892399690212,1.59333;1.52001;1.52881;1.5547,2.49295;2.51758;2.50273;2.56827,1.0002040253576718,0.0144207007145997,0.0167455622854918,0.4003;0.379288;0.364471;0.387067,0.683361;0.68088;0.663489;0.701913,1.0002258455778297,0.0040246032702492,0.0078612099463329,4,2000,1000,5000,,,,,
tv_bursts,20260910,arm1,meta,True,1.0258012087170196,1355.9997650716537,1,1.2082832165077952,0.5370865778486342,0.2726093487432375,5.10569002187675,0.0911586015210623,2.449204437841432,1.2037633722709722,0.2687056702205627,5.093116818119871,1000,2.9477419815247665,2.8820106347014613,152.50844526901827,39.32333406938321,1.0,40.19609013929927,1.8235149465374905,45.37316083908081,20260908,db50cbb7b15b71cd181a78ef74133900780ef04a46ed0fdf2dcbd6114843bf5c,1.9178766293477052,0.9484136026283329,1.8235149465374925,1.23403996919477,0.5442638446333079,1.27769;1.2057;1.18379;1.25791,1.92214;1.98391;1.81459;1.95043,1.000893386558256,0.0135222118677248,0.0366354018182977,0.575264;0.52483;0.515103;0.561914,0.956342;0.97418;0.900599;0.962439,1.0008801755812666,0.0066396188992328,0.0163547006779955,4,2000,1000,5000,,,,,
tv_bursts,20260910,arm1,pla,True,1.0258012087170196,1355.9997650716537,1,1.2883066642348608,0.561162078115837,0.2798414153102236,6.632799897743184,0.1054384177052313,3.2014959718313927,1.2811186507214007,0.2790203639729208,6.57310388562801,1000,4.309503497520344,4.158863835444871,245.1446294573241,59.7372125575168,1.0,59.63119106290575,1.9652456649798709,45.37316083908081,20260908,db50cbb7b15b71cd181a78ef74133900780ef04a46ed0fdf2dcbd6114843bf5c,2.05368105815384,1.027752558310888,1.965245664979876,1.3211015993010438,0.5901223874865233,1.32057;1.31005;1.32426;1.32675,2.03451;1.97519;2.04473;2.15647,1.001007176588871,0.0125368302857813,0.0378275900781861,0.593336;0.578703;0.591659;0.597253,1.01906;0.983749;1.02066;1.08744,1.0006344541308867,0.0077941928526478,0.0216512833013587,4,2000,1000,5000,,,,,
tv_bursts,20260910,arm1,tv,True,1.0258012087170196,1355.9997650716537,1,1.6273179127762862,0.3988249492260557,0.3363277148640272,9.650915925763258,0.0628488472675634,2.838196984911548,1.3334313921511327,0.2650193838500755,8.032882689840319,1000,1.5626211877353788,1.6684767320221985,118.12021761199902,10.41238792597327,1.0,27.66991678782274,2.5237043588047694,45.37316083908081,20260908,db50cbb7b15b71cd181a78ef74133900780ef04a46ed0fdf2dcbd6114843bf5c,3.1017087463513686,0.8480630338305967,2.5237043588047583,1.6897747634529838,0.4160542675692952,1.6866;1.68136;1.75899;1.64248,2.83695;2.77327;3.9625;2.8456,1.0031965267590115,0.0197513725974535,0.2864275552815153,0.41068;0.405073;0.430144;0.420613,0.781308;0.759416;1.05394;0.791978,1.0025044780206815,0.0054373919898678,0.0694238365812553,4,2000,1000,5000,,,,,
tv_bursts,20260911,arm1,meta,True,1.0023053269666344,5629.5037191536185,1,1.2039892460772397,0.524772773637282,0.2925936369443567,4.83414903484316,0.1070431369303977,2.3918788475126105,1.1952960310944598,0.2900393873762756,4.797257392961362,1000,2.9492075194394087,2.883195957737079,145.63342733272714,39.321919522809,1.0,39.98822300208582,1.772671213541137,43.60607099533081,20260908,fc7db5c014b687ef68ee64e6a065988f30aebee0d4be983d6baaeb5bca94d6c4,1.836252245884112,0.9104127280696106,1.7726712135411442,1.1902450291620368,0.5285795608772983,1.17868;1.18838;1.18249;1.21158,1.84058;1.78985;1.86949;1.84871,1.000492877963316,0.0080602579656626,0.0169029141341581,0.531937;0.520975;0.523618;0.537898,0.902822;0.886192;0.92732;0.925105,1.0004732067983664,0.0048283291122213,0.0097722183402191,4,2000,1000,5000,,,,,
tv_bursts,20260911,arm1,pla,True,1.0023053269666344,5629.5037191536185,1,1.1611300876406343,0.4560891954386513,0.2600911767554315,4.205639287790529,0.0890918984025767,2.187432004160315,1.1541843771824194,0.258746944032897,4.183246582314203,1000,4.309486860331124,4.158702688140481,190.8013011485966,57.89376958594133,1.0,59.651877675452944,1.5703685199088326,43.60607099533081,20260908,fc7db5c014b687ef68ee64e6a065988f30aebee0d4be983d6baaeb5bca94d6c4,1.6232102642158983,0.799466109186291,1.5703685199088355,1.140163713008168,0.5011740195187642,1.1286;1.13997;1.13926;1.1519,1.58829;1.63137;1.63132;1.64509,1.000196987304302,0.0082638489908617,0.0123424949956308,0.494512;0.511595;0.496424;0.501446,0.788256;0.804047;0.797602;0.807817,1.0000641124858018,0.0042186265018126,0.0042803418479047,4,2000,1000,5000,,,,,
tv_bursts,20260911,arm1,tv,True,1.0023053269666344,5629.5037191536185,1,1.6814277968879354,0.4269293951238402,0.340487243925114,8.86716868384022,0.0609723463390618,2.826314260895705,1.3885994119377851,0.2842444649624588,7.246866635187531,1000,1.5573972904735005,1.6685555740207183,115.31309906724016,10.599111780689492,1.0,27.574661837693583,2.3811482033852274,43.60607099533081,20260908,fc7db5c014b687ef68ee64e6a065988f30aebee0d4be983d6baaeb5bca94d6c4,3.020741418441001,0.8387217999903445,2.381148203385222,1.698338410662775,0.4251425317716506,1.75321;1.65218;1.67264;1.71935,3.11537;2.85094;2.90136;3.21591,1.000973638287669,0.0167263919833633,0.0866665466534588,0.432117;0.419932;0.416354;0.435061,0.871787;0.792116;0.801514;0.889162,1.0004899341290832,0.0057024556542985,0.0244848562169189,4,2000,1000,5000,,,,,
tv_bursts,20260912,arm1,meta,True,1.0017129119247503,6092.618805518587,1,1.293829749536517,0.5617269145015287,0.2914658255225521,5.5836688587316035,0.1041092389299315,2.8162896408599973,1.2880647654148616,0.2889739775651321,5.544189107434676,1000,2.9470246411349903,2.881613063270842,166.25850636071704,40.586482145304416,1.0,40.26559630792459,1.94904242148838,43.22361207008362,20260908,56319c2d7762442e1e831d0ff1d9c852cb70ed7b0c68e81cec951bf1c9c362f5,2.0563294047770655,1.0322452863986538,1.9490424214883768,1.299359231871212,0.5823331216961118,1.28981;1.27752;1.30915;1.32733,2.04257;2.00258;2.00965;2.17192,1.0004928330784966,0.0133673283809113,0.0393890009484695,0.580351;0.564371;0.586971;0.602364,1.02533;0.999783;1.00779;1.09603,1.0007140263179084,0.0058413636097131,0.0219246250952991,4,2000,1000,5000,,,,,
tv_bursts,20260912,arm1,pla,True,1.0017129119247503,6092.618805518587,1,1.2000185167543207,0.5242125109351825,0.2858751949814114,5.314530332283025,0.1015787931087941,2.537962896036566,1.1950516568209453,0.2838677649761421,5.289792927679574,1000,4.308712567815476,4.1518276697393475,215.81772610493087,59.1398769219225,1.0,60.52882510087917,1.7348000650433446,43.22361207008362,20260908,56319c2d7762442e1e831d0ff1d9c852cb70ed7b0c68e81cec951bf1c9c362f5,1.803460073159388,0.8912640083030838,1.7348000650433362,1.2020827559021776,0.5344595232369242,1.17116;1.21534;1.23402;1.19969,1.76593;1.81695;1.80096;1.82705,1.0003151775154917,0.0106784143758417,0.0133885704318505,0.524009;0.538786;0.536295;0.540933,0.875399;0.901359;0.880163;0.908014,1.0001240129517162,0.0058976463381418,0.0079445536668408,4,2000,1000,5000,,,,,
tv_bursts,20260912,arm1,tv,True,1.0017129119247503,6092.618805518587,1,1.6747849166332776,0.4291902753173747,0.2930511417650185,10.932915583022456,0.0580707217255405,3.770183358076628,1.3811925892612882,0.2388668150919611,8.841831790846443,1000,1.5556373052427983,1.6688381995375352,124.00430473062563,10.601123603308162,1.0,27.230512709620488,2.572037675027001,43.22361207008362,20260908,56319c2d7762442e1e831d0ff1d9c852cb70ed7b0c68e81cec951bf1c9c362f5,3.2777938470572625,0.9184984125836434,2.57203767502701,1.7224808627439925,0.4369683055865714,1.73216;1.73662;1.71031;1.71291,3.17039;3.38318;3.32657;3.23682,1.0001234115799116,0.0170547172548433,0.047161552572986,0.446459;0.435927;0.426326;0.437951,0.889632;0.946744;0.912792;0.922025,1.0002433840448666,0.0060306689423218,0.0118115558189545,4,2000,1000,5000,,,,,
none,20260908,arm1_strong,meta,True,1.0059731011475082,4165.05903969205,1,1.3328991660729268,0.6060942867985293,0.3140187734867115,6.0404732367368545,0.1117362023796971,3.0411353494949287,1.3252604723220751,0.3128681416921193,6.019572254736101,1000,2.9478910760347588,2.8820788829994513,166.53623682215712,39.868877005756985,1.0,40.18414769943393,1.9727022845394768,42.518088817596436,20260908,736d3679e11760c8fe924056505ab728b1a5d031447b2106d96087f394edaee2,2.080324103123593,1.0360656116861875,1.9727022845394824,1.3148808568896548,0.5873924192181955,1.31452;1.2516;1.37231;1.31014,2.29628;1.90522;2.11807;2.00556,1.001614139968817,0.0106750403316958,0.0838185259155803,0.589538;0.561852;0.613335;0.58036,1.13604;0.945992;1.06158;1.00052,1.0018476759530124,0.0057699473842144,0.0408484976456246,4,2000,1000,5000,4.105707069614712,3.701484340428477,4.509929798800946,1.411117911767542,0.0502008416617544
none,20260908,arm1_strong,pla,True,1.0059731011475082,4165.05903969205,1,4.123175944599478,2.0416083166795875,3.783225146482231,4.469535726173517,0.7268250779741136,2.8574586783243943,4.102779631811487,3.769413763704341,4.440173012562484,1000,4.309408624341329,4.154118209407462,519.496604590757,61.25191747155645,1.0,60.237858000361825,4.108091208401004,42.518088817596436,20260908,736d3679e11760c8fe924056505ab728b1a5d031447b2106d96087f394edaee2,4.276052059301368,2.155871862194525,4.108091208401013,4.122157527633055,2.0729074638285043,4.11948;4.11844;4.12515;4.12321,4.25936;4.2861;4.27681;4.27142,1.0000707228367731,0.0016230887974275,0.0055815018949586,2.0705;2.06008;2.07326;2.08206,2.14838;2.15301;2.15692;2.16501,1.0010410803578993,0.006298721484228,0.0035225092895389,4,2000,1000,5000,4.105707069614712,3.701484340428477,4.509929798800946,1.411117911767542,0.0502008416617544
none,20260908,arm1_strong,tv,True,1.0059731011475082,4165.05903969205,1,1.193667474062439,0.5386163826756944,0.2625483400566744,5.586380823404322,0.1067713897357281,2.721002881659828,1.1862379931036906,0.2613421336125608,5.501942864106126,1000,1.6632191141250114,1.6784918424104216,37.555896894239666,9.91676499426211,1.0,9.990275691852602,1.8106516129507455,42.518088817596436,20260908,736d3679e11760c8fe924056505ab728b1a5d031447b2106d96087f394edaee2,1.8865635272667696,0.9397985109252912,1.8106516129507515,1.2215872806540338,0.5466382982560278,1.22854;1.20929;1.23406;1.21555,1.92377;1.87003;1.87544;1.88076,1.0001599780772852,0.0086840635133933,0.012285738309868,0.550871;0.546693;0.542875;0.549531,0.96178;0.935107;0.932815;0.929391,1.0001148898462353,0.0046181580421337,0.0074291681789262,4,2000,1000,5000,4.105707069614712,3.701484340428477,4.509929798800946,1.411117911767542,0.0502008416617544
none,20260909,arm1_strong,meta,True,1.0008497284436737,16067.709268387647,1,1.222900141330326,0.5327697776678737,0.285795537971095,4.809839194823053,0.1082350417668154,2.5801901623774364,1.2183087582581569,0.2849520710684883,4.790104325723217,1000,2.947537489551566,2.880446927917512,146.79030896556284,39.57278452653476,1.0,40.46885274436602,1.755893898471199,43.90116310119629,20260908,5d4c83aa5feb5fc2de602cdb7a7801fc2333b44f8c9e1b221370986c629db7b8,1.833924366998532,0.90669677024629,1.7558938984712025,1.2231073274664004,0.5432084398452881,1.21174;1.2042;1.25222;1.22291,1.81787;1.78403;1.8765;1.85938,1.0003415984772817,0.0087728129359616,0.0208313218868558,0.536805;0.528065;0.560422;0.550507,0.892368;0.883701;0.929016;0.921624,1.0004302873495845,0.0057185458669615,0.0110115974543331,4,2000,1000,5000,3.9599806520074576,2.973032580295133,4.946928723719782,1.3682188787551255,0.1266511795651735
none,20260909,arm1_strong,pla,True,1.0008497284436737,16067.709268387647,1,3.944413819874131,1.8729838270478776,3.188646676847236,4.877071896727595,0.6864257077433293,2.946676559389738,3.916350215013675,3.1708067604194565,4.858228133260309,1000,4.307344100278896,4.147220200695105,509.9311482917521,61.63100284454397,1.0,61.11055535994707,3.969584285066379,43.90116310119629,20260908,5d4c83aa5feb5fc2de602cdb7a7801fc2333b44f8c9e1b221370986c629db7b8,4.154510955793732,2.086063440243234,3.9695842850663614,3.959745026847452,1.9548845751692077,3.95635;3.95428;3.96139;3.9678,4.14138;4.15605;4.1515;4.16149,1.0001766600127586,0.0036100615040255,0.0042642502248562,1.97551;1.94666;1.9486;1.94911,2.10021;2.07955;2.07869;2.08551,1.0001990981966076,0.0063191318093572,0.0049776281824235,4,2000,1000,5000,3.9599806520074576,2.973032580295133,4.946928723719782,1.3682188787551255,0.1266511795651735
none,20260909,arm1_strong,tv,True,1.0008497284436737,16067.709268387647,1,1.1793865258117178,0.5350498400756707,0.2657201991241054,5.283999304421829,0.103102022297642,2.637603067169421,1.1705966719063214,0.2643654924925523,5.235659069798863,1000,1.663871333939262,1.6785063568927887,37.62479542297798,9.623398407479938,1.0,9.942057709390667,1.847560822854224,43.90116310119629,20260908,5d4c83aa5feb5fc2de602cdb7a7801fc2333b44f8c9e1b221370986c629db7b8,1.9230216355925096,0.945850854830321,1.8475608228542255,1.245721520415168,0.5515287442180998,1.26771;1.22345;1.25421;1.24669,1.97656;1.85964;1.92967;1.92186,1.000547798741871,0.0075912381749769,0.0240224860443291,0.558396;0.543868;0.549232;0.553202,0.968023;0.923762;0.947007;0.944572,1.0002007203510028,0.0043910902959893,0.009048484005753,4,2000,1000,5000,3.9599806520074576,2.973032580295133,4.946928723719782,1.3682188787551255,0.1266511795651735
none,20260910,arm1_strong,meta,True,1.0056723767300657,5812.777632481612,1,1.2267825440407107,0.53960261003554,0.2858025062185678,4.984416852647514,0.1152019281346582,2.461840779618811,1.2228253304739258,0.2833643470512714,4.943098051076196,1000,2.9477419815247665,2.8820106347014613,153.65067712435854,38.81865199456897,1.0,40.19609013929927,1.867142323605964,40.11333870887756,20260908,5d3c2219efea4ce5e1e0fccd92793a1b5c723bc19b672d555f0db0c4743247e0,1.9445824029146448,0.9553415695657772,1.867142323605978,1.2501179721604716,0.5543026324978979,1.27117;1.24109;1.25016;1.24499,2.0969;2.02351;1.8079;1.84949,1.000977201766028,0.0126469865462075,0.0690145739459286,0.573836;0.551205;0.545712;0.548557,1.01993;0.995558;0.892829;0.912917,1.0006954122825276,0.0056969048744786,0.0309522767865431,4,2000,1000,5000,4.170985804124722,3.4940211663879936,4.8479504418614505,1.424735423105715,0.0826678732379656
none,20260910,arm1_strong,pla,True,1.0056723767300657,5812.777632481612,1,4.181210941258916,2.0615943485750727,3.628302709122394,4.787546503229052,0.7304505632312042,2.973237236787669,4.158187336325518,3.606420396821481,4.750175429030828,1000,4.309503497520344,4.158863835444871,524.8502425886741,60.88069288903341,1.0,59.63119106290575,4.181395790820428,40.11333870887756,20260908,5d3c2219efea4ce5e1e0fccd92793a1b5c723bc19b672d555f0db0c4743247e0,4.355174156915408,2.200164932114839,4.181395790820417,4.188513963821632,2.10175456534616,4.1956;4.1795;4.19876;4.18255,4.33943;4.37641;4.36288;4.35037,1.0001655884621818,0.0025532697624188,0.007977772687565,2.11093;2.09368;2.0957;2.10788,2.20189;2.19742;2.20031;2.20098,1.0006650895716358,0.0065385247401532,0.0009665948166728,4,2000,1000,5000,4.170985804124722,3.4940211663879936,4.8479504418614505,1.424735423105715,0.0826678732379656
none,20260910,arm1_strong,tv,True,1.0056723767300657,5812.777632481612,1,1.2171181226686971,0.5550768596507608,0.2525326671009804,6.00012461721709,0.0936354094425919,2.633864539662813,1.2109259920478852,0.2510826607019225,5.982137502512083,1000,1.6637237923184611,1.6784783898520508,38.60922344909002,9.984854597727942,1.0,10.034759555097704,1.8568441896368304,40.11333870887756,20260908,5d3c2219efea4ce5e1e0fccd92793a1b5c723bc19b672d555f0db0c4743247e0,1.928569809305768,0.9618811346141366,1.856844189636837,1.2337798527057298,0.5546095317810809,1.24883;1.20402;1.21997;1.26963,1.98117;1.90635;1.92124;1.9067,1.0004522472490371,0.009484759206364,0.0177777174291535,0.55605;0.547287;0.551099;0.567559,0.983941;0.95087;0.955917;0.956735,1.0002991578791118,0.004715905781842,0.0074718135308813,4,2000,1000,5000,4.170985804124722,3.4940211663879936,4.8479504418614505,1.424735423105715,0.0826678732379656
none,20260911,arm1_strong,meta,True,1.0283138621037522,1007.803885250569,1,1.1740771743812388,0.5532611188309239,0.278280571925427,5.454435160252174,0.1057089615245339,2.4135606928344324,1.1678267921561516,0.277052732629447,5.44104848053763,1000,2.9492075194394087,2.883195957737079,154.9271916738308,39.051785875451344,1.0,39.98822300208582,1.8768167391389696,39.01661109924317,20260908,3c221baea98377492ed18d237d4d81d4661e62c8c31521e43debb69dd19d7f9a,1.9601110105373545,0.9684441684475852,1.8768167391389667,1.1973949539292308,0.5333238443490339,1.17268;1.24291;1.18264;1.19859,1.72646;2.50366;1.85595;1.74504,1.0053555632023747,0.013567480053335,0.1841919556226737,0.517732;0.54709;0.5393;0.532568,0.847742;1.24935;0.912705;0.863917,1.0039452496896726,0.0066774959782174,0.0946521182287555,4,2000,1000,5000,5.406469231391909,4.668234573507434,6.144703889276383,1.68517530594488,0.0695835670588913
none,20260911,arm1_strong,pla,True,1.0283138621037522,1007.803885250569,1,5.423009310531052,2.5178508930514063,4.8093148101971,6.089502656043605,0.8355900175175454,3.764536652968194,5.394121300781259,4.785395395614584,6.060093445298079,1000,4.309486860331124,4.158702688140481,648.9310426692882,54.500805906137714,1.0,59.651877675452944,5.398493568238852,39.01661109924317,20260908,3c221baea98377492ed18d237d4d81d4661e62c8c31521e43debb69dd19d7f9a,5.6847637944969085,2.7141211166617154,5.398493568238868,5.417714785616034,2.5683086956687857,5.42075;5.40393;5.4231;5.42387,5.66445;5.66849;5.70835;5.69043,1.0000741851743715,0.0036649902868681,0.0102151682634612,2.57452;2.55347;2.56696;2.57747,2.71876;2.69651;2.71785;2.72356,1.000147151555187,0.0096487488917524,0.0060181099726805,4,2000,1000,5000,5.406469231391909,4.668234573507434,6.144703889276383,1.68517530594488,0.0695835670588913
none,20260911,arm1_strong,tv,True,1.0283138621037522,1007.803885250569,1,1.1646067384741792,0.5419071290048043,0.271604538208712,5.270078096228614,0.1035180105077489,2.6739784129310427,1.156988839710294,0.2703173285937789,5.242601275815925,1000,1.6625159964527418,1.678468232672954,38.25238480015742,9.862632844025482,1.0,10.068216542636993,1.8299523739946555,39.01661109924317,20260908,3c221baea98377492ed18d237d4d81d4661e62c8c31521e43debb69dd19d7f9a,1.9192551234547752,0.9497291509118562,1.829952373994656,1.2404197659719198,0.5495520451196675,1.24637;1.24863;1.20741;1.23994,1.97476;1.90921;1.85614;1.93395,1.000348956165263,0.006812676575404,0.0247983219747081,0.567892;0.552543;0.539729;0.547595,0.984051;0.94194;0.916524;0.956372,1.0002072760666654,0.0044045282353169,0.0140989529675702,4,2000,1000,5000,5.406469231391909,4.668234573507434,6.144703889276383,1.68517530594488,0.0695835670588913
none,20260912,arm1_strong,meta,True,1.0020891606989486,9938.07486915476,1,1.2728045825662313,0.5755632538641916,0.2858833972500466,5.790757102552336,0.1080301589516631,2.7964998199647466,1.2650935756403916,0.2848643978594912,5.763570660022525,1000,2.9470246411349903,2.881613063270842,169.88745466497528,40.10379236222754,1.0,40.26559630792459,1.999932266304808,43.78447508811951,20260908,668e83a0bd1cfa11ffe376d00d8bf8dce5ef52249861c46861f0637a5b0d4e1d,2.113832859451234,1.0547885917693514,1.9999322663048145,1.3073415298003592,0.5860343539769772,1.2946;1.28367;1.33285;1.33874,2.15114;1.96308;2.13575;2.20158,1.0006386419957791,0.0119981305311125,0.0518752091264468,0.582593;0.56781;0.602756;0.589622,1.07245;0.976331;1.06365;1.10665,1.0004708580935668,0.0059281624498537,0.0277425855294191,4,2000,1000,5000,3.501781193732316,2.9037697192374963,4.099792668227136,1.2494901872306463,0.0869662498630752
none,20260912,arm1_strong,pla,True,1.0020891606989486,9938.07486915476,1,3.4927414261545313,1.6120115002912856,2.991352751251957,4.0328240369050565,0.5510125075909476,2.490058196595116,3.4738159841035534,2.9814088475931917,4.020239283567517,1000,4.308712567815476,4.1518276697393475,436.7793234924917,58.625036057804394,1.0,60.52882510087917,3.5013523568745715,43.78447508811951,20260908,668e83a0bd1cfa11ffe376d00d8bf8dce5ef52249861c46861f0637a5b0d4e1d,3.6656749453616895,1.803553190073973,3.5013523568745653,3.507005293265541,1.7082004174909606,3.50637;3.50515;3.50753;3.5075,3.65923;3.65705;3.67385;3.67907,1.0003530364808206,0.0019261896620179,0.0054131208011789,1.73123;1.70512;1.70072;1.70076,1.8167;1.79398;1.79796;1.80525,1.000546230777344,0.0054066994673607,0.0049880800594401,4,2000,1000,5000,3.501781193732316,2.9037697192374963,4.099792668227136,1.2494901872306463,0.0869662498630752
none,20260912,arm1_strong,tv,True,1.0020891606989486,9938.07486915476,1,1.178265333557615,0.5210744484281702,0.2718888824346563,5.747271586231652,0.1136440757431457,2.77461408927335,1.1723269114980202,0.2713342550264204,5.729464239443473,1000,1.6622360141231436,1.678473536204923,37.862816947176334,9.80294699392654,1.0,10.050760994499086,1.8321602522626568,43.78447508811951,20260908,668e83a0bd1cfa11ffe376d00d8bf8dce5ef52249861c46861f0637a5b0d4e1d,1.9070904522847676,0.9416430762030396,1.8321602522626617,1.225414367788246,0.5439855495473069,1.24498;1.22677;1.20582;1.21988,1.94065;1.89878;1.9469;1.84841,1.0001486382235671,0.0082431287629325,0.0227557698902391,0.5516;0.551272;0.536014;0.541275,0.955082;0.944261;0.950449;0.91651,0.9999378643466694,0.0041926844011213,0.0086440993648141,4,2000,1000,5000,3.501781193732316,2.9037697192374963,4.099792668227136,1.2494901872306463,0.0869662498630752
performance_chasing,20260908,arm1_strong,meta,True,1.007318981358205,6684.213291276625,1,1.249770703674021,0.5705169308344493,0.3225365535842865,5.815172876595664,0.1050739278439697,3.073505347837337,1.2417319203435122,0.3197715626617882,5.798980140254761,1000,2.9478910760347588,2.8820788829994513,168.29533722958735,40.23515102660534,1.0,40.18414769943393,1.9886104304200436,41.40533494949341,20260908,a98e57816fab67fb99bb98b427d1d6fe9e3cb9a086267bd2a49019c144d3f9c2,2.09272326289379,1.0470252549259893,1.9886104304200392,1.3000092100239984,0.5871461346733732,1.26742;1.26715;1.3562;1.32652,1.98048;1.93483;2.32702;2.12091,1.0010443793277832,0.0123575530501384,0.0881302554368896,0.576859;0.573196;0.608119;0.589717,0.991034;0.957751;1.16295;1.07604,1.000973864458529,0.0061303371912034,0.0459941849930617,4,2000,1000,5000,4.071490643125161,3.727962750525121,4.415018535725201,1.4030834441908464,0.0430288180663819
performance_chasing,20260908,arm1_strong,pla,True,1.007318981358205,6684.213291276625,1,4.160713252527261,2.3462194963953715,3.859997665761964,4.463853398523012,1.169149596699798,2.937882860186534,4.094116227789332,3.801324711832041,4.3969596102396515,1000,4.29041791942621,4.149574999118227,597.8672928837078,81.32561480866354,1.0,60.81383084478317,4.0927780593885466,41.40533494949341,20260908,a98e57816fab67fb99bb98b427d1d6fe9e3cb9a086267bd2a49019c144d3f9c2,4.20620250863635,2.4065944824681016,4.092778059388569,4.152271518171615,2.372973085179287,4.15199;4.15166;4.15275;4.15253,4.21063;4.18452;4.21583;4.20951,1.0001906660826403,0.0013677641611726,0.0070033097630376,2.37724;2.37747;2.35256;2.38218,2.41227;2.40379;2.39828;2.41125,1.0002292623228235,0.0044253393190598,0.0033003644427852,4,2000,1000,5000,4.071490643125161,3.727962750525121,4.415018535725201,1.4030834441908464,0.0430288180663819
performance_chasing,20260908,arm1_strong,tv,True,1.007318981358205,6684.213291276625,1,1.1400951519722162,0.4997753004810876,0.2739572331364423,5.427258850399602,0.1074398517874655,2.477785715793029,1.1302533008958913,0.2730348093668792,5.4199385219531395,1000,1.6632191141250114,1.6784918424104216,37.23764290472319,9.826303224474067,1.0,9.990275691852602,1.810714358301456,41.40533494949341,20260908,a98e57816fab67fb99bb98b427d1d6fe9e3cb9a086267bd2a49019c144d3f9c2,1.8791156163712743,0.9317834306912428,1.810714358301459,1.2124093618232663,0.5394031240477198,1.23457;1.19586;1.21133;1.21033,1.89973;1.87014;1.86332;1.88279,1.0002531450497365,0.0091522186295439,0.0080023950114396,0.544562;0.539984;0.534;0.53908,0.942;0.920869;0.927079;0.937122,1.0000203675932384,0.0047628010684274,0.0047795695660343,4,2000,1000,5000,4.071490643125161,3.727962750525121,4.415018535725201,1.4030834441908464,0.0430288180663819
performance_chasing,20260909,arm1_strong,meta,True,1.0014702756181753,12953.303446858352,1,1.1714761092589492,0.5216195769315394,0.2832449837280246,4.969695700892259,0.09838606310153,2.4708424821029764,1.1617755390378417,0.2825297270240404,4.938912599535607,1000,2.947537489551566,2.880446927917512,146.8679124008519,39.718059950271986,1.0,40.46885274436602,1.753899857049757,35.2060911655426,20260908,f3ff97ab651609772a1720dfa086c21ea4aeec737dddb31c546a84d44adfd980,1.8315696098706735,0.9072102829319054,1.7538998570497502,1.21399801224577,0.5344086980245266,1.19974;1.1831;1.2252;1.24655,1.83037;1.7419;1.87368;1.88183,1.000286120113191,0.0072811014392143,0.0320680104798283,0.536199;0.518719;0.546391;0.540194,0.910746;0.858896;0.93064;0.928489,1.000307710988005,0.0051042354145959,0.0167046101689765,4,2000,1000,5000,3.944643058890426,3.077213188547727,4.812072929233125,1.3661037501937865,0.1118456136094117
performance_chasing,20260909,arm1_strong,pla,True,1.0014702756181753,12953.303446858352,1,4.037876005062534,2.1506871450118075,3.314797266884525,4.8918139593352254,0.9145565949060236,3.089668999099437,3.9897620540958423,3.2810431817203543,4.830248796326893,1000,4.295088030025803,4.146574860398926,559.4955909503198,73.26896569720788,1.0,61.19166149772538,4.032546870773473,35.2060911655426,20260908,f3ff97ab651609772a1720dfa086c21ea4aeec737dddb31c546a84d44adfd980,4.161036599503551,2.2673912420717217,4.03254687077349,4.055074404616251,2.1792985440944284,4.05242;4.04682;4.06402;4.0559,4.14301;4.16077;4.16992;4.17075,1.00006264264648,0.0027823656434504,0.0064438443501416,2.18265;2.17492;2.18589;2.17297,2.26167;2.26603;2.27483;2.26703,1.0003335796053974,0.0054754295604286,0.002739131077143,4,2000,1000,5000,3.944643058890426,3.077213188547727,4.812072929233125,1.3661037501937865,0.1118456136094117
performance_chasing,20260909,arm1_strong,tv,True,1.0014702756181753,12953.303446858352,1,1.2029920436979364,0.5411748640417813,0.2538860829436337,5.65274321180954,0.0931968596783618,2.612740875561407,1.1923928328643938,0.2491535493301901,5.645519869874862,1000,1.663871333939262,1.6785063568927887,37.81631401113763,9.643735146754937,1.0,9.942057709390667,1.8524414242202092,35.2060911655426,20260908,f3ff97ab651609772a1720dfa086c21ea4aeec737dddb31c546a84d44adfd980,1.930803327130649,0.9506970737451612,1.852441424220208,1.2382762927658044,0.5477962956030369,1.23708;1.22876;1.23721;1.24989,1.95194;1.9133;1.92338;1.93591,1.000045446593201,0.0092382282318789,0.0083351697400058,0.54555;0.551294;0.543294;0.550886,0.95834;0.951606;0.941602;0.951084,0.9999997451412712,0.0038890078525801,0.0034412338348837,4,2000,1000,5000,3.944643058890426,3.077213188547727,4.812072929233125,1.3661037501937865,0.1118456136094117
performance_chasing,20260910,arm1_strong,meta,True,1.004032187073124,4483.034745079997,1,1.257355293780804,0.5546464624975955,0.288270538659969,5.200191231362051,0.1064273911121159,2.620950757128289,1.2519665661137502,0.286226362331913,5.1215323567057025,1000,2.9477419815247665,2.8820106347014613,152.5623392056225,38.95755006536514,1.0,40.19609013929927,1.8575360537088892,44.083816051483154,20260908,2d52751960481f74609866464b8c9dfd30878c562145aad2c2395db7d4358ca9,1.927420379039399,0.94863073780215,1.8575360537088963,1.2547352066675013,0.5521009869907622,1.25578;1.22614;1.3013;1.23106,1.84418;1.89116;2.05473;1.92237,1.0012015565211605,0.0108619602568663,0.0451610694794085,0.552772;0.530169;0.58283;0.53877,0.917913;0.920636;1.00547;0.950195,1.0009731108912192,0.0058706542370625,0.0203307632654612,4,2000,1000,5000,4.112500789284983,3.548608895374392,4.676392683195573,1.411590166680886,0.0698733330246341
performance_chasing,20260910,arm1_strong,pla,True,1.004032187073124,4483.034745079997,1,4.225553623959171,2.3921290838216387,3.748218926613571,4.738838643076905,1.201735264948134,3.076353485157258,4.161369597719274,3.689252631995043,4.664359794225944,1000,4.291209356673342,4.154976297995827,596.0368455809654,79.13331972453136,1.0,60.12854772670989,4.165771097218348,44.083816051483154,20260908,2d52751960481f74609866464b8c9dfd30878c562145aad2c2395db7d4358ca9,4.279971656919303,2.4320251650227256,4.165771097218327,4.2182047214424765,2.3840203855277236,4.22469;4.21625;4.22342;4.20808,4.2814;4.24897;4.29912;4.28664,1.000097860394883,0.0026016178308911,0.0106880864975112,2.38128;2.37292;2.39142;2.39102,2.43001;2.41347;2.44354;2.44056,1.0002601912706437,0.0056154915305899,0.0067929889932978,4,2000,1000,5000,4.112500789284983,3.548608895374392,4.676392683195573,1.411590166680886,0.0698733330246341
performance_chasing,20260910,arm1_strong,tv,True,1.004032187073124,4483.034745079997,1,1.189726249110759,0.5515195095301659,0.2649127955272531,5.5782015773756575,0.0943422246960933,2.6677601458991425,1.1845594022642023,0.2629986012647738,5.548578266251808,1000,1.6637237923184611,1.6784783898520508,38.96745976267366,9.968579249643875,1.0,10.034759555097704,1.874503977543615,44.083816051483154,20260908,2d52751960481f74609866464b8c9dfd30878c562145aad2c2395db7d4358ca9,1.9480477805753524,0.9708013707693468,1.874503977543609,1.2308655178683694,0.5495003069775881,1.21834;1.22286;1.24754;1.23785,1.97846;1.9209;1.95575;1.94002,1.000178274878086,0.0093071516494332,0.0121911283706346,0.553064;0.552071;0.544579;0.547192,0.976331;0.967574;0.967827;0.971194,1.0001219428885588,0.0049950607279774,0.0020408302521684,4,2000,1000,5000,4.112500789284983,3.548608895374392,4.676392683195573,1.411590166680886,0.0698733330246341
performance_chasing,20260911,arm1_strong,meta,True,1.000167424096198,14802.896786993366,1,1.1846095727367882,0.5343210807197574,0.2859261607265788,4.9593789799399435,0.1003487607956819,2.358340090901238,1.1800361101232295,0.2832835724347108,4.914491616118523,1000,2.9492075194394087,2.883195957737079,140.80996418579028,38.90766792986365,1.0,39.98822300208582,1.71208306608177,40.19960331916809,20260908,a430382c61a78b49c1c6bc019f4b1be997f441d97722a369498beb01d46ea584,1.7847566270243902,0.880156336891768,1.71208306608177,1.1834107876553068,0.5249562920222719,1.18204;1.16795;1.2006;1.18506,1.7676;1.77506;1.78372;1.81328,1.000030520008094,0.007991763539892,0.010012294620354,0.521948;0.51609;0.532798;0.531737,0.869733;0.871365;0.878953;0.900501,1.0001563318507902,0.0050262084730092,0.0070786797154595,4,2000,1000,5000,5.202311538841182,4.563341103803064,5.8412819738793,1.6471433459786835,0.0626052319890616
performance_chasing,20260911,arm1_strong,pla,True,1.000167424096198,14802.896786993366,1,5.30612628650683,2.978425149079244,4.783606440840284,5.887001140856383,1.376500569943172,3.8947415069088263,5.233364989763251,4.713051107604246,5.809632150418226,1000,4.295340393857183,4.158485076863498,743.5585853129411,78.20137555983176,1.0,59.679802928232526,5.252812590984819,40.19960331916809,20260908,a430382c61a78b49c1c6bc019f4b1be997f441d97722a369498beb01d46ea584,5.392748984788431,3.0585783648924316,5.252812590984819,5.315453346000781,2.9997302475290732,5.3159;5.30683;5.31885;5.31821,5.38828;5.40131;5.40754;5.38052,1.000154791590719,0.0024050877429808,0.0061289000034875,3.0114;2.99211;2.98524;3.01519,3.06036;3.05483;3.05853;3.06137,1.0009791046848109,0.0056367087912683,0.0014385152054152,4,2000,1000,5000,5.202311538841182,4.563341103803064,5.8412819738793,1.6471433459786835,0.0626052319890616
performance_chasing,20260911,arm1_strong,tv,True,1.000167424096198,14802.896786993366,1,1.1026326454468476,0.5025757497790317,0.2591626861332858,5.045812615319014,0.0885495286571802,2.456742341946527,1.0925182217948095,0.2546216714648187,5.017423179175009,1000,1.6625159964527418,1.678468232672954,38.12027063311543,10.003780393613049,1.0,10.068216542636993,1.8239801007047007,40.19960331916809,20260908,a430382c61a78b49c1c6bc019f4b1be997f441d97722a369498beb01d46ea584,1.8991767861557511,0.9465399783322168,1.8239801007047027,1.236568608812564,0.5522867713720452,1.22945;1.22353;1.24129;1.24811,1.93655;1.86824;1.92465;1.86641,1.0002098714093788,0.0077405259445029,0.018431269165757,0.552001;0.550977;0.557336;0.549135,0.960048;0.927359;0.962895;0.935771,1.0001716230247033,0.0051542565077402,0.0088215184661947,4,2000,1000,5000,5.202311538841182,4.563341103803064,5.8412819738793,1.6471433459786835,0.0626052319890616
performance_chasing,20260912,arm1_strong,meta,True,1.0007149677454454,10962.92658788745,1,1.2567769783667395,0.5348339765408454,0.2901831830642684,5.245766361221947,0.1121156404125778,2.5198799686657596,1.24741249821825,0.2871955440595038,5.217148626817572,1000,2.9470246411349903,2.881613063270842,162.7908173569839,39.51402724342026,1.0,40.26559630792459,1.9354513197253864,35.168296813964844,20260908,c501c3b7fff683202f2101241e0dbd393b7daf0746b081c8dabf7984e252d93e,2.040506210864913,1.010641748141734,1.9354513197253873,1.2849750483533295,0.5721072356577936,1.28116;1.25747;1.31916;1.28883,2.0268;2.01948;2.11743;1.99465,1.0002418831857367,0.008388367834773,0.0268424305925234,0.579136;0.551231;0.59134;0.570365,1.00449;0.995588;1.05021;0.992265,1.000254169112485,0.0055128468501985,0.0134415057214748,4,2000,1000,5000,3.5405021121254725,3.012002183273797,4.069002040977148,1.2613766954900432,0.0760507880409414
performance_chasing,20260912,arm1_strong,pla,True,1.0007149677454454,10962.92658788745,1,3.613621635951691,1.916880644274367,3.1772686228000593,4.108388062541182,0.8810696479085695,2.611039364969383,3.559497307852605,3.1322933268775364,4.046797776744564,1000,4.289071246287139,4.1483965207909375,498.433045508996,73.7996683155766,1.0,60.962481595636184,3.5816232361366143,35.168296813964844,20260908,c501c3b7fff683202f2101241e0dbd393b7daf0746b081c8dabf7984e252d93e,3.6986130440734697,2.0254679568318714,3.5816232361366325,3.626298556174494,1.9752426941965733,3.62193;3.62373;3.62926;3.62961,3.69196;3.71176;3.70196;3.6911,1.0001026253091243,0.0019433226028127,0.0048588614278055,1.96901;1.97579;1.97284;1.98026,2.02479;2.02286;2.02769;2.02667,1.000894578752329,0.0049238086028863,0.0010654759108059,4,2000,1000,5000,3.5405021121254725,3.012002183273797,4.069002040977148,1.2613766954900432,0.0760507880409414
performance_chasing,20260912,arm1_strong,tv,True,1.0007149677454454,10962.92658788745,1,1.1796977295220066,0.5197104280542495,0.2877161859178846,5.5786260934270295,0.1037567201320131,2.8376192539601983,1.1703856392440786,0.2861114151719591,5.5525550433463735,1000,1.6622360141231436,1.678473536204923,38.235805783013,9.87556698977984,1.0,10.050760994499086,1.837699047422129,35.168296813964844,20260908,c501c3b7fff683202f2101241e0dbd393b7daf0746b081c8dabf7984e252d93e,1.9188585981912731,0.9509939158622032,1.8376990474221249,1.2338670878708973,0.5503425613707542,1.24228;1.22963;1.24213;1.22089,1.98039;1.88422;1.94294;1.87507,1.000249687423069,0.0075005412897172,0.024950455800551,0.553004;0.553812;0.545704;0.548317,0.973134;0.93661;0.958226;0.935797,1.000169603397458,0.0047625794204671,0.0090385850829955,4,2000,1000,5000,3.5405021121254725,3.012002183273797,4.069002040977148,1.2613766954900432,0.0760507880409414
none,20260908,arm1_weak,meta,True,1.0022291474875311,5868.426966540042,1,1.2428754249306682,0.5665714801305823,0.3248034205997284,5.56449549693746,0.1134911214492206,2.76239768073424,1.2353091190860832,0.3219193854444352,5.5227107746988455,1000,2.9478910760347588,2.8820788829994513,164.7095375134638,40.15083514028348,1.0,40.18414769943393,1.947260125857855,43.96076583862305,20260908,736d3679e11760c8fe924056505ab728b1a5d031447b2106d96087f394edaee2,2.05028409406757,1.0247169532841691,1.94726012585785,1.3008176096174644,0.5850414798168277,1.27488;1.26805;1.35331;1.31287,1.99968;2.00689;2.06047;2.1385,1.0014125456089815,0.012192547186786,0.0320457152195955,0.572432;0.576401;0.606528;0.582049,0.993098;0.998216;1.03402;1.07343,1.0009088947307423,0.0062688336651816,0.0186231676902043,4,2000,1000,5000,3.4926365886439994,2.6644052365370294,4.320867940750969,1.2433906622173558,0.1205508880018893
none,20260908,arm1_weak,pla,True,1.0022291474875311,5868.426966540042,1,3.511697870933998,1.6723812405192489,2.847257300524361,4.249671015919929,0.6138078360313979,2.563364263585685,3.4980361511068825,2.828557787920673,4.227317812506344,1000,4.309408624341329,4.154118209407462,442.37690846612975,60.808313959645645,1.0,60.237858000361825,3.5013706819452146,43.96076583862305,20260908,736d3679e11760c8fe924056505ab728b1a5d031447b2106d96087f394edaee2,3.654612957213442,1.8359180555267816,3.5013706819452075,3.494448584698535,1.728795095666666,3.49571;3.48527;3.49151;3.50757,3.6443;3.66017;3.66844;3.65501,1.00022086687109,0.0035929536101548,0.0050518581664497,1.7469;1.72887;1.70671;1.73463,1.84554;1.83702;1.82659;1.83429,1.0003952047841569,0.0058897004560743,0.0039100545567638,4,2000,1000,5000,3.4926365886439994,2.6644052365370294,4.320867940750969,1.2433906622173558,0.1205508880018893
none,20260908,arm1_weak,tv,True,1.0022291474875311,5868.426966540042,1,1.1565218119823728,0.5105212186016455,0.2706703679654902,5.231444508118745,0.1052789953778707,2.484514214831023,1.151789988570353,0.2670628714735746,5.222890249333,1000,1.6632191141250114,1.6784918424104216,37.59450626931043,9.760409817547092,1.0,9.990275691852602,1.8198035947049005,43.96076583862305,20260908,736d3679e11760c8fe924056505ab728b1a5d031447b2106d96087f394edaee2,1.903453237175923,0.9406500701963731,1.8198035947049032,1.2132656052235986,0.5441625579486459,1.2252;1.20239;1.21959;1.20464,1.9143;1.88879;1.91141;1.904,1.0001852488713372,0.0068308530872482,0.0057064551901285,0.54856;0.547062;0.541836;0.535788,0.948214;0.93589;0.934113;0.944194,1.0003427849429385,0.0047239092176897,0.003356020012192,4,2000,1000,5000,3.4926365886439994,2.6644052365370294,4.320867940750969,1.2433906622173558,0.1205508880018893
none,20260909,arm1_weak,meta,True,1.0024249150456308,8141.6416238204865,1,1.1909834173731662,0.5317275736499296,0.2769701157796632,4.986958786570132,0.1110149564507216,2.610832520323427,1.1857392166686704,0.2738425704490316,4.969348187974366,1000,2.947537489551566,2.880446927917512,152.6059689798875,39.92106156140481,1.0,40.46885274436602,1.8076558760708117,42.557982206344604,20260908,5d4c83aa5feb5fc2de602cdb7a7801fc2333b44f8c9e1b221370986c629db7b8,1.8983223243582017,0.9426934114878828,1.8076558760708183,1.2211676626370136,0.5455028702462105,1.20396;1.19861;1.24394;1.23741,1.79834;1.85503;1.9943;1.94424,1.0007030744561871,0.0082068340125386,0.0439593619129545,0.533905;0.530933;0.569377;0.545368,0.891605;0.919425;0.995105;0.964619,1.0011061852644232,0.0054766525129212,0.0230561415464459,4,2000,1000,5000,4.903653321872875,3.0245134932460167,6.7827931504997325,1.571222757678199,0.1936891609108457
none,20260909,arm1_weak,pla,True,1.0024249150456308,8141.6416238204865,1,4.877229377158623,2.278595933279858,3.479342078730065,6.560909838584104,0.7813769736693006,3.8853547877201566,4.850845428376395,3.4638897094342505,6.547222328560723,1000,4.307344100278896,4.147220200695105,632.2759483282207,62.046210849552,1.0,61.11055535994707,4.924248769289812,42.557982206344604,20260908,5d4c83aa5feb5fc2de602cdb7a7801fc2333b44f8c9e1b221370986c629db7b8,5.133911581054921,2.5864576590442256,4.924248769289854,4.861924409835558,2.3669331797639463,4.85247;4.85291;4.87821;4.86188,5.12917;5.12235;5.14491;5.14548,1.0004331624942997,0.0072679699166222,0.0057805505057341,2.39168;2.36144;2.35127;2.36519,2.59901;2.5797;2.57261;2.59433,1.000395985461071,0.009428341643467,0.0061710217441779,4,2000,1000,5000,4.903653321872875,3.0245134932460167,6.7827931504997325,1.571222757678199,0.1936891609108457
none,20260909,arm1_weak,tv,True,1.0024249150456308,8141.6416238204865,1,1.1923996312919796,0.5338018757278796,0.2851931165271871,5.10931922309457,0.1024750254998465,2.7100612061630605,1.1873052468038632,0.2832038411963685,5.081660356121523,1000,1.663871333939262,1.6785063568927887,37.78296250319756,9.655098434321788,1.0,9.942057709390667,1.849054524122795,42.557982206344604,20260908,5d4c83aa5feb5fc2de602cdb7a7801fc2333b44f8c9e1b221370986c629db7b8,1.9279819085035883,0.9498753297448664,1.8490545241227985,1.2350763323656195,0.5435363506038497,1.22792;1.24595;1.22739;1.2389,1.95154;1.90985;1.93022;1.92554,1.0004328955991506,0.0083854218795887,0.0086022076388701,0.534608;0.552437;0.545749;0.541857,0.949241;0.945355;0.952089;0.952554,1.0005257051851288,0.0047854726206823,0.001655640518299,4,2000,1000,5000,4.903653321872875,3.0245134932460167,6.7827931504997325,1.571222757678199,0.1936891609108457
none,20260910,arm1_weak,meta,True,1.0024273538229045,7499.191696217717,1,1.2609250203924949,0.5370429442464304,0.2936808220866916,5.117134537312621,0.1062091242627438,2.5386141031998584,1.256273448653963,0.2924533861385816,5.0971467366252945,1000,2.9477419815247665,2.8820106347014613,154.31037729884642,39.078110513521416,1.0,40.19609013929927,1.861627087503319,43.89197278022766,20260908,5d3c2219efea4ce5e1e0fccd92793a1b5c723bc19b672d555f0db0c4743247e0,1.9465396816127447,0.9595441185931975,1.8616270875033176,1.2628081746055488,0.5616453304128659,1.23754;1.23074;1.29166;1.29798,1.82621;1.94937;1.95266;2.05874,1.0007361395754228,0.0097249557291042,0.0475342062432919,0.545251;0.548163;0.571368;0.580413,0.895117;0.971604;0.962263;1.009,1.0008354242669004,0.0053243066378783,0.0237171461214591,4,2000,1000,5000,2.779514318605423,1.4306923607001858,4.12833627651066,0.9925279394826012,0.2439191153621911
none,20260910,arm1_weak,pla,True,1.0024273538229045,7499.191696217717,1,2.7328596089872192,1.2860853260347331,1.7881680684921455,4.252908798750322,0.4377114925037781,2.418509730500858,2.7096622641496353,1.7776357004022671,4.224282733190652,1000,4.309503497520344,4.158863835444871,352.1616742118428,59.84447774852302,1.0,59.63119106290575,2.8176903727518092,43.89197278022766,20260908,5d3c2219efea4ce5e1e0fccd92793a1b5c723bc19b672d555f0db0c4743247e0,2.9475597643874067,1.4764108619474017,2.817690372751808,2.7478006169223494,1.3234107953662413,2.74948;2.72588;2.7441;2.77286,2.92623;2.95094;2.94502;2.97682,1.0006052095007905,0.0054355869608071,0.0104480975500057,1.33263;1.30866;1.31679;1.33797,1.47529;1.46839;1.46557;1.49621,1.000410496398591,0.0059183633604319,0.0069241807181569,4,2000,1000,5000,2.779514318605423,1.4306923607001858,4.12833627651066,0.9925279394826012,0.2439191153621911
none,20260910,arm1_weak,tv,True,1.0024273538229045,7499.191696217717,1,1.1484411189695063,0.5185391019178449,0.2671016837224641,5.134949008861578,0.1065768850882583,2.559078419117333,1.1436644830779887,0.2653550826942593,5.082855619824998,1000,1.6637237923184611,1.6784783898520508,38.649633320566686,9.95797989101491,1.0,10.034759555097704,1.8561706793547537,43.89197278022766,20260908,5d3c2219efea4ce5e1e0fccd92793a1b5c723bc19b672d555f0db0c4743247e0,1.9331834651644857,0.962879657994456,1.8561706793547543,1.2360676596119506,0.5535080711898309,1.24472;1.22972;1.24311;1.22151,1.96424;1.90695;1.93801;1.92419,1.0002267639799438,0.007480322305941,0.012100368379869,0.561053;0.554929;0.547109;0.548533,0.980827;0.951293;0.961092;0.958277,1.0000666825404338,0.0051461755640037,0.0063295454840256,4,2000,1000,5000,2.779514318605423,1.4306923607001858,4.12833627651066,0.9925279394826012,0.2439191153621911
none,20260911,arm1_weak,meta,True,1.006993510925338,4916.066182217301,1,1.150610091885932,0.501980530201448,0.2818075709159546,5.068318220702125,0.1057288769714425,2.298372556946863,1.1399880631103856,0.2810644642378145,5.023106047934006,1000,2.9492075194394087,2.883195957737079,144.01439815818736,38.69103688728266,1.0,39.98822300208582,1.776841745670314,43.63446497917175,20260908,3c221baea98377492ed18d237d4d81d4661e62c8c31521e43debb69dd19d7f9a,1.830398485708777,0.9001103418036067,1.776841745670302,1.1974873824558747,0.5291121841382556,1.19908;1.17697;1.20774;1.21088,1.9928;1.73226;1.79826;1.79796,1.0002639148031074,0.0101015858262459,0.0563386846743699,0.525538;0.512162;0.54225;0.532609,0.983162;0.845792;0.888286;0.883136,1.0004666419804045,0.0044410064791439,0.0292631715689511,4,2000,1000,5000,5.224750567485265,3.812748356845014,6.636752778125516,1.6439899573708132,0.137237757634126
none,20260911,arm1_weak,pla,True,1.006993510925338,4916.066182217301,1,5.180876083097692,2.3559336020982045,4.096478402254184,6.446011501576056,0.799544385982598,3.822674296194464,5.152549434745449,4.052767930976426,6.376772017539695,1000,4.309486860331124,4.158702688140481,624.5213995517034,54.276692886758525,1.0,59.651877675452944,5.200636020443382,43.63446497917175,20260908,3c221baea98377492ed18d237d4d81d4661e62c8c31521e43debb69dd19d7f9a,5.481692576935118,2.611532329823269,5.200636020443351,5.17672932123352,2.427229057944368,5.18405;5.16606;5.17879;5.17895,5.48266;5.48147;5.48378;5.48082,1.0003674970548562,0.0051749892003192,0.0006534758004385,2.42839;2.4152;2.4394;2.42163,2.61231;2.60086;2.61699;2.61581,1.0000886435844645,0.0083789769501432,0.0036802049597517,4,2000,1000,5000,5.224750567485265,3.812748356845014,6.636752778125516,1.6439899573708132,0.137237757634126
none,20260911,arm1_weak,tv,True,1.006993510925338,4916.066182217301,1,1.2047232969979706,0.5422964479294918,0.2638223390186329,5.237339943434738,0.1017116259761729,2.667342619779311,1.1987346690979503,0.2608104692931072,5.222194610010666,1000,1.6625159964527418,1.678468232672954,37.85034531691411,9.992792309705193,1.0,10.068216542636993,1.8087154752769192,43.63446497917175,20260908,3c221baea98377492ed18d237d4d81d4661e62c8c31521e43debb69dd19d7f9a,1.8867618072206256,0.9398340364468558,1.8087154752769232,1.2301355031356271,0.5491759587454992,1.2391;1.22528;1.21526;1.24274,1.93153;1.8669;1.86959;1.88252,1.0001190677033862,0.0086193551472412,0.0150235327899777,0.558652;0.54838;0.540787;0.547317,0.961563;0.931086;0.928575;0.938088,1.0001668129360886,0.0052083174068484,0.0075193011248257,4,2000,1000,5000,5.224750567485265,3.812748356845014,6.636752778125516,1.6439899573708132,0.137237757634126
none,20260912,arm1_weak,meta,True,1.0212426453419128,2338.1039148664804,1,1.2848646632365996,0.5689350455450065,0.3242980018384699,5.90304870264541,0.1120158055948059,2.827509107357911,1.2760324737509448,0.3216301523356226,5.878778410631486,1000,2.9470246411349903,2.881613063270842,171.04281013983731,39.89768584783903,1.0,40.26559630792459,2.0473666907069155,41.11649489402771,20260908,668e83a0bd1cfa11ffe376d00d8bf8dce5ef52249861c46861f0637a5b0d4e1d,2.1336802279064315,1.0619438396008818,2.0473666907069177,1.3077779215409633,0.5841063153821564,1.29969;1.25273;1.38972;1.30262,2.04254;1.93509;2.54733;2.01461,1.004239407014736,0.0110705076688309,0.1393510664727967,0.570983;0.557751;0.623741;0.58233,1.01436;0.965788;1.2665;1.00109,1.0036579999248,0.0066575400003771,0.0689542961078723,4,2000,1000,5000,3.9078616309855057,2.7337299161780044,5.081993345793006,1.3513764956822338,0.1524062417745585
none,20260912,arm1_weak,pla,True,1.0212426453419128,2338.1039148664804,1,3.866405633526597,1.794715973836686,2.9782096168295333,4.94454070587113,0.6376456541482288,2.9076204961177816,3.849982723886496,2.9622262922081317,4.931631703486773,1000,4.308712567815476,4.1518276697393475,488.7227702291576,59.1267380254366,1.0,60.52882510087917,3.9125844554317326,41.11649489402771,20260908,668e83a0bd1cfa11ffe376d00d8bf8dce5ef52249861c46861f0637a5b0d4e1d,4.08441327306472,2.0182766926331546,3.912584455431752,3.8904290686945697,1.874108308172196,3.88439;3.87462;3.92037;3.88956,4.04806;4.07622;4.09494;4.11494,1.0002522606632294,0.0046114971805546,0.0142249811102176,1.88334;1.86259;1.89017;1.86437,2.0233;2.00479;2.02909;2.01549,1.0005002829069625,0.005836126232467,0.0052566703124066,4,2000,1000,5000,3.9078616309855057,2.7337299161780044,5.081993345793006,1.3513764956822338,0.1524062417745585
none,20260912,arm1_weak,tv,True,1.0212426453419128,2338.1039148664804,1,1.1556110624959606,0.5325384637702757,0.2693902310353079,5.299803438472619,0.1000931930910591,2.6141624885157024,1.147821966022665,0.2685066061815719,5.25582993093658,1000,1.6622360141231436,1.678473536204923,37.75488538767067,9.80221188855407,1.0,10.050760994499086,1.820611620506638,41.11649489402771,20260908,668e83a0bd1cfa11ffe376d00d8bf8dce5ef52249861c46861f0637a5b0d4e1d,1.9017245230762845,0.9389579528677258,1.8206116205066365,1.2218416541510972,0.5410847160877111,1.24311;1.20017;1.22427;1.22177,1.93185;1.86467;1.91596;1.90173,1.0001728654880784,0.0084687550046124,0.0143455054024324,0.555714;0.546268;0.522138;0.538108,0.95976;0.928374;0.926795;0.940338,1.000380441737839,0.0048002445815271,0.0076076417584797,4,2000,1000,5000,3.9078616309855057,2.7337299161780044,5.081993345793006,1.3513764956822338,0.1524062417745585
performance_chasing,20260908,arm1_weak,meta,True,1.00269971642558,5054.157878501884,1,1.3218649422241602,0.576326520081747,0.2920870945092702,6.474263940588019,0.112183435599263,3.0551252206027906,1.3116076512469237,0.2909968231951019,6.4591002397041795,1000,2.9478910760347588,2.8820788829994513,169.2809802294559,40.32413840554602,1.0,40.18414769943393,2.0043936601422727,47.46923208236694,20260908,a98e57816fab67fb99bb98b427d1d6fe9e3cb9a086267bd2a49019c144d3f9c2,2.1026528872906263,1.0531545305379066,2.0043936601422696,1.3147785392037117,0.5847090513825249,1.31759;1.32347;1.31548;1.30436,2.13031;2.21709;2.11097;1.95196,1.0005100753584557,0.0106910609104515,0.0552545622083354,0.588192;0.592048;0.588677;0.56911,1.0658;1.11761;1.0564;0.97274,1.0005802828767598,0.006616324833988,0.0299872973664513,4,2000,1000,5000,3.4102072444643134,2.480283567080857,4.34013092184777,1.2171870724134837,0.138462937553103
performance_chasing,20260908,arm1_weak,pla,True,1.00269971642558,5054.157878501884,1,3.5765420002220525,1.9065312078551224,2.817721641376235,4.4909556431189035,0.866039908031621,2.8263351247250035,3.5253903489907383,2.776574440267613,4.419772478241406,1000,4.29041791942621,4.149574999118227,509.62435414315144,77.87831068675176,1.0,60.81383084478317,3.5605934851778573,47.46923208236694,20260908,a98e57816fab67fb99bb98b427d1d6fe9e3cb9a086267bd2a49019c144d3f9c2,3.674500577433771,2.06330290222978,3.560593485177849,3.5783580467110676,1.97590978591595,3.58098;3.56929;3.58021;3.58044,3.67965;3.67029;3.69317;3.66654,1.0004132030538209,0.0045011160601997,0.0059320834922393,1.98591;1.96849;1.96156;1.98557,2.07084;2.06223;2.05717;2.06421,1.0005140182860166,0.0055530731862066,0.0028275746257562,4,2000,1000,5000,3.4102072444643134,2.480283567080857,4.34013092184777,1.2171870724134837,0.138462937553103
performance_chasing,20260908,arm1_weak,tv,True,1.00269971642558,5054.157878501884,1,1.1706882269107903,0.5320639669413942,0.2698622994843945,5.4128218058029685,0.1004301200639094,2.56150752056334,1.16556558427844,0.2690806496952584,5.399246646320127,1000,1.6632191141250114,1.6784918424104216,37.646278181045254,9.814792404661162,1.0,9.990275691852602,1.825430469651544,47.46923208236694,20260908,a98e57816fab67fb99bb98b427d1d6fe9e3cb9a086267bd2a49019c144d3f9c2,1.900840633194896,0.9419990966787316,1.825430469651541,1.220886783290303,0.5487640222814574,1.23469;1.19086;1.23723;1.22086,1.96933;1.84911;1.88519;1.89804,1.0002334787522056,0.0087912667405151,0.0251967143095362,0.560426;0.541024;0.551839;0.541853,0.975514;0.923017;0.932788;0.936626,1.0000459655683869,0.0049477966012448,0.0115370743715917,4,2000,1000,5000,3.4102072444643134,2.480283567080857,4.34013092184777,1.2171870724134837,0.138462937553103
performance_chasing,20260909,arm1_weak,meta,True,1.0005973527129175,13707.948573148418,1,1.2310473466949978,0.5293244866317953,0.2997752933543299,5.008585923055069,0.1046045852448861,2.551361386549357,1.225809116573315,0.2984349560201023,4.976633780645562,1000,2.947537489551566,2.880446927917512,149.26599301594027,40.03708159946551,1.0,40.46885274436602,1.780805037324973,43.40275502204895,20260908,f3ff97ab651609772a1720dfa086c21ea4aeec737dddb31c546a84d44adfd980,1.854099256564646,0.9220776582636248,1.7808050373249735,1.2308807222875429,0.5490022964409595,1.19927;1.22028;1.25345;1.24945,1.83919;1.80314;1.88044;1.88899,1.000452350904134,0.0091439498451373,0.0198445986645608,0.538161;0.541598;0.563125;0.555215,0.910812;0.891982;0.942861;0.942566,1.000223922129169,0.004481556314507,0.0125312123208125,4,2000,1000,5000,4.904764642850097,3.016800778487163,6.79272850721303,1.5712845036764884,0.1945384541963835
performance_chasing,20260909,arm1_weak,pla,True,1.0005973527129175,13707.948573148418,1,5.338872649730057,2.921259833398988,3.846549713979946,7.427152383814761,1.2546955510405355,4.652067071285302,5.280107682875375,3.805076256924357,7.333193121951492,1000,4.295088030025803,4.146574860398926,786.2171955634452,79.25502689265166,1.0,61.19166149772538,5.405719664918633,43.40275502204895,20260908,f3ff97ab651609772a1720dfa086c21ea4aeec737dddb31c546a84d44adfd980,5.597976033284059,3.158976170884527,5.405719664918608,5.361523807064799,2.941592817995005,5.33883;5.32711;5.37885;5.39367,5.57611;5.58129;5.62299;5.61665,1.0001351888800374,0.0098426046699229,0.0119881673063045,2.94018;2.92758;2.94377;2.95453,3.1527;3.14895;3.17453;3.16034,1.0000145754623566,0.0097989736500714,0.0056534194160078,4,2000,1000,5000,4.904764642850097,3.016800778487163,6.79272850721303,1.5712845036764884,0.1945384541963835
performance_chasing,20260909,arm1_weak,tv,True,1.0005973527129175,13707.948573148418,1,1.2009312804379344,0.5475143808752073,0.2761161934915261,5.595911670366279,0.107657509185633,2.8032375428912983,1.1925428989156148,0.2733821117071423,5.577497153218384,1000,1.663871333939262,1.6785063568927887,37.631783487828656,9.68795077458412,1.0,9.942057709390667,1.8432221254490255,43.40275502204895,20260908,f3ff97ab651609772a1720dfa086c21ea4aeec737dddb31c546a84d44adfd980,1.9170538575441705,0.946118972228255,1.843222125449025,1.2369920048744678,0.5486023015858196,1.24841;1.22307;1.23896;1.23544,1.96954;1.86235;1.91903;1.91993,1.0005300734310802,0.007984353284612,0.0219037933439884,0.558792;0.552589;0.541064;0.547149,0.972022;0.922545;0.939623;0.950176,1.0001616354627432,0.0045288447913792,0.0103496186210429,4,2000,1000,5000,4.904764642850097,3.016800778487163,6.79272850721303,1.5712845036764884,0.1945384541963835
performance_chasing,20260910,arm1_weak,meta,True,1.0017110886613825,7084.105752389279,1,1.2617141361171602,0.5530746614440163,0.3053892852242036,5.406861206057827,0.1168651653057986,2.610765943392763,1.2535042195120476,0.3046280666073191,5.361203491780669,1000,2.9477419815247665,2.8820106347014613,153.20111563725456,39.00039319763135,1.0,40.19609013929927,1.8366229303941437,39.25125217437744,20260908,2d52751960481f74609866464b8c9dfd30878c562145aad2c2395db7d4358ca9,1.9344434144314384,0.9526187375599016,1.8366229303941457,1.2456424588718098,0.549721097907218,1.23853;1.24673;1.24864;1.2447,1.84625;2.04233;1.92232;1.92608,1.0006501098918914,0.011235605687298,0.040448901522358,0.542718;0.540858;0.559124;0.554278,0.911336;1.00738;0.944831;0.946929,1.0002517189805424,0.0048651986132051,0.0199913818180845,4,2000,1000,5000,2.696699050036388,1.266846681337107,4.126551418735669,0.9567130850314668,0.2657644293914126
performance_chasing,20260910,arm1_weak,pla,True,1.0017110886613825,7084.105752389279,1,2.9470248670103,1.5251032039607533,1.8251896070733309,4.749744775381111,0.5649047625151331,2.9083747511450433,2.907020948646551,1.8025306078571768,4.669849443410741,1000,4.291209356673342,4.154976297995827,425.5437750595,72.77464188260399,1.0,60.12854772670989,3.0690745851396,39.25125217437744,20260908,2d52751960481f74609866464b8c9dfd30878c562145aad2c2395db7d4358ca9,3.2019079174129756,1.753289015805659,3.069074585139585,2.972415302580255,1.5605864740051518,2.95327;2.95582;2.9853;2.997,3.16836;3.19165;3.205;3.24265,1.0004043251721002,0.0069631408513435,0.0155460462512173,1.56093;1.54929;1.5627;1.57118,1.73976;1.74964;1.75486;1.76885,1.0003601666833213,0.0052557287442444,0.0060620668460929,4,2000,1000,5000,2.696699050036388,1.266846681337107,4.126551418735669,0.9567130850314668,0.2657644293914126
performance_chasing,20260910,arm1_weak,tv,True,1.0017110886613825,7084.105752389279,1,1.1677125019247896,0.5303302705327573,0.2681148676575699,5.3247233013279445,0.1048124187500115,2.755709918850022,1.1620743564188785,0.2673807078286012,5.2744547929447405,1000,1.6637237923184611,1.6784783898520508,38.70642199989668,9.955869537334568,1.0,10.034759555097704,1.854910332141468,39.25125217437744,20260908,2d52751960481f74609866464b8c9dfd30878c562145aad2c2395db7d4358ca9,1.9362283108213705,0.9642936406114576,1.8549103321414888,1.2390499858207016,0.5585997366985671,1.25218;1.23583;1.23213;1.23363,1.9821;1.91415;1.9162;1.93216,1.0001882888903204,0.008181133126854,0.0158366284655107,0.560632;0.558709;0.551395;0.562519,0.978031;0.957777;0.955096;0.966152,1.000182538712291,0.0047354605223339,0.0051576909591083,4,2000,1000,5000,2.696699050036388,1.266846681337107,4.126551418735669,0.9567130850314668,0.2657644293914126
performance_chasing,20260911,arm1_weak,meta,True,1.0029630597787889,11096.518738871524,1,1.1846558455300271,0.5514355613008186,0.2820915983592891,4.913806972823913,0.0975455233251686,2.4043345975290875,1.1748396148104596,0.2807202418470143,4.885021742556604,1000,2.9492075194394087,2.883195957737079,141.15802781320335,38.98671644849464,1.0,39.98822300208582,1.7122462240221676,42.65815567970276,20260908,a430382c61a78b49c1c6bc019f4b1be997f441d97722a369498beb01d46ea584,1.7873774743636837,0.8823555857455947,1.7122462240221794,1.1893740174755616,0.5246366825908658,1.17613;1.16778;1.18721;1.23085,1.76099;1.75161;1.7217;1.92878,1.0007770213726088,0.0080637534583046,0.0467596791174419,0.53874;0.507213;0.518771;0.533427,0.874942;0.851186;0.857281;0.945496,1.0005162300957269,0.004747605869072,0.0216830017835918,4,2000,1000,5000,5.348154820735525,3.7769087349420385,6.919400906529011,1.6656414490560318,0.1490648116896861
performance_chasing,20260911,arm1_weak,pla,True,1.0029630597787889,11096.518738871524,1,5.64104109244494,3.112688319648244,4.369261874688412,7.217665004146081,1.5747975332273565,4.588133931168775,5.557403391393103,4.309994538721825,7.126473243707302,1000,4.295340393857183,4.158485076863498,811.379772181855,79.65896698965688,1.0,59.679802928232526,5.644579234536039,42.65815567970276,20260908,a430382c61a78b49c1c6bc019f4b1be997f441d97722a369498beb01d46ea584,5.823072592502366,3.3290084916662397,5.644579234536057,5.65325764521377,3.1764818763111036,5.64392;5.61454;5.67907;5.66935,5.82857;5.79376;5.82795;5.83953,1.0000920911274789,0.0075560399134881,0.0099258768035724,3.18139;3.16842;3.15766;3.19299,3.34173;3.30373;3.31973;3.3503,1.0001907457579715,0.0078915369484664,0.0105678204740407,4,2000,1000,5000,5.348154820735525,3.7769087349420385,6.919400906529011,1.6656414490560318,0.1490648116896861
performance_chasing,20260911,arm1_weak,tv,True,1.0029630597787889,11096.518738871524,1,1.1582172849994796,0.5193105799065756,0.2559358601628799,4.81404920748458,0.102221629657373,2.3661521283962723,1.1502942687137017,0.2528732118427615,4.768654862646527,1000,1.6625159964527418,1.678468232672954,38.359652025077175,9.994535320115489,1.0,10.068216542636993,1.826740553133376,42.65815567970276,20260908,a430382c61a78b49c1c6bc019f4b1be997f441d97722a369498beb01d46ea584,1.9119835747105964,0.9524808734005707,1.826740553133388,1.2301491855330315,0.5533816440728414,1.25476;1.21736;1.20631;1.23521,1.93405;1.87283;1.94587;1.8918,1.000710443318755,0.0102293255227073,0.0172542567326673,0.557144;0.547888;0.548932;0.557778,0.95434;0.937192;0.969605;0.948654,1.0006643565915223,0.0042090103168864,0.0067398195877075,4,2000,1000,5000,5.348154820735525,3.7769087349420385,6.919400906529011,1.6656414490560318,0.1490648116896861
performance_chasing,20260912,arm1_weak,meta,True,1.025397343970171,1662.0358772462923,1,1.2973055422576103,0.5703542527336503,0.3063559173404902,6.09052049502479,0.108656565455075,2.928195236983364,1.2918780900368056,0.3054182159144905,6.023983794804503,1000,2.9470246411349903,2.881613063270842,169.40374296628391,39.76702047765219,1.0,40.26559630792459,2.071982835340814,42.108762979507446,20260908,c501c3b7fff683202f2101241e0dbd393b7daf0746b081c8dabf7984e252d93e,2.116683794310388,1.0517487917630697,2.0719828353408096,1.3191843513755672,0.585421869262472,1.31404;1.25433;1.31522;1.37621,1.98349;1.94271;2.0512;2.49709,1.0042009182406892,0.01192413396968,0.1281234299135811,0.577249;0.568405;0.58724;0.613555,0.987622;0.97187;1.02385;1.22329,1.0022994307943822,0.0068876350751906,0.058237092063604,4,2000,1000,5000,3.8642869307844583,2.479809267205701,5.248764594363215,1.3353429118270794,0.1812967689488042
performance_chasing,20260912,arm1_weak,pla,True,1.025397343970171,1662.0358772462923,1,4.127534955984876,2.1987099203061673,2.9515454159669843,5.622277688646844,0.9587274410276094,3.5283081010448845,4.062215056743654,2.9142180612926354,5.524652588193978,1000,4.289071246287139,4.1483965207909375,593.107098710028,76.73315938952726,1.0,60.962481595636184,4.163056510362744,42.108762979507446,20260908,c501c3b7fff683202f2101241e0dbd393b7daf0746b081c8dabf7984e252d93e,4.3073774483096,2.400356892748933,4.163056510362727,4.1459100690644775,2.2529508073587587,4.13662;4.13616;4.16109;4.14994,4.29273;4.31347;4.3262;4.30512,1.0000510406117065,0.0064964869398602,0.0070433090695694,2.25955;2.23975;2.2655;2.23635,2.40337;2.40341;2.41271;2.38265,1.001699221666868,0.0064563320421278,0.0063532344922743,4,2000,1000,5000,3.8642869307844583,2.479809267205701,5.248764594363215,1.3353429118270794,0.1812967689488042
performance_chasing,20260912,arm1_weak,tv,True,1.025397343970171,1662.0358772462923,1,1.1213903721248952,0.498045250366384,0.2566558309496811,5.064776814292763,0.096742466545828,2.577169557231992,1.1183619911435856,0.2544320343175797,5.033990453204662,1000,1.6622360141231436,1.678473536204923,37.689303642044585,9.826756410960815,1.0,10.050760994499086,1.8127230534909504,42.108762979507446,20260908,c501c3b7fff683202f2101241e0dbd393b7daf0746b081c8dabf7984e252d93e,1.8960770036449417,0.9373548275088852,1.812723053490952,1.221575799207069,0.5460012510095156,1.22335;1.23031;1.22106;1.21264,1.90322;1.87365;1.94371;1.86769,1.0004802001366957,0.0089682675518119,0.0173795897466096,0.548534;0.550192;0.548926;0.534764,0.942996;0.926786;0.957806;0.921769,1.000125084371047,0.0050326965738894,0.0081889544697109,4,2000,1000,5000,3.8642869307844583,2.479809267205701,5.248764594363215,1.3353429118270794,0.1812967689488042
all_four,20260908,arm2a,meta,True,1.0019001369600304,1953.109991268116,45,1.720927939168191,0.7575678821064958,0.3149310479740515,8.220963907544578,0.1009166542243786,3.999105040484141,1.6835607526782757,0.3067884845374785,8.072094413501986,1000,2.9039797458623555,2.8043164796987585,280.1773932920603,48.44817566366348,1.0,52.235683511709986,2.6195074390991704,315.4268538951874,20260908,49ebaf7574e43654e31b0c50bea504b3b2047817427596565c12504aa9aeb3bb,2.7827438835458307,1.339031558426795,2.6195074390991686,1.7730604863237232,0.7774128517617811,1.79386;1.75165;1.78918;1.76434,2.76932;2.78606;2.78912;2.77437,1.000192115938367,0.0225751039310622,0.0047018069603164,0.780315;0.75586;0.795569;0.776777,1.32311;1.33531;1.35224;1.3457,1.0003951512465297,0.0097987385355662,0.0063645521993887,4,2000,1000,5000,,,,,
all_four,20260908,arm2a,pla,True,1.0019001369600304,1953.109991268116,45,1.8170832805489603,0.8359766808926983,0.423846631330623,5.631987765005847,0.1400994774325443,2.658956082481489,1.7727587497737327,0.4155805788044303,5.473464260943405,1000,4.205673788836491,4.00530153697721,338.61672982781073,74.03506441910574,1.0,77.24437018688023,2.165412812489254,315.4268538951874,20260908,49ebaf7574e43654e31b0c50bea504b3b2047817427596565c12504aa9aeb3bb,2.2383526928809134,1.0954336699782607,2.1654128124892535,1.8130843977881748,0.822813476805893,1.84709;1.77511;1.79763;1.82257,2.24497;2.25584;2.23418;2.22304,1.0002436903804852,0.0181340612546612,0.007047838829428,0.840123;0.803724;0.812434;0.834031,1.10386;1.10097;1.08875;1.08801,1.000297973326229,0.0091618491600111,0.0040963950771122,4,2000,1000,5000,,,,,
all_four,20260908,arm2a,tv,True,1.0019001369600304,1953.109991268116,45,1.6832280151719354,0.4233780413024853,0.3308231583418777,6.705758699441637,0.0537664761629517,1.9719696005749905,1.3617018416493174,0.2765685239975032,5.582032079070579,1000,1.5617332391065215,1.6684096432081577,95.73913794550364,10.331804546660669,1.0,27.750719040269303,2.013848860473143,315.4268538951874,20260908,49ebaf7574e43654e31b0c50bea504b3b2047817427596565c12504aa9aeb3bb,2.51399143039884,0.6820469281531532,2.013848860473146,1.743456925856058,0.4371929858372649,1.7269;1.791;1.73338;1.72236,2.51316;2.55065;2.4741;2.52054,1.0002401589854064,0.0143046814446429,0.0157514372433129,0.42981;0.455439;0.426374;0.443828,0.67911;0.691083;0.670211;0.686637,1.0001608751164892,0.0046779537226869,0.0045744414015522,4,2000,1000,5000,,,,,
all_four,20260909,arm2a,meta,True,1.0067161114206655,2092.374213609889,49,1.8045491122893045,0.7844196251810822,0.324109181921796,9.501217984027548,0.1151084018294701,4.877688468457222,1.757505309386601,0.3166257562125918,9.350831939740097,1000,2.903441947764001,2.802644360817236,295.7609399777944,48.31255301302005,1.0,52.46872231392549,2.742823373356963,372.3573989868164,20260908,396b57ad813d87e465cf7b1486325b4dbadb2f6302fe38f595cc008dbeef17bc,2.9346814576250733,1.4068283361409273,2.742823373356954,1.8126859431552316,0.7975532788532804,1.81429;1.76273;1.8298;1.83194,2.9466;2.87365;2.89906;3.02621,1.000079869609202,0.0213896615145261,0.0335430165512519,0.800734;0.756791;0.811144;0.822236,1.40755;1.36891;1.3955;1.45497,1.0001931469044056,0.0096855566994666,0.0179909040183625,4,2000,1000,5000,,,,,
all_four,20260909,arm2a,pla,True,1.0067161114206655,2092.374213609889,49,2.376760003432272,1.152025660981372,0.5322798498896438,7.022752747642192,0.1858362169458471,3.316641128772695,2.3152133541883586,0.5248376193645358,6.872117000785175,1000,4.205941503227249,3.997756283104515,474.0528944481846,81.61482750353022,1.0,78.02760176457576,2.86734671204255,372.3573989868164,20260908,396b57ad813d87e465cf7b1486325b4dbadb2f6302fe38f595cc008dbeef17bc,2.969466805419584,1.5180959272002166,2.8673467120425613,2.418084691590174,1.1616247714671266,2.3969;2.38578;2.44106;2.4631,2.89617;2.91014;2.97014;3.10157,1.0007969037318598,0.0272982269860517,0.0468541549561854,1.14565;1.14248;1.16764;1.18822,1.48045;1.48602;1.5183;1.58761,1.0004769939150675,0.0123728531335991,0.0246278964865042,4,2000,1000,5000,,,,,
all_four,20260909,arm2a,tv,True,1.0067161114206655,2092.374213609889,49,1.281696686677486,0.3175302890671237,0.3116087326065269,5.289724731629598,0.0491912135252613,1.5502764966221445,1.0631942301978323,0.2484272616955203,4.286773894439509,1000,1.5677262364396267,1.668865421114884,73.2652469996732,9.68389804737335,1.0,27.197139590153665,1.6112219401197403,372.3573989868164,20260908,396b57ad813d87e465cf7b1486325b4dbadb2f6302fe38f595cc008dbeef17bc,1.986528896495165,0.5216052648949759,1.6112219401197452,1.4047603110136313,0.3375182311885191,1.43268;1.40099;1.38632;1.40112,2.04399;1.94384;1.98638;1.97585,1.000264520957791,0.0103795763955364,0.0208851148261031,0.336619;0.336173;0.331291;0.345962,0.532046;0.508394;0.516535;0.527483,1.0002246356540647,0.0032217030875803,0.0053450661199718,4,2000,1000,5000,,,,,
all_four,20260910,arm2a,meta,True,1.0058845215667445,1339.224689831706,41,1.666486145677086,0.7083453048418954,0.3147655724578462,7.9956926604098175,0.1246650316244546,3.753081710054387,1.6345219362275514,0.3080845499882991,7.799289455459331,1000,2.907635784884057,2.8070101488634114,263.6476355621285,47.74557834428041,1.0,51.85846383933048,2.5089574220466164,237.387934923172,20260908,ba340f7e88c433ec6dbb6411595050c664dfe6c089c5089fbc89a6d8bb091624,2.6469571895096218,1.2688290498828942,2.508957422046618,1.714700157608123,0.746564673197654,1.66068;1.71313;1.72892;1.7633,2.53943;2.68009;2.60725;2.75785,1.000201512215427,0.0183099087386261,0.0470208136908276,0.725403;0.744472;0.750138;0.772634,1.21319;1.28343;1.25739;1.32138,1.0005342632533365,0.0084847392049642,0.0227317999138418,4,2000,1000,5000,,,,,
all_four,20260910,arm2a,pla,True,1.0058845215667445,1339.224689831706,41,1.508999622764834,0.653672357222727,0.3485744356715636,4.922611215956298,0.1232838675847167,2.2694728091290357,1.4731987590654283,0.339207051875193,4.818200726810339,1000,4.211340386105768,4.016354130206488,284.83343579812265,70.72065793341272,1.0,76.08611184253716,1.865860138637589,237.387934923172,20260908,ba340f7e88c433ec6dbb6411595050c664dfe6c089c5089fbc89a6d8bb091624,1.9401927869731288,0.9346415767480096,1.8658601386375973,1.499086186372358,0.6623128474798363,1.49878;1.51555;1.47538;1.50887,1.91395;1.968;1.92508;1.95587,1.0001959719586648,0.0133855455881898,0.0126986160795686,0.66545;0.662231;0.658829;0.661826,0.924477;0.947716;0.92893;0.937333,1.000220270197543,0.0061933336612133,0.0051163115968284,4,2000,1000,5000,,,,,
all_four,20260910,arm2a,tv,True,1.0058845215667445,1339.224689831706,41,1.2728211024882408,0.2914227655798167,0.2858694798753368,4.762515661786325,0.0421018861701926,1.2248770395303157,1.023987337114691,0.2243969370061488,3.913240602270755,1000,1.5626780211964495,1.6681867785887865,66.97471720081823,9.350520136275186,1.0,28.017496774163018,1.4552534748117585,237.387934923172,20260908,ba340f7e88c433ec6dbb6411595050c664dfe6c089c5089fbc89a6d8bb091624,1.792300548389814,0.4484835923292117,1.4552534748117538,1.290923369720165,0.2980732009525123,1.28257;1.31719;1.27893;1.28939,1.77703;1.78767;1.78948;1.81431,1.000127605292726,0.0081277958341211,0.0078894323350193,0.291911;0.306122;0.296215;0.300733,0.443923;0.44946;0.4473;0.453604,1.0000084197626429,0.0025510055280766,0.0020276926950862,4,2000,1000,5000,,,,,
all_four,20260911,arm2a,meta,True,1.0100358282623048,2591.4886327840495,48,1.600151827045123,0.6870992930592538,0.29602301408691,9.342844685635567,0.1096153595750665,4.766154550028228,1.5727411332646537,0.2899242122101015,9.197896426722712,1000,2.905771249635852,2.807722931957454,275.0665342112563,46.18494362244997,1.0,51.75826718821224,2.5963567435297525,379.0941259860992,20260908,74ca393eefbdbff4db5a2f4e7cdd3a7a15a1fb08a94bd6b97b24a8c077eec324,2.8084288021044967,1.3243095175450348,2.5963567435297414,1.5595774038902412,0.6620795803894903,1.54923;1.51667;1.58497;1.60198,2.66392;2.83791;2.82928;2.90443,1.0000282180997533,0.0170036421054275,0.0511553432136858,0.661581;0.643099;0.669567;0.67349,1.25084;1.33859;1.34142;1.36622,1.0003160529657922,0.0089765584805607,0.0252487850646542,4,2000,1000,5000,,,,,
all_four,20260911,arm2a,pla,True,1.0100358282623048,2591.4886327840495,48,2.612721204584547,1.2295585460917025,0.5017174887418746,8.726525723143714,0.1942830748528775,4.3833791673565,2.558932219371912,0.4911627646355889,8.540085104130737,1000,4.214994016253593,4.02050855146962,543.0521624645568,80.47415300738899,1.0,75.6472726293495,3.318944733482073,379.0941259860992,20260908,74ca393eefbdbff4db5a2f4e7cdd3a7a15a1fb08a94bd6b97b24a8c077eec324,3.478396128204236,1.792969682136551,3.3189447334820783,2.6030089740847497,1.246124680398053,2.47692;2.68934;2.60809;2.65237,3.28876;3.52814;3.52331;3.57621,1.0008485879556135,0.0426313077265323,0.0645633165945359,1.18177;1.30302;1.24143;1.26635,1.6935;1.82596;1.82245;1.82991,1.0011790062706525,0.0200575906289895,0.0331857961339655,4,2000,1000,5000,,,,,
all_four,20260911,arm2a,tv,True,1.0100358282623048,2591.4886327840495,48,1.6207009709437146,0.411024841226574,0.3579329993155431,7.277278154856814,0.0594152868843423,2.1894577358821485,1.331234931639087,0.2882644413629162,5.7535306521077905,1000,1.5601744465690817,1.6683202265426549,98.55550290786432,10.61119765935651,1.0,27.85805547989353,2.0320690988167858,379.0941259860992,20260908,74ca393eefbdbff4db5a2f4e7cdd3a7a15a1fb08a94bd6b97b24a8c077eec324,2.5619291996939886,0.7066718236326696,2.032069098816781,1.7415293389611262,0.4361820404881145,1.7265;1.72073;1.73239;1.78488,2.57709;2.52574;2.50536;2.63563,1.0003765863589071,0.0155000668007111,0.0291085394427133,0.421402;0.435394;0.436395;0.45275,0.696759;0.703479;0.69439;0.733646,1.000155539263032,0.004495615796644,0.0090658865065129,4,2000,1000,5000,,,,,
all_four,20260912,arm2a,meta,True,1.0079936292459029,1991.8416221479847,45,1.3421667866447806,0.5741184526560625,0.3093820728930376,6.143579991618119,0.0984164196916948,3.0913698481475556,1.313924078868216,0.3053371991218622,6.080768003597812,1000,2.903186020679774,2.8040391267249216,207.57157422498497,44.67816165077283,1.0,52.27439652323443,2.024945234237158,316.5361068248749,20260908,a1b035cc3cd79d0f28990569aaabc6c73ecd56e796241a85bd2958ec27a9ae33,2.140960260712691,0.9866079935959652,2.024945234237153,1.3769092738790216,0.5691817536682374,1.35765;1.37373;1.37803;1.39899,2.13585;2.12121;2.13411;2.17371,1.0000668490355993,0.0117813539908879,0.0113111036341427,0.554362;0.557427;0.579436;0.588419,0.972864;0.976662;0.992816;1.00382,1.000080175363624,0.0069981022694844,0.007202337809959,4,2000,1000,5000,,,,,
all_four,20260912,arm2a,pla,True,1.0079936292459029,1991.8416221479847,45,1.2494485274924942,0.5291581043767047,0.3175015642139355,4.731301762792303,0.0980891435746093,2.0971689431760008,1.2225081497430383,0.3105253416816439,4.6310721758826805,1000,4.2023129224621805,4.002145007324617,248.27977073069016,68.00584485662529,1.0,77.57275544864905,1.6257743687745148,316.5361068248749,20260908,a1b035cc3cd79d0f28990569aaabc6c73ecd56e796241a85bd2958ec27a9ae33,1.7054688684329584,0.7966957462190362,1.625774368774514,1.224010150297104,0.5160750833228738,1.19834;1.2446;1.23909;1.22482,1.63607;1.79801;1.69804;1.68936,1.0005485577422226,0.0109108828645111,0.0337825889837681,0.503282;0.518621;0.516457;0.524717,0.77128;0.839832;0.787177;0.788423,1.0005663320274656,0.0055847367106096,0.0149044134294608,4,2000,1000,5000,,,,,
all_four,20260912,arm2a,tv,True,1.0079936292459029,1991.8416221479847,45,1.5326323280030816,0.3722222514592824,0.3116641526522121,6.5201184660624705,0.0586694874389299,2.066711204465119,1.2679929172407516,0.2548043914178147,5.140995470108666,1000,1.554977814990789,1.6684888805141709,88.19179241125576,10.21867492309462,1.0,27.655260274877385,1.866683785636479,316.5361068248749,20260908,a1b035cc3cd79d0f28990569aaabc6c73ecd56e796241a85bd2958ec27a9ae33,2.3285616334892514,0.6282635900810614,1.8666837856364815,1.585059842350459,0.3911892709273166,1.54236;1.60634;1.59254;1.5977,2.28332;2.33194;2.33597;2.36413,1.000107717363532,0.0131908969038188,0.0167772595531018,0.379623;0.399842;0.393663;0.39529,0.608708;0.628366;0.635051;0.640363,1.0000688830546396,0.0040136003989996,0.006921028786335,4,2000,1000,5000,,,,,
anticipatory_spend,20260908,arm2a,meta,True,1.003589631023797,1510.0738324965375,44,1.7172524007196417,0.7502662196746406,0.2894873664696074,8.00509435328513,0.0992360914947465,4.098767700296774,1.6826756985807985,0.2847832048133705,7.858265461702979,1000,2.902068726425093,2.803719524735285,257.23281265877756,46.26846530783824,1.0,52.318977454498125,2.4574279816374363,250.02759909629825,20260908,d805b6f9f379fec5168abeec9ffaf7078e1e90725a9c4a53259e741c11dbd6f8,2.6091843489528967,1.2245266992296686,2.4574279816374385,1.7103143254897768,0.7325488826458808,1.68789;1.64329;1.74567;1.76338,2.57409;2.58455;2.586;2.69004,1.0002701752033738,0.0185672674924283,0.0272530928547217,0.723422;0.705196;0.740932;0.771098,1.20552;1.20524;1.2219;1.26547,1.000262903340983,0.0085431060346991,0.0141916125599815,4,2000,1000,5000,,,,,
anticipatory_spend,20260908,arm2a,pla,True,1.003589631023797,1510.0738324965375,44,1.9991212258147608,0.8595812246334598,0.3744703680494951,6.779095432628615,0.1274230372214863,3.3268968081545283,1.9603524059281063,0.367924049798369,6.668604186542727,1000,4.2082778152247355,3.9992683962614737,391.381799285766,71.14589448362341,1.0,77.87111187997822,2.525831004815714,250.02759909629825,20260908,d805b6f9f379fec5168abeec9ffaf7078e1e90725a9c4a53259e741c11dbd6f8,2.626423713886682,1.2539459051522557,2.525831004815716,1.96659539833244,0.8627544826705171,1.944;1.97416;1.97995;1.9597,2.56071;2.66675;2.63848;2.64444,1.0003273962106796,0.0269996291826308,0.0231095257020876,0.864554;0.855588;0.871396;0.855972,1.22659;1.26949;1.25474;1.26472,1.0003666323923457,0.0135540390219796,0.0096031503360137,4,2000,1000,5000,,,,,
anticipatory_spend,20260908,arm2a,tv,True,1.003589631023797,1510.0738324965375,44,1.237273302731985,0.5178676399285764,0.2471349441787663,5.638481941189449,0.091829734476299,3.0303121740773227,1.2239517861681657,0.246522499698376,5.606435582741382,1000,1.6632191141250114,1.6784918424104216,39.51711021595375,9.902533171137282,1.0,9.990275691852602,1.8964361760666943,250.02759909629825,20260908,d805b6f9f379fec5168abeec9ffaf7078e1e90725a9c4a53259e741c11dbd6f8,1.9865022827155612,0.9888701457026629,1.8964361760666897,1.2540374068144629,0.5572848729776649,1.25224;1.26135;1.23344;1.26583,1.9778;1.96153;1.96427;2.03666,1.0002361148763466,0.0086155926061918,0.0175618246025294,0.54699;0.561264;0.550144;0.569587,0.980742;0.975431;0.976951;1.0223,1.0001837259679307,0.0053966480611588,0.0112027224666765,4,2000,1000,5000,,,,,
anticipatory_spend,20260909,arm2a,meta,True,1.0037756799685842,2531.4669178804684,48,1.561048777520872,0.6914692475545277,0.3270478869396919,8.154367353787071,0.1032861165205316,3.913833678240336,1.5280462169192806,0.3222849725129735,7.998176370103405,1000,2.9022812779279774,2.802292011571141,273.7423269007701,47.09288128831563,1.0,52.51771991262367,2.551417370563931,376.13118720054626,20260908,11f02ba74dfb6ef40fe93e27ba4d3fe811c6415db29341eeb90348173eb0dbb6,2.748124432544724,1.299230166940044,2.551417370563921,1.6166346496799973,0.6943650696542034,1.59713;1.59675;1.62859;1.64777,2.74372;2.78866;2.69348;2.76929,1.0000065083336456,0.0127699260870447,0.0206047699709541,0.684159;0.681855;0.704996;0.714072,1.30941;1.29817;1.28569;1.303,1.000102621295318,0.0073202978509011,0.0050187297781048,4,2000,1000,5000,,,,,
anticipatory_spend,20260909,arm2a,pla,True,1.0037756799685842,2531.4669178804684,48,5.910911165587875,3.0834083272661825,1.177242807735608,12.165705656138078,0.4560633608040955,6.036805061667255,5.7827360861947135,1.1609321310265954,11.95483437087582,1000,4.194886678532991,3.9836040021972514,1051.9548738928177,91.4727689767074,1.0,79.48104785030948,6.012735520295679,376.13118720054626,20260908,11f02ba74dfb6ef40fe93e27ba4d3fe811c6415db29341eeb90348173eb0dbb6,6.153444792386587,3.292542076968077,6.012735520295689,5.872414097899782,3.074540101881441,5.75842;5.99009;5.88063;5.83775,6.03164;6.1924;6.19386;6.17797,1.0003916085082805,0.0516655788717042,0.0392724205281488,3.02118;3.13876;3.07058;3.08642,3.23266;3.33303;3.30206;3.30097,1.0003488045109774,0.02248971136939,0.02118614795876,4,2000,1000,5000,,,,,
anticipatory_spend,20260909,arm2a,tv,True,1.0037756799685842,2531.4669178804684,48,1.250489257645264,0.54079847174249,0.2604075015774307,5.6846062533325785,0.0897105761441403,2.665477192632497,1.2428945675375012,0.2598104904196367,5.6507998626894205,1000,1.663871333939262,1.6785063568927887,36.38476177392925,9.684908871206012,1.0,9.942057709390667,1.776957847594506,376.13118720054626,20260908,11f02ba74dfb6ef40fe93e27ba4d3fe811c6415db29341eeb90348173eb0dbb6,1.8538148330012143,0.9147632515723988,1.7769578475945005,1.2078363928340816,0.5311323191982191,1.17268;1.20412;1.22747;1.23321,1.85909;1.83039;1.84979;1.87864,0.9999218904154262,0.0079806327681664,0.0100291832032777,0.514069;0.529907;0.536272;0.542936,0.918595;0.894767;0.917334;0.92822,1.0000414443827927,0.0043786752699349,0.0070841393392904,4,2000,1000,5000,,,,,
anticipatory_spend,20260910,arm2a,meta,True,1.0083869876350895,1823.4101009580197,44,1.3891879262990712,0.6125530561368483,0.2935173501943059,6.394420954460434,0.1051968996792627,3.255658553581976,1.3660636356017812,0.2892333823168347,6.316140655274809,1000,2.907714705054078,2.807113036828301,210.03709671299552,44.54162146396338,1.0,51.84401064171163,2.057628717737717,216.69467306137085,20260908,d1452e46e0b2cb93a6378ea421773f7026845c5b26670a324af8599fb734d560,2.179132845056363,1.0070184576732977,2.057628717737725,1.4082930548267651,0.5839428769667182,1.36969;1.43032;1.42185;1.4187,2.1525;2.22554;2.1381;2.19975,1.0002484233619915,0.0118384178874588,0.0203545468915281,0.573542;0.58422;0.587122;0.59348,0.986363;1.0327;0.989031;1.01994,1.000112068344979,0.0057070896639124,0.0114631336981682,4,2000,1000,5000,,,,,
anticipatory_spend,20260910,arm2a,pla,True,1.0083869876350895,1823.4101009580197,44,1.6661116443712083,0.7219524881497322,0.3411909505553424,6.068926532789885,0.1149832568697671,3.0054460708977886,1.6434508480290746,0.3346975871047406,5.969507154641794,1000,4.216531588364098,4.010179465025744,350.40683972691915,71.51075431519766,1.0,76.73481961683959,2.255952323835929,216.69467306137085,20260908,d1452e46e0b2cb93a6378ea421773f7026845c5b26670a324af8599fb734d560,2.3636917476373505,1.140198495048905,2.2559523238359427,1.6795088086498366,0.7382375330714619,1.657;1.6613;1.71224;1.67982,2.31349;2.3915;2.33516;2.41166,1.0004601777718454,0.017768035552272,0.023104399204968,0.729794;0.738839;0.748065;0.735214,1.11966;1.14403;1.13503;1.16202,1.0006085708301864,0.0081102399786079,0.0088471099640756,4,2000,1000,5000,,,,,
anticipatory_spend,20260910,arm2a,tv,True,1.0083869876350895,1823.4101009580197,44,1.275117757333282,0.5635114876048226,0.2583809860234134,5.950601565405137,0.0965341144155311,3.0542990019971192,1.2715355441422385,0.2565941437708238,5.895778304830032,1000,1.6637237923184611,1.6784783898520508,43.081462628319976,10.18764419807554,1.0,10.034759555097704,2.021879746187678,216.69467306137085,20260908,d1452e46e0b2cb93a6378ea421773f7026845c5b26670a324af8599fb734d560,2.130382874071523,1.0732444592192032,2.0218797461876763,1.2931696868099145,0.5893086794638454,1.28451;1.31278;1.27946;1.29381,2.12824;2.03606;2.11294;2.23826,1.0004190387651246,0.0080800864852457,0.0416690567947889,0.575404;0.598004;0.586523;0.597503,1.06744;1.02495;1.06085;1.13953,1.0003480533681703,0.0042482027068687,0.0240013183165792,4,2000,1000,5000,,,,,
anticipatory_spend,20260911,arm2a,meta,True,1.004492077166602,2033.3327019290411,48,1.5656380699272785,0.6754356856090138,0.3166569217944921,8.217881001684951,0.1117022958327054,4.12087859074437,1.5353846297405616,0.3110899952086223,8.106149160569961,1000,2.9043633730733034,2.806527630898091,258.9659012512915,46.481136075283246,1.0,51.92620131622419,2.4549885727506258,304.0991928577423,20260908,bac1958634e27d71bb400d93130887150fafc18a43ee9deab10baa03c7f3bb3d,2.631571060814417,1.2429806166131887,2.454988572750619,1.5829432403638712,0.669323973337834,1.56932;1.50349;1.61189;1.63209,2.59132;2.55392;2.56248;2.82303,1.0003624542017058,0.0170490916385829,0.0639494630736533,0.670435;0.631237;0.685872;0.69817,1.20979;1.20522;1.22711;1.32919,1.0005899791392785,0.0081936039691546,0.0291728951830028,4,2000,1000,5000,,,,,
anticipatory_spend,20260911,arm2a,pla,True,1.004492077166602,2033.3327019290411,48,2.0009188682207864,0.8209950890313642,0.355650339551217,8.680362914217108,0.1200743920953218,4.3499978435208595,1.968397829646643,0.3493457952373091,8.5635523744793,1000,4.210414986892154,4.006532826791804,434.279357324624,72.43824232856258,1.0,77.11598910265505,2.7509266860552586,304.0991928577423,20260908,bac1958634e27d71bb400d93130887150fafc18a43ee9deab10baa03c7f3bb3d,2.903825275745247,1.406499819832154,2.7509266860552537,1.9300145605704273,0.8443934253401979,1.92678;1.88185;1.97435;1.93733,2.85722;2.84992;2.97112;2.94091,1.0017093599270988,0.0269046288169017,0.0302483096044102,0.853311;0.836168;0.853593;0.825357,1.39682;1.38358;1.43044;1.41481,1.0015684764687534,0.0134051857440841,0.010251469438978,4,2000,1000,5000,,,,,
anticipatory_spend,20260911,arm2a,tv,True,1.004492077166602,2033.3327019290411,48,1.199860384902121,0.534085537079113,0.2598911536663699,5.022614645072397,0.0995742024796674,2.32848428214662,1.1923190004442827,0.259458180273178,4.973656168869969,1000,1.6625159964527418,1.678468232672954,37.56353816622333,9.94261045935353,1.0,10.068216542636993,1.800539215001438,304.0991928577423,20260908,bac1958634e27d71bb400d93130887150fafc18a43ee9deab10baa03c7f3bb3d,1.8771607071755103,0.932688975143905,1.8005392150014443,1.217329576980891,0.5388043768973407,1.20007;1.25446;1.20931;1.20499,1.86901;1.85419;1.86872;1.91913,1.0003667085581935,0.008499006519703,0.0142163276351038,0.532307;0.562653;0.530182;0.53303,0.926937;0.919185;0.929395;0.955212,1.0002259871111427,0.0052424572982666,0.0078187376241655,4,2000,1000,5000,,,,,
anticipatory_spend,20260912,arm2a,meta,True,1.0106289180654575,1015.4451766844442,43,2.166744994288675,0.9296898828071304,0.4122393047991217,12.419039127027345,0.1289221740488411,6.475019960976935,2.125438943091048,0.4013436830850534,12.20506345254896,1000,2.9023714275065187,2.8039695350082185,405.4733568768888,49.551827504159895,1.0,52.28410645673309,3.602632556454838,357.03922986984253,20260908,0d747ea871353e7f7028d8ea071f079df47a4b1da5c87cb1d5370b657397ed67,3.9816334088181344,1.9374026898443153,3.602632556454837,2.042625913970609,0.8944892679065876,2.14882;2.00714;2.04978;1.96381,4.1129;3.88754;3.90047;4.03027,1.0010811233728427,0.0363335488776377,0.0540318931280295,0.906937;0.885866;0.915859;0.871579,2.002;1.89556;1.91429;1.93723,1.0008821854216137,0.016232509023515,0.0231971480132469,4,2000,1000,5000,,,,,
anticipatory_spend,20260912,arm2a,pla,True,1.0106289180654575,1015.4451766844442,43,3.0079788707935284,1.3659444005634245,0.4180427745994347,12.152867481901623,0.1414253191216284,6.756265807200747,2.9512526432110375,0.4076372138165685,11.944124401316037,1000,4.207688416877283,3.9963323967825857,744.8289994384447,82.91616351896467,1.0,78.17474633029582,4.299587263647075,357.03922986984253,20260908,0d747ea871353e7f7028d8ea071f079df47a4b1da5c87cb1d5370b657397ed67,4.623656295289489,2.3798725992485417,4.299587263647086,2.994345119451819,1.4255844438061946,2.8333;2.88914;3.07076;3.23212,4.30266;4.45852;4.54607;5.18978,1.005052629668948,0.0690772664482053,0.1951132484640696,1.33923;1.36625;1.45885;1.54117,2.21617;2.30161;2.33465;2.66709,1.0041271369262774,0.0312640513184199,0.0989381521698398,4,2000,1000,5000,,,,,
anticipatory_spend,20260912,arm2a,tv,True,1.0106289180654575,1015.4451766844442,43,1.195815871538882,0.5169076749099486,0.2703087924418023,5.556762503446539,0.104806629518691,2.7241032761953416,1.1873213386393826,0.2690869266389145,5.5319221991502285,1000,1.6622360141231436,1.678473536204923,38.75563530943894,9.827197926312842,1.0,10.050760994499086,1.8633502335262713,357.03922986984253,20260908,0d747ea871353e7f7028d8ea071f079df47a4b1da5c87cb1d5370b657397ed67,1.949678810778825,0.963875601695846,1.863350233526268,1.264300449489825,0.5451863519980892,1.21438;1.25942;1.26074;1.31643,1.95307;1.91481;1.9622;1.96882,1.000880437926696,0.0143362462416546,0.0120766882089153,0.550612;0.55561;0.556435;0.517982,0.969582;0.945705;0.972578;0.967579,1.0003726868346337,0.0057151369253383,0.0061384745517996,4,2000,1000,5000,,,,,
budget_feedback,20260908,arm2a,meta,True,1.0070431112728389,1973.9968520144512,46,1.5853335784173574,0.7461511072737302,0.3179701215684716,8.99872925270319,0.1207056362408414,5.033446589196932,1.5678698621370062,0.3168927166329699,8.956646591989369,1000,2.946887871859854,2.881461021336181,229.28381561749353,42.07824721785594,1.0,40.29214899918812,2.6013677657574883,300.3935558795929,20260908,3c7b34779c1b5b47fda037a238a12854a4dfb68c2c6e41a08b4d77b6788156ee,2.7835706291048554,1.421964428230319,2.6013677657575003,1.59735127596828,0.7399219488109224,1.61048;1.58295;1.59137;1.59986,2.86623;2.74921;2.68481;2.8354,1.000306992036187,0.0147534987569487,0.0412842622326466,0.754215;0.713191;0.741412;0.746786,1.46024;1.39926;1.37679;1.45153,1.0000947684668728,0.0093471290776182,0.0201979557047056,4,2000,1000,5000,,,,,
budget_feedback,20260908,arm2a,pla,True,1.0070431112728389,1973.9968520144512,46,1.7224170933940672,0.7749081042163348,0.3494646942018928,8.075156290152373,0.1212310762706505,3.9459368139786184,1.707017368431854,0.3476471926357942,8.034302636974624,1000,4.307267671937496,4.152710652363556,342.5774390746725,64.31026801561882,1.0,60.4168005695642,2.6132864032801995,300.3935558795929,20260908,3c7b34779c1b5b47fda037a238a12854a4dfb68c2c6e41a08b4d77b6788156ee,2.7466166162696863,1.416177363474087,2.6132864032802003,1.7739920608745328,0.8245859634329347,1.8027;1.81895;1.72103;1.76022,2.79625;2.90267;2.57642;2.71571,1.0011773840629234,0.0259195759197056,0.0687601054903275,0.837639;0.85616;0.786471;0.832954,1.45011;1.48677;1.32501;1.40282,1.0009796191205933,0.0136627081894598,0.0349111271862086,4,2000,1000,5000,,,,,
budget_feedback,20260908,arm2a,tv,True,1.0070431112728389,1973.9968520144512,46,1.1941732541758716,0.5283960520243538,0.271924037956905,5.429363009546308,0.1019867070396427,2.8299595387587804,1.1839525871936398,0.2692391320836155,5.388448277688704,1000,1.6630242060065947,1.678482919527451,40.64893236961161,9.91698956093591,1.0,10.019803202443066,1.9450434377151429,300.3935558795929,20260908,3c7b34779c1b5b47fda037a238a12854a4dfb68c2c6e41a08b4d77b6788156ee,2.038890249402495,1.0141878691483988,1.945043437715153,1.270040787746459,0.5703044516058895,1.26734;1.2736;1.24698;1.29427,2.05621;2.00181;1.98694;2.10997,1.000227064071547,0.0092615196207721,0.0280272802491327,0.564667;0.581671;0.557334;0.571407,1.01582;0.996385;0.990263;1.05422,1.0002325284696614,0.0058534289768037,0.0144170527392934,4,2000,1000,5000,,,,,
budget_feedback,20260909,arm2a,meta,True,1.0048609842237113,2736.722812463086,47,1.342390423311251,0.6038718675428834,0.2691681777202399,6.198712492374389,0.0957575449653649,3.110281806766444,1.3355622258129378,0.2673376011542371,6.178365979560959,1000,2.9476928434369194,2.88028435391783,164.94297513459267,40.18971031521096,1.0,40.49711690948701,1.9541234385756168,389.5838158130646,20260908,6e9523eb5d5792776ce76348477bf76033c6e7de9fb8da6537a468d608dd4aa2,2.04423672125881,1.018224221673856,1.9541234385756272,1.320121602621357,0.5903481248493139,1.30638;1.3053;1.348;1.31737,2.03382;2.05387;2.04994;2.03886,1.0000604360812322,0.0110878209961841,0.0046782484111587,0.587661;0.572527;0.600274;0.595756,1.01424;1.01976;1.01966;1.0192,1.0000306231250615,0.0053090369778932,0.0013309446021928,4,2000,1000,5000,,,,,
budget_feedback,20260909,arm2a,pla,True,1.0048609842237113,2736.722812463086,47,2.0641172717178984,0.986317968170542,0.4022013063422351,10.216064173749714,0.1523953354790293,5.894950547536397,2.0583927496249994,0.3994613141637723,10.093723270167882,1000,4.307067362636533,4.1469609959965315,444.09541998180663,68.65217869879808,1.0,61.14314302347835,3.2135724293957564,389.5838158130646,20260908,6e9523eb5d5792776ce76348477bf76033c6e7de9fb8da6537a468d608dd4aa2,3.421505598884676,1.8097248128694283,3.2135724293957777,2.0654035842847502,0.9951220027874254,1.95628;2.14082;2.12938;2.04571,3.40747;3.46577;3.52802;3.27846,1.001720829737778,0.0310796781672246,0.0531934759124892,0.929347;1.04123;1.03191;0.988279,1.81022;1.83659;1.8635;1.72815,1.001736243653434,0.0174643549769146,0.029252661552431,4,2000,1000,5000,,,,,
budget_feedback,20260909,arm2a,tv,True,1.0048609842237113,2736.722812463086,47,1.278937782998522,0.5633101439446717,0.2904080986256242,5.097451488401201,0.1098999062912364,2.5688667128107947,1.2700146497821136,0.2885536852776373,5.076344735739225,1000,1.6645042781615726,1.6785026198927973,38.458228439185035,9.868022415432756,1.0,9.954494501556823,1.8589367476586491,389.5838158130646,20260908,6e9523eb5d5792776ce76348477bf76033c6e7de9fb8da6537a468d608dd4aa2,1.9401284206357805,0.9658324859616104,1.858936747658656,1.2356038029669307,0.5476575825382581,1.21581;1.25637;1.22296;1.24123,1.92668;1.94349;1.89904;1.99673,1.0002401261151506,0.0089889571052291,0.020566912003102,0.542266;0.555998;0.549557;0.545541,0.955887;0.955057;0.953636;0.998467,1.0002533115436854,0.0052886503280646,0.0109116419731901,4,2000,1000,5000,,,,,
budget_feedback,20260910,arm2a,meta,True,1.010258543075754,1391.786040266952,48,1.5600766493638218,0.6888339094209847,0.2950020544064916,8.744935157553945,0.1053035208741459,4.952141257003944,1.5485889381421571,0.2904937715309308,8.67977474458849,1000,2.946798646796758,2.8814402405787205,222.71467800003413,41.780052393587894,1.0,40.295776948862944,2.539504544755404,250.08353805541992,20260908,8077cf22e698747e81f30a26e824f485e32651319ee756bfec3af1b183c30c54,2.7135233330483417,1.381297614748659,2.539504544755399,1.5788959320338198,0.7156917137862877,1.55151;1.59016;1.58099;1.60252,2.70349;2.72126;2.60853;2.81903,1.0003893721414163,0.0182159054511664,0.0431225285060669,0.704654;0.705047;0.714059;0.729697,1.36214;1.38696;1.33794;1.43788,1.0004694961366072,0.0095472827812673,0.0213714972796648,4,2000,1000,5000,,,,,
budget_feedback,20260910,arm2a,pla,True,1.010258543075754,1391.786040266952,48,1.5741882216153509,0.6974327754830043,0.342906746796505,7.410795843325557,0.1103325928883717,3.680246177938124,1.5560199421110628,0.3404725574357092,7.393704458668029,1000,4.3087329769087805,4.158490371573706,300.10093708897836,62.18647323410867,1.0,59.679123609575655,2.332692074160669,250.08353805541992,20260908,8077cf22e698747e81f30a26e824f485e32651319ee756bfec3af1b183c30c54,2.4625566596445965,1.256611530537723,2.332692074160649,1.5788289135832994,0.7147609615082517,1.55728;1.59073;1.57516;1.60292,2.35895;2.50372;2.40205;2.5832,1.000425963855854,0.0206732162580307,0.0505332438330839,0.690119;0.729387;0.712955;0.723738,1.21462;1.26604;1.22448;1.32104,1.0006451349865402,0.0096851805621914,0.0242136935924252,4,2000,1000,5000,,,,,
budget_feedback,20260910,arm2a,tv,True,1.010258543075754,1391.786040266952,48,1.1974021948564904,0.5092040492621426,0.2536683186312363,5.309625979927341,0.0931648852172285,2.6641840945982036,1.1899077555326043,0.2522027045043586,5.286842040710469,1000,1.6636298388937405,1.678473688837916,38.70527729709062,9.892420243591085,1.0,10.050258154604991,1.8593369799003416,250.08353805541992,20260908,8077cf22e698747e81f30a26e824f485e32651319ee756bfec3af1b183c30c54,1.9408264288407575,0.9627328044578892,1.859336979900324,1.231513003586585,0.548983290355522,1.25033;1.238;1.20432;1.22624,1.9969;1.88357;1.937;1.94355,0.9999772585476228,0.008573377254431,0.023170700779637,0.55143;0.560475;0.539599;0.548311,0.986931;0.934001;0.956251;0.973638,1.0000038389116075,0.0044952590342089,0.0114455023288082,4,2000,1000,5000,,,,,
budget_feedback,20260911,arm2a,meta,True,1.004977576946473,1307.1270663392384,43,1.4343795376396886,0.6689266220802914,0.2894891650957653,7.869342187733364,0.1133556294802699,4.093204078796689,1.4302269691944596,0.2879638166737298,7.841436190231141,1000,2.949104827921867,2.883373548797492,193.20305287786096,40.580199956654816,1.0,39.95699599093332,2.272307863991024,234.6402781009674,20260908,023b02245b160fa7eb22f3e904f8347acf5d9825682dc0afeb7d91b7fe2dd12d,2.3989294710930005,1.208746303035864,2.272307863991037,1.4575053258438952,0.6633432296779885,1.4497;1.44817;1.44918;1.49538,2.38768;2.41438;2.29586;2.50337,1.0005742481064333,0.0159593327874718,0.042709880800455,0.66984;0.647137;0.65718;0.68074,1.1963;1.21244;1.162;1.2642,1.0006752302826818,0.0072993387799972,0.0212701026349123,4,2000,1000,5000,,,,,
budget_feedback,20260911,arm2a,pla,True,1.004977576946473,1307.1270663392384,43,1.3280950738984991,0.5700194517531927,0.2885344986729408,6.360974159151476,0.1070833808531984,2.915554967354983,1.3236711589515684,0.2878913160183672,6.3434730395344205,1000,4.309191437741639,4.159250179758789,243.01021909329145,58.754481573261,1.0,59.58157081925982,1.9774916883092688,234.6402781009674,20260908,023b02245b160fa7eb22f3e904f8347acf5d9825682dc0afeb7d91b7fe2dd12d,2.053560298658825,1.0196036507334647,1.977491688309253,1.3607396624494037,0.6091845600449947,1.37613;1.36376;1.36064;1.34604,1.99976;2.16139;1.9801;2.06904,1.0004288286890697,0.0123416094650036,0.0409811208629899,0.609611;0.607632;0.608399;0.611351,0.998638;1.07007;0.977974;1.03168,1.000618645212897,0.0063738837191824,0.0201348379803999,4,2000,1000,5000,,,,,
budget_feedback,20260911,arm2a,tv,True,1.004977576946473,1307.1270663392384,43,1.1857680299756757,0.5215650534441919,0.2445764523331861,5.356611264972615,0.0922849007497369,2.6607341794103117,1.1742946247532695,0.2414007147724071,5.275962512645649,1000,1.6628615399989153,1.6784665725527228,39.00218473041877,9.980433328504468,1.0,10.073674314947365,1.867404966824678,234.6402781009674,20260908,023b02245b160fa7eb22f3e904f8347acf5d9825682dc0afeb7d91b7fe2dd12d,1.9448476802783072,0.9679025864023514,1.8674049668246775,1.2398986759703736,0.553671108947924,1.24258;1.24266;1.22825;1.24781,1.94888;1.91332;1.92375;1.99175,1.0003316073250328,0.0094647205733727,0.0174511174163787,0.541377;0.567778;0.545854;0.562281,0.960632;0.954239;0.956128;1.00044,1.000134389872288,0.0043852282354155,0.0109427900288606,4,2000,1000,5000,,,,,
budget_feedback,20260912,arm2a,meta,True,1.0081264268962111,1736.11552985378,43,1.1940820870376738,0.5156747830404858,0.2767390610563296,5.338428615862327,0.0887722335705989,2.626155133556025,1.1833715620245702,0.2763038976079373,5.249634992883572,1000,2.9464748398077996,2.8811393261099396,143.79425667784187,38.76626413365923,1.0,40.34827857889146,1.7390415096273164,256.4978539943695,20260908,862f168881e95a34484abfc2577eea038c76d083119f50becaa71b457a712aa5,1.81754519141056,0.8906003211606529,1.7390415096273195,1.2092077182091696,0.5326005192026853,1.20738;1.19546;1.2145;1.21538,1.80674;1.80206;1.8176;1.84377,0.9999782133374548,0.0099681453774708,0.0093282649996229,0.530306;0.525488;0.544439;0.53072,0.879183;0.884623;0.893802;0.904738,1.0001003914165774,0.0049894994181205,0.0055990897085626,4,2000,1000,5000,,,,,
budget_feedback,20260912,arm2a,pla,True,1.0081264268962111,1736.11552985378,43,1.3549813919146296,0.6043304211512427,0.3154138222988277,5.66899514343815,0.0989385562186032,2.682344553502074,1.349039886155676,0.3141902083169209,5.6341590351273725,1000,4.307305966340155,4.150442629352347,229.73845500668847,59.98240613262624,1.0,60.70419317186872,1.8375696032535012,256.4978539943695,20260908,862f168881e95a34484abfc2577eea038c76d083119f50becaa71b457a712aa5,1.9035953977545863,0.9461053108414462,1.837569603253517,1.2995591000510465,0.5779598183230985,1.30552;1.29838;1.28203;1.30901,1.91669;1.95251;1.85831;1.88272,1.0003785859995524,0.011582239835312,0.0205069726091953,0.584881;0.572148;0.576569;0.578669,0.953664;0.968372;0.920635;0.941723,1.000475624053337,0.0060551409267378,0.0100866592494591,4,2000,1000,5000,,,,,
budget_feedback,20260912,arm2a,tv,True,1.0081264268962111,1736.11552985378,43,1.228129444377985,0.558537797513374,0.24515302897573,5.6709505568377745,0.0967467620368336,2.930813658140917,1.2174234104628918,0.2429606924483616,5.584041442952008,1000,1.662024240961589,1.678463465169645,41.6850704878633,10.102103492636031,1.0,10.08388217525023,1.967649335430576,256.4978539943695,20260908,862f168881e95a34484abfc2577eea038c76d083119f50becaa71b457a712aa5,2.0650500388583835,1.0334570530906853,1.9676493354305795,1.2640417494418348,0.5744828478560343,1.26968;1.27978;1.23525;1.27469,2.06232;2.03741;2.0246;2.13723,1.000105099831044,0.0104159167180836,0.025193869729305,0.567671;0.578285;0.563676;0.592664,1.02516;1.01463;1.01053;1.08326,1.0001530127189933,0.0045908322583649,0.0169047345664136,4,2000,1000,5000,,,,,
none,20260908,arm2a,meta,True,1.005603427430123,2364.747152822248,46,1.5053283041168426,0.7251451684733364,0.3371542463130135,8.807989002254986,0.1261409515669351,4.60049805608613,1.5003816893694926,0.3362829164850403,8.685834868178922,1000,2.9478910760347588,2.8820788829994513,222.1185152165627,41.98756442755749,1.0,40.18414769943393,2.533923694438745,303.6230089664459,20260908,736d3679e11760c8fe924056505ab728b1a5d031447b2106d96087f394edaee2,2.7031019491633805,1.3812133711030972,2.533923694438741,1.5615145990542945,0.7233942575868735,1.57201;1.57559;1.54632;1.55268,2.65342;2.75307;2.68485;2.72213,1.0001994867306108,0.0174576043320188,0.0217184203499214,0.71714;0.726332;0.719771;0.726253,1.34409;1.40597;1.38882;1.38564,1.0001264540596868,0.0101148424525532,0.0131284400143883,4,2000,1000,5000,,,,,
none,20260908,arm2a,pla,True,1.005603427430123,2364.747152822248,46,1.643278658485764,0.7607163516662543,0.3655152998523955,7.611578887712119,0.1322741095835624,3.903240984451428,1.6287227556541262,0.3646127817621274,7.580691658548715,1000,4.309408624341329,4.154118209407462,338.86688277539184,64.9431264753389,1.0,60.237858000361825,2.5748536248579117,303.6230089664459,20260908,736d3679e11760c8fe924056505ab728b1a5d031447b2106d96087f394edaee2,2.7070156397529397,1.404383103443444,2.574853624857908,1.7224166348278804,0.8105347721483944,1.72246;1.77799;1.6475;1.74718,2.67697;2.75822;2.56631;2.82683,1.000855545142027,0.023803160484807,0.0560352470979094,0.802851;0.835892;0.772561;0.836623,1.39305;1.42813;1.32218;1.47405,1.0010904774349023,0.0117735050856209,0.0320200813279751,4,2000,1000,5000,,,,,
none,20260908,arm2a,tv,True,1.005603427430123,2364.747152822248,46,1.2142988324450772,0.5180653198172623,0.2693181997558083,5.4061850785573675,0.1050578058604274,2.80929034899872,1.2072353820925994,0.2675406955669304,5.316561500694295,1000,1.6632191141250114,1.6784918424104216,40.80070532171043,9.97344118942737,1.0,9.990275691852602,1.9454516801482729,303.6230089664459,20260908,736d3679e11760c8fe924056505ab728b1a5d031447b2106d96087f394edaee2,2.043742934461737,1.0210097716439608,1.94545168014828,1.2696154647546587,0.5691858429650987,1.26745;1.26633;1.28007;1.27048,2.06482;1.96439;2.00502;2.14174,1.000475768561637,0.0089416557213845,0.0385622847731291,0.564191;0.562523;0.571524;0.57244,1.02868;0.972652;1.00034;1.08214,1.0005997463961056,0.0059117666161517,0.0233841339403808,4,2000,1000,5000,,,,,
none,20260909,arm2a,meta,True,1.0014611641114723,2652.883213575218,49,1.2441145862838192,0.5520004785503583,0.2713645549435712,5.405743024183233,0.1010369470639289,2.640941902418507,1.237697594177986,0.270791655942297,5.390755937914782,1000,2.947537489551566,2.880446927917512,148.40430702161015,39.24543378714124,1.0,40.46885274436602,1.7828747005050836,343.46751618385315,20260908,5d4c83aa5feb5fc2de602cdb7a7801fc2333b44f8c9e1b221370986c629db7b8,1.8617027571707991,0.9165650933497288,1.7828747005050878,1.2282707050431196,0.5425411250941081,1.21145;1.21862;1.24514;1.23793,1.84547;1.87404;1.8638;1.86866,0.9999584324836636,0.0109461065086048,0.006203070114012,0.538488;0.525838;0.550791;0.554871,0.904659;0.91329;0.920528;0.927527,1.0000237002678989,0.0052246495816254,0.0049017565501504,4,2000,1000,5000,,,,,
none,20260909,arm2a,pla,True,1.0014611641114723,2652.883213575218,49,1.9020150069987092,0.8404921747314675,0.3567126247688181,8.899617631570855,0.1273766954695524,5.172403067583607,1.8900857108234108,0.3563511851733656,8.880206449131286,1000,4.307344100278896,4.147220200695105,371.1639762114817,66.39358082026455,1.0,61.11055535994707,2.7432733210874587,343.46751618385315,20260908,5d4c83aa5feb5fc2de602cdb7a7801fc2333b44f8c9e1b221370986c629db7b8,2.9109955749740264,1.5158051041205172,2.7432733210874716,1.8154852688929417,0.8510758311939297,1.79361;1.82366;1.78778;1.8478,2.87821;2.98705;2.8431;2.93777,1.0009992604018405,0.0276933412313485,0.0318655877221647,0.851065;0.852992;0.83211;0.868977,1.49856;1.55832;1.47785;1.52857,1.0011987455419409,0.012777661047642,0.0175798710659508,4,2000,1000,5000,,,,,
none,20260909,arm2a,tv,True,1.0014611641114723,2652.883213575218,49,1.1577495996051157,0.515634757093065,0.2454317698774052,5.264242398611231,0.0980560952517964,2.634627295571468,1.1517081204068915,0.2429793578707094,5.233458940960302,1000,1.663871333939262,1.6785063568927887,37.36574723510155,9.690616282147069,1.0,9.942057709390667,1.833022978368932,343.46751618385315,20260908,5d4c83aa5feb5fc2de602cdb7a7801fc2333b44f8c9e1b221370986c629db7b8,1.9032428924968297,0.9394337530489814,1.833022978368915,1.2111103250976685,0.5357714457632035,1.20566;1.22215;1.1931;1.21726,1.88306;1.88499;1.89329;1.94876,1.000193148525079,0.0101145706578215,0.015572633019682,0.53664;0.542331;0.534474;0.531189,0.938396;0.92473;0.934018;0.960508,1.0002117603354306,0.0048703324486676,0.0075870402493105,4,2000,1000,5000,,,,,
none,20260910,arm2a,meta,True,1.0096645594914109,1222.89819329136,47,1.6157128590015757,0.7696805209917128,0.2950105771931594,9.091658777101554,0.1179269716335954,4.982479895958478,1.603233741599823,0.2940841112215453,9.030848313749864,1000,2.9477419815247665,2.8820106347014613,229.9568025627287,41.641271133410235,1.0,40.19609013929927,2.6173431816868415,205.66287207603455,20260908,5d3c2219efea4ce5e1e0fccd92793a1b5c723bc19b672d555f0db0c4743247e0,2.8099244524323757,1.4297727156732305,2.6173431816868447,1.5937915901509907,0.7243790338987653,1.59247;1.57959;1.55448;1.64694,2.73838;2.79791;2.60662;3.09825,1.0008095391329566,0.0203938178302055,0.1039745782731448,0.723566;0.72016;0.70371;0.759049,1.39205;1.42267;1.32764;1.57675,1.000587310610738,0.0106538764608712,0.0528411072432061,4,2000,1000,5000,,,,,
none,20260910,arm2a,pla,True,1.0096645594914109,1222.89819329136,47,1.498953018922336,0.6601824269675582,0.3060082721953126,6.770689207071803,0.1119262721634056,3.443351469525658,1.4845006122902198,0.3052202407592959,6.752574850073257,1000,4.309503497520344,4.158863835444871,276.82522828804747,60.6679489865556,1.0,59.63119106290575,2.197898629310464,205.66287207603455,20260908,5d3c2219efea4ce5e1e0fccd92793a1b5c723bc19b672d555f0db0c4743247e0,2.301140541605118,1.1604860789082343,2.197898629310483,1.514019524547285,0.6838648359507273,1.55592;1.5476;1.46467;1.49588,2.33999;2.36029;2.18478;2.31857,1.0007120868336932,0.0159318216973994,0.0396360096419637,0.699589;0.698924;0.662406;0.675065,1.18814;1.18113;1.10057;1.17196,1.0005920602933214,0.0096769172144139,0.0202316934826583,4,2000,1000,5000,,,,,
none,20260910,arm2a,tv,True,1.0096645594914109,1222.89819329136,47,1.182526122895971,0.5179953796026134,0.2439862983084515,5.348250672309574,0.094434736643865,2.687743600087289,1.1770181482401156,0.2417844061707238,5.283453238787583,1000,1.6637237923184611,1.6784783898520508,39.327340381192464,10.095529320000644,1.0,10.034759555097704,1.870876243156462,205.66287207603455,20260908,5d3c2219efea4ce5e1e0fccd92793a1b5c723bc19b672d555f0db0c4743247e0,1.9536401402486248,0.9797689187655976,1.870876243156466,1.2458850066075633,0.5581312209899048,1.24542;1.24626;1.23474;1.25721,1.95388;1.91761;1.94971;1.9954,1.0002581110501656,0.0091066451973396,0.0159578624016581,0.55548;0.562869;0.55059;0.560685,0.974244;0.962053;0.974049;1.00863,1.0001207967449273,0.0054375490030013,0.0100407273047563,4,2000,1000,5000,,,,,
none,20260911,arm2a,meta,True,1.0084884743729283,1211.2719552035933,43,1.3857485108707557,0.6044072101947152,0.2894246512267723,6.8244259642136145,0.1030538584760958,3.5721363103336627,1.3755793894605708,0.2886649007016863,6.805899701481348,1000,2.9492075194394087,2.883195957737079,177.61430902323448,40.07763336068261,1.0,39.98822300208582,2.110028140853145,225.51011085510257,20260908,3c221baea98377492ed18d237d4d81d4661e62c8c31521e43debb69dd19d7f9a,2.218352704784498,1.11041498371193,2.110028140853134,1.3886803628853883,0.6251976633605554,1.37741;1.37882;1.38677;1.42971,2.13894;2.24232;2.12697;2.36853,1.0007522130364837,0.012457291912011,0.0561110284059806,0.618523;0.612308;0.629373;0.643669,1.06502;1.11806;1.07447;1.18398,1.0006500352753671,0.0072568388151278,0.0271151318405775,4,2000,1000,5000,,,,,
none,20260911,arm2a,pla,True,1.0084884743729283,1211.2719552035933,43,1.2692957851432003,0.5684591200405145,0.2799720196264397,5.712958776013625,0.1078443161395844,2.587968995694803,1.2653801663132385,0.2786420025208986,5.670852192114026,1000,4.309486860331124,4.158702688140481,225.79810077526048,58.24654881693861,1.0,59.651877675452944,1.8487719919644487,225.51011085510257,20260908,3c221baea98377492ed18d237d4d81d4661e62c8c31521e43debb69dd19d7f9a,1.9151918095347271,0.9461815295774438,1.8487719919644463,1.2904557836503594,0.5755996255165434,1.27156;1.28271;1.30822;1.30033,1.90095;1.94484;1.87844;1.93192,1.0007441984294043,0.0153492909427368,0.0150202525047384,0.567191;0.571904;0.57958;0.58081,0.942434;0.952141;0.937105;0.952924,1.001038150794065,0.0068322103841066,0.003844882149437,4,2000,1000,5000,,,,,
none,20260911,arm2a,tv,True,1.0084884743729283,1211.2719552035933,43,1.187864213780088,0.5165227990359351,0.2612684883731654,5.466019864041094,0.0964644210208209,2.7497385536845136,1.1783500381357324,0.2571636225929902,5.389575763549698,1000,1.6625159964527418,1.678468232672954,38.53811861526421,10.008640369176272,1.0,10.068216542636993,1.8441166397869295,225.51011085510257,20260908,3c221baea98377492ed18d237d4d81d4661e62c8c31521e43debb69dd19d7f9a,1.919529475382588,0.9569167290382394,1.8441166397869213,1.232980499330608,0.5512775080059928,1.23391;1.22748;1.2203;1.24517,1.94206;1.86847;1.90382;1.96309,1.0003764718034611,0.009456388481329,0.0209331781465807,0.538068;0.560008;0.542194;0.563791,0.960352;0.932132;0.946268;0.988742,1.0002024795755171,0.0047097579825337,0.0120842523139685,4,2000,1000,5000,,,,,
none,20260912,arm2a,meta,True,1.0068360582332998,1682.6949751337131,43,1.1062660969949687,0.4706038965773378,0.2731823454515637,5.312124365644771,0.0896544319278657,2.499298680595741,1.1000400846496552,0.2719682430583433,5.28216530559262,1000,2.9470246411349903,2.881613063270842,134.6596021962565,38.18922734708684,1.0,40.26559630792459,1.6453473849510547,260.85065484046936,20260908,668e83a0bd1cfa11ffe376d00d8bf8dce5ef52249861c46861f0637a5b0d4e1d,1.716396722633572,0.8354854651024716,1.6453473849510512,1.163313281337758,0.5037963949328979,1.15591;1.15176;1.1719;1.17134,1.67651;1.7499;1.73144;1.70849,0.9999435965279526,0.0088266243980369,0.0158163570513336,0.500415;0.499314;0.507779;0.509821,0.816375;0.848855;0.848472;0.828161,1.0000967447501712,0.0047982677613337,0.007990966748703,4,2000,1000,5000,,,,,
none,20260912,arm2a,pla,True,1.0068360582332998,1682.6949751337131,43,1.1991004087848942,0.528894529206578,0.2836988653378992,4.860913613147834,0.0977924923121985,2.2113114198378616,1.1935850292167252,0.2824063269746458,4.849771640953769,1000,4.308712567815476,4.1518276697393475,204.32525156068385,57.97226375633976,1.0,60.52882510087917,1.66113196156672,260.85065484046936,20260908,668e83a0bd1cfa11ffe376d00d8bf8dce5ef52249861c46861f0637a5b0d4e1d,1.724247882708266,0.8435243444811483,1.6611319615667162,1.1867437819924045,0.523743049714918,1.17294;1.20264;1.2118;1.16224,1.68865;1.77993;1.70898;1.72304,1.0003468636523207,0.0109846848249033,0.0195760963663259,0.520117;0.522826;0.534099;0.518265,0.826354;0.867327;0.839226;0.841084,1.0005807366332915,0.0049391033036148,0.0085916772819276,4,2000,1000,5000,,,,,
none,20260912,arm2a,tv,True,1.0068360582332998,1682.6949751337131,43,1.193223526943603,0.5195185683618118,0.2237842433105159,5.331644180160882,0.0888830744388962,2.7676849241140316,1.188189080609127,0.2228276340511512,5.305413925063662,1000,1.6622360141231436,1.678473536204923,39.77059100865673,9.981825345344475,1.0,10.050760994499086,1.9043486000754704,260.85065484046936,20260908,668e83a0bd1cfa11ffe376d00d8bf8dce5ef52249861c46861f0637a5b0d4e1d,1.985294875757281,0.9892315661348232,1.9043486000754664,1.2558893740435633,0.5588573692633874,1.25992;1.26789;1.23325;1.25916,1.9409;1.95081;1.98945;2.05888,1.0001244971814824,0.0091177602368009,0.0267589585011314,0.549621;0.570746;0.548613;0.569694,0.963229;0.968261;0.987652;1.03761,1.0001650012504075,0.0045276871089253,0.0169776175688342,4,2000,1000,5000,,,,,
performance_chasing,20260908,arm2a,meta,True,1.0100814605477115,1638.782637218973,46,1.4947210785868386,0.7025119812039422,0.3344769279472843,8.956751547122877,0.1119932861177809,4.655610234685081,1.4849912718917175,0.3330191390005593,8.931676537383952,1000,2.9478910760347588,2.8820788829994513,219.355587495118,42.29368645858851,1.0,40.18414769943393,2.5035408189929917,296.1107540130615,20260908,a98e57816fab67fb99bb98b427d1d6fe9e3cb9a086267bd2a49019c144d3f9c2,2.6595701709970494,1.3637970533803123,2.5035408189929877,1.5615902849789247,0.7244311428841503,1.54667;1.58415;1.5566;1.55045,2.59292;2.77264;2.48508;2.78455,1.0008059121438468,0.0164018620834409,0.0726249186832651,0.719384;0.725135;0.721706;0.731367,1.31213;1.43301;1.28022;1.42938,1.0007084957642642,0.0094455997244605,0.0395247649860972,4,2000,1000,5000,,,,,
performance_chasing,20260908,arm2a,pla,True,1.0100814605477115,1638.782637218973,46,2.1196985195026796,0.9755075679879964,0.3866580004638366,6.9297900101511445,0.1422726891996877,3.3611221550578927,2.0899079141045607,0.3811480190696009,6.804772555724412,1000,4.29041791942621,4.149574999118227,352.11748484580943,62.04265688281086,1.0,60.81383084478317,2.794971475577002,296.1107540130615,20260908,a98e57816fab67fb99bb98b427d1d6fe9e3cb9a086267bd2a49019c144d3f9c2,2.866087834340086,1.447377406164828,2.7949714755770225,2.196085155902523,1.0418083408263688,2.24698;2.26666;2.14519;2.13785,2.90403;2.9348;2.78599;2.83653,1.0015637706187932,0.0337631127964537,0.0334756164488285,1.0626;1.07048;1.0037;1.03355,1.47006;1.47977;1.40737;1.43226,1.001547929364688,0.0146523871345387,0.0168142949674168,4,2000,1000,5000,,,,,
performance_chasing,20260908,arm2a,tv,True,1.0100814605477115,1638.782637218973,46,1.2236159016581762,0.557994804440076,0.2588311987608767,5.611684961220173,0.0984107963069293,2.857876446074588,1.2189768083862509,0.2577003469813777,5.576915883035679,1000,1.6632191141250114,1.6784918424104216,41.020547653433624,10.017200704155972,1.0,9.990275691852602,1.9613469497759408,296.1107540130615,20260908,a98e57816fab67fb99bb98b427d1d6fe9e3cb9a086267bd2a49019c144d3f9c2,2.0502609545308315,1.0265100466525652,1.9613469497759353,1.2685548046864144,0.5706236027721869,1.25771;1.29786;1.2477;1.2835,2.06534;2.04679;1.99005;2.10467,1.000070844303821,0.0115664476458281,0.023833529305385,0.557987;0.59036;0.553793;0.585474,1.01972;1.02238;1.00128;1.06238,1.000355945794649,0.0049952944877796,0.0128668447256094,4,2000,1000,5000,,,,,
performance_chasing,20260909,arm2a,meta,True,1.0015721455022768,2841.657775827551,48,1.2115324287943592,0.555734140157838,0.2808230742916964,5.463550150816531,0.0928706727629562,2.709579821955971,1.2067622573507464,0.2792473189138165,5.403395956896534,1000,2.947537489551566,2.880446927917512,145.22682574138952,39.22819722096736,1.0,40.46885274436602,1.7587103131681878,398.90477895736694,20260908,f3ff97ab651609772a1720dfa086c21ea4aeec737dddb31c546a84d44adfd980,1.8222359021389156,0.8969344482319005,1.7587103131681938,1.2316091647416485,0.544452066735835,1.24934;1.18947;1.2469;1.23745,1.84562;1.84199;1.80783;1.79828,1.0002337286008522,0.0095237220183969,0.0119462762160562,0.558784;0.519816;0.561332;0.539213,0.913421;0.900263;0.892555;0.881331,1.0001821961267772,0.0052397888014926,0.0067426025236545,4,2000,1000,5000,,,,,
performance_chasing,20260909,arm2a,pla,True,1.0015721455022768,2841.657775827551,48,1.8333277668666623,0.7732032152270335,0.3733514128699418,6.191465520643323,0.1284463743588706,2.862099948119306,1.8134984723764236,0.3698327323117859,6.110736123536295,1000,4.295088030025803,4.146574860398926,283.9904467586592,58.69044048056472,1.0,61.19166149772538,2.3021308935220506,398.90477895736694,20260908,f3ff97ab651609772a1720dfa086c21ea4aeec737dddb31c546a84d44adfd980,2.368914475741242,1.1597447167677084,2.302130893522044,1.7020625545839927,0.7638945889460249,1.65408;1.70329;1.74473;1.71995,2.35306;2.36638;2.36851;2.38684,1.000717215763702,0.0192827537655587,0.0069461347819129,0.733757;0.776193;0.774397;0.765832,1.15543;1.16122;1.15768;1.16463,1.0009948010697745,0.0108057058356005,0.0020187349325658,4,2000,1000,5000,,,,,
performance_chasing,20260909,arm2a,tv,True,1.0015721455022768,2841.657775827551,48,1.224497503966337,0.5235832966706535,0.2814764236992508,5.971907897375427,0.0998369422747994,2.959796790539365,1.2178706954422127,0.2807034686642495,5.934196036307542,1000,1.663871333939262,1.6785063568927887,37.8751479732894,9.628274038712654,1.0,9.942057709390667,1.8526816231936805,398.90477895736694,20260908,f3ff97ab651609772a1720dfa086c21ea4aeec737dddb31c546a84d44adfd980,1.9353349989562705,0.9521522687832534,1.8526816231936736,1.223448249830132,0.5389201333528624,1.19807;1.22804;1.22654;1.24065,1.90528;1.88484;1.94791;2.00145,1.000196880072374,0.0095058022064753,0.0257907586223007,0.520961;0.549824;0.540949;0.547503,0.929739;0.923598;0.957768;0.997301,1.000238539965878,0.0051204121017641,0.0168019604859874,4,2000,1000,5000,,,,,
performance_chasing,20260910,arm2a,meta,True,1.0069780066184104,1330.743768265822,45,1.5276873525165735,0.7123674581846182,0.3229385392474422,8.28267534443632,0.1099356164011712,4.463853036454487,1.5232513021657872,0.3221320641093168,8.237825362225944,1000,2.9477419815247665,2.8820106347014613,214.09012076258293,41.464682277808365,1.0,40.19609013929927,2.462934859059145,257.70682287216187,20260908,2d52751960481f74609866464b8c9dfd30878c562145aad2c2395db7d4358ca9,2.621700902718034,1.331214388551658,2.46293485905914,1.5460164756474335,0.7028676249194608,1.52088;1.55435;1.51632;1.58681,2.59043;2.65862;2.44629;2.79197,1.0004339516620078,0.0181229366882154,0.0719365150278228,0.691693;0.691077;0.685706;0.735747,1.3102;1.34333;1.25262;1.41857,1.0005526980628856,0.0096141582964471,0.0346384261136587,4,2000,1000,5000,,,,,
performance_chasing,20260910,arm2a,pla,True,1.0069780066184104,1330.743768265822,45,1.4436064693062831,0.5955880064960516,0.3128792633904907,5.490954909641141,0.1130101333926065,2.7158518123299893,1.4254270601622665,0.3090024279291175,5.413602259141893,1000,4.291209356673342,4.154976297995827,235.2622907095628,55.14958634980976,1.0,60.12854772670989,1.976597302797629,257.70682287216187,20260908,2d52751960481f74609866464b8c9dfd30878c562145aad2c2395db7d4358ca9,2.0408232020254573,0.9763391523674574,1.9765973027976225,1.4602263969780207,0.6338777164782228,1.44273;1.48316;1.46677;1.44119,2.01789;2.08637;2.02847;2.03172,1.0003672603776752,0.0170907487218014,0.0153726890969628,0.628499;0.63693;0.639722;0.629687,0.972569;0.990682;0.970331;0.971625,1.0004049598345146,0.0072850120472051,0.0048154248541821,4,2000,1000,5000,,,,,
performance_chasing,20260910,arm2a,tv,True,1.0069780066184104,1330.743768265822,45,1.2225341464831732,0.5495867302021391,0.257880649747139,5.861167799924651,0.0933736845784475,2.980652280092113,1.2181731699420997,0.2555042501397772,5.83746725843203,1000,1.6637237923184611,1.6784783898520508,40.33379232262681,10.019621705218825,1.0,10.034759555097704,1.9083297912238053,257.70682287216187,20260908,2d52751960481f74609866464b8c9dfd30878c562145aad2c2395db7d4358ca9,2.0112209795491944,1.0048514172315568,1.908329791223799,1.2697823363249063,0.5659581222849022,1.26313;1.27621;1.24607;1.28785,2.00072;1.94811;2.02173;2.0715,1.0005264116788144,0.0103980436259969,0.0255532057044134,0.548706;0.577691;0.554357;0.579272,0.991825;0.979228;1.0039;1.04424,1.0004199161305425,0.0047053614971791,0.0140779300818306,4,2000,1000,5000,,,,,
performance_chasing,20260911,arm2a,meta,True,1.006753247849451,1437.137430765305,43,1.3847764451027391,0.616680497687388,0.2818381718313389,7.4428307950317505,0.0982496670451596,3.920882634848714,1.3766271132848351,0.2777218015110902,7.418169410051746,1000,2.9492075194394087,2.883195957737079,181.03302622060343,40.34406014501526,1.0,39.98822300208582,2.143270018868256,272.77352499961853,20260908,a430382c61a78b49c1c6bc019f4b1be997f441d97722a369498beb01d46ea584,2.253552608346802,1.131767436885706,2.1432700188682627,1.3933416142983006,0.626526260723574,1.35182;1.40319;1.39375;1.41879,2.15359;2.39142;2.14771;2.32504,1.000732980692434,0.0132314519082192,0.0614473917953691,0.62579;0.61048;0.621408;0.64827,1.07848;1.19908;1.08179;1.16771,1.0006770789377302,0.0064897706996777,0.0304964232894945,4,2000,1000,5000,,,,,
performance_chasing,20260911,arm2a,pla,True,1.006753247849451,1437.137430765305,43,1.5321884039696525,0.6630941542734827,0.3010017126885388,6.3549485408745,0.1071028552491099,2.965219941925988,1.5110162118841486,0.2994197192432968,6.266923701244594,1000,4.295340393857183,4.158485076863498,264.28693794178713,57.38162150041917,1.0,59.679802928232526,2.191411031683727,272.77352499961853,20260908,a430382c61a78b49c1c6bc019f4b1be997f441d97722a369498beb01d46ea584,2.2576774478160275,1.1066770607779095,2.1914110316837183,1.5808890742155892,0.7024964871979333,1.59077;1.53999;1.59203;1.6004,2.21126;2.26859;2.23818;2.31261,1.001140877510924,0.0173257719758951,0.0217391678212243,0.712521;0.688088;0.696419;0.71729,1.09137;1.10741;1.09487;1.13299,1.0014501637179003,0.0099227297812125,0.0094276150297521,4,2000,1000,5000,,,,,
performance_chasing,20260911,arm2a,tv,True,1.006753247849451,1437.137430765305,43,1.148819780805899,0.4844711560034802,0.2442707218892486,5.568396417745382,0.0929047305300662,2.596036843665494,1.1387739511966464,0.2429745529987599,5.538417457441158,1000,1.6625159964527418,1.678468232672954,38.77870125724801,10.022357302369496,1.0,10.068216542636993,1.8552240383833285,272.77352499961853,20260908,a430382c61a78b49c1c6bc019f4b1be997f441d97722a369498beb01d46ea584,1.930193809117426,0.9628939529331636,1.8552240383833216,1.2259035025704057,0.5483844668123614,1.21642;1.23571;1.21686;1.23849,1.92945;1.909;1.9351;1.95358,1.0002584730039696,0.0090984796743919,0.0091763903631214,0.531212;0.561804;0.541806;0.55346,0.952536;0.954155;0.96008;0.984553,1.0001028138493646,0.0039650297709498,0.0074199906789104,4,2000,1000,5000,,,,,
performance_chasing,20260912,arm2a,meta,True,1.0073290312679073,1756.7387877194883,44,1.1483668550346515,0.5051352004421122,0.260650016053011,4.840217898101217,0.0926887987813437,2.4869313981168393,1.1410580158677992,0.2598581601958319,4.779468952960549,1000,2.9470246411349903,2.881613063270842,136.96897338884477,38.75927186265177,1.0,40.26559630792459,1.6574952294721583,276.353924036026,20260908,c501c3b7fff683202f2101241e0dbd393b7daf0746b081c8dabf7984e252d93e,1.7332388722648069,0.8501004605586348,1.6574952294721592,1.1720252556872954,0.5121952813082239,1.17109;1.14863;1.18487;1.17407,1.70799;1.72195;1.71365;1.79032,1.0003330789292584,0.0083680640340624,0.0191625035253675,0.514885;0.500157;0.522816;0.507641,0.834373;0.843839;0.848764;0.87329,1.0003000520353242,0.0044653073061829,0.0082971967503519,4,2000,1000,5000,,,,,
performance_chasing,20260912,arm2a,pla,True,1.0073290312679073,1756.7387877194883,44,1.334730165308723,0.5591119339891465,0.2898670379075693,4.873798895126474,0.0958071318991489,2.280366607677166,1.315300715931779,0.2867752375527194,4.793159886786129,1000,4.289071246287139,4.1483965207909375,209.06959513625335,54.95633407098512,1.0,60.962481595636184,1.7397659327034662,276.353924036026,20260908,c501c3b7fff683202f2101241e0dbd393b7daf0746b081c8dabf7984e252d93e,1.8035863628690845,0.8550682163874194,1.739765932703462,1.278645921971474,0.5466120253262998,1.26124;1.28706;1.29257;1.27232,1.7632;1.83178;1.78659;1.83066,1.000322801011437,0.0115173167947062,0.0169464859010547,0.538884;0.543787;0.545963;0.554318,0.84444;0.860234;0.847032;0.868528,1.0003150049368543,0.0051858340478773,0.0056671226699893,4,2000,1000,5000,,,,,
performance_chasing,20260912,arm2a,tv,True,1.0073290312679073,1756.7387877194883,44,1.1997859135985165,0.5305678894679984,0.2526076541316378,5.450535077079723,0.094348613718569,2.661016952503037,1.1883888328643273,0.2513877581442245,5.407901852996091,1000,1.6622360141231436,1.678473536204923,39.7925926648731,10.018840825125626,1.0,10.050760994499086,1.8977849829363176,276.353924036026,20260908,c501c3b7fff683202f2101241e0dbd393b7daf0746b081c8dabf7984e252d93e,1.9827295540045349,0.9897880400996713,1.8977849829363136,1.2512144002642436,0.5561270149737942,1.23387;1.26672;1.2447;1.26229,1.99936;1.95044;1.9768;2.01049,1.000152797312908,0.0109056182745682,0.0132775400101853,0.543786;0.564217;0.553241;0.565292,0.984294;0.972811;0.984917;1.01676,1.000152516197429,0.0049040864698838,0.0094398084292838,4,2000,1000,5000,,,,,
performance_chasing_0p2,20260908,arm2a,meta,True,1.0026427853362092,2238.600455750238,46,1.598692037699247,0.7370521116963895,0.3510431445889183,8.776467075844637,0.124185957773936,4.554958108910803,1.5896816678509813,0.3501209778024756,8.74033867997344,1000,2.9478910760347588,2.8820788829994513,232.82948932723468,42.20253231641495,1.0,40.18414769943393,2.6520142217254574,322.295419216156,20260908,a8575097c0423854c7c542ab9df10bee53470f739c2aeab9fe5bcadd6e35e5c3,2.826057431643621,1.44764639560443,2.6520142217254477,1.613112931815964,0.7498584934179517,1.60559;1.60878;1.60166;1.65142,2.75877;2.80856;2.73693;3.00467,1.0005619590772563,0.0181155973007659,0.061015536437934,0.749513;0.728911;0.751025;0.772172,1.41292;1.43449;1.41068;1.5325,1.0004949479146952,0.0104804630626167,0.0287898367610348,4,2000,1000,5000,,,,,
performance_chasing_0p2,20260908,arm2a,pla,True,1.0026427853362092,2238.600455750238,46,1.6326836557085165,0.7428592443946722,0.3239906490234576,7.450650583813309,0.1153186143841865,4.037625513177375,1.6186210890268502,0.3198904468344841,7.404049630500567,1000,4.307901253181339,4.152985841163127,323.8038338605224,63.26671000438289,1.0,60.38185121146715,2.502132279351295,322.295419216156,20260908,a8575097c0423854c7c542ab9df10bee53470f739c2aeab9fe5bcadd6e35e5c3,2.6187432403298776,1.3399207231175243,2.502132279351306,1.7075272921833222,0.7899904676065332,1.74762;1.70899;1.6811;1.69768,2.65685;2.62441;2.48366;2.70114,1.0008404376268984,0.0267245516707359,0.0469941666797443,0.81185;0.790632;0.762619;0.794359,1.37574;1.34367;1.26477;1.37502,1.0011250751825893,0.0111640637635924,0.0261040618838944,4,2000,1000,5000,,,,,
performance_chasing_0p2,20260908,arm2a,tv,True,1.0026427853362092,2238.600455750238,46,1.2149125947506183,0.5461399925323334,0.2742876692759224,6.042747753621562,0.1045536507055484,2.997999906959577,1.2009095714129598,0.2729658446794847,5.983500999909713,1000,1.6632191141250114,1.6784918424104216,40.933760663794054,9.9511590996577,1.0,9.990275691852602,1.955013133197817,322.295419216156,20260908,a8575097c0423854c7c542ab9df10bee53470f739c2aeab9fe5bcadd6e35e5c3,2.052698870054267,1.024336177633796,1.955013133197832,1.271018482324037,0.5698944258120284,1.28673;1.26677;1.2653;1.26508,2.06003;1.99941;2.00444;2.1455,1.000258669544109,0.0105618855964341,0.0339526668323813,0.568405;0.576013;0.567877;0.569144,1.02149;0.995198;1.00749;1.07306,1.0004587371720288,0.0047546407689837,0.0171136473765044,4,2000,1000,5000,,,,,
performance_chasing_0p2,20260909,arm2a,meta,True,1.0026141452301616,2862.865374356471,49,1.255205012755469,0.5723873123874983,0.2697446092627379,5.705512117442412,0.0937193655771679,2.62959431709652,1.247213983947367,0.2656586012320437,5.663372558020776,1000,2.947537489551566,2.880446927917512,148.64805504484383,39.458463576432166,1.0,40.46885274436602,1.7900473909558663,353.54667925834656,20260908,83b838ed2b24988ae89d3776e23974642b766c2549af9ec03c1d6efd3d5bfbe7,1.85979039316454,0.9181400684353108,1.790047390955862,1.240003347228648,0.5466553396281187,1.22154;1.22584;1.24605;1.26342,1.82573;1.83101;1.84503;1.93812,1.0001530040422866,0.0100618549603468,0.0263660336404247,0.554778;0.532179;0.553668;0.552704,0.902246;0.897946;0.922106;0.95003,1.0001717869206208,0.0060279380320423,0.0118782909444843,4,2000,1000,5000,,,,,
performance_chasing_0p2,20260909,arm2a,pla,True,1.0026141452301616,2862.865374356471,49,1.6247184910283832,0.7003330031410873,0.3501492734247524,7.115366576312372,0.1288775168244995,3.7535814795188753,1.609998710119313,0.3447925122372351,7.102338461660368,1000,4.306870018263159,4.147058933338421,302.73793973309586,62.72901353515712,1.0,61.130831894391655,2.3367457190135767,353.54667925834656,20260908,83b838ed2b24988ae89d3776e23974642b766c2549af9ec03c1d6efd3d5bfbe7,2.4441976225886104,1.2378677334202697,2.3367457190135736,1.5968105574030134,0.7272949326554868,1.54156;1.65379;1.59269;1.60721,2.31366;2.55115;2.38639;2.52245,1.0012230246212963,0.0205908927224239,0.0562303661542189,0.701526;0.756362;0.718811;0.739544,1.1761;1.29411;1.20651;1.27468,1.0015799520113835,0.0113690028639225,0.027861819057804,4,2000,1000,5000,,,,,
performance_chasing_0p2,20260909,arm2a,tv,True,1.0026141452301616,2862.865374356471,49,1.1656394049022905,0.5012592947033268,0.2537344771025431,5.120446969013676,0.0923304199584049,2.495127127117759,1.159845211349152,0.2506770690294564,5.071004891217872,1000,1.663871333939262,1.6785063568927887,37.363559564725065,9.702993458732312,1.0,9.942057709390667,1.8216953686118416,353.54667925834656,20260908,83b838ed2b24988ae89d3776e23974642b766c2549af9ec03c1d6efd3d5bfbe7,1.901932412645125,0.9393937255831436,1.8216953686118424,1.2262035497967725,0.5447054246744556,1.21393;1.25245;1.20099;1.23507,1.88332;1.90702;1.87177;1.94362,1.000263578022049,0.0097974456914855,0.015860406870228,0.545082;0.558322;0.534728;0.544169,0.932542;0.937164;0.923763;0.964083,1.0001052472456826,0.0053433010316605,0.0086881248927386,4,2000,1000,5000,,,,,
performance_chasing_0p2,20260910,arm2a,meta,True,1.0079670334233746,1509.913333978344,44,1.597900204144766,0.7421594881103826,0.304737630156156,8.88078926808563,0.1184000301347653,4.651084255307834,1.586920323027913,0.3038276446075524,8.807038469126482,1000,2.9477419815247665,2.8820106347014613,225.5664847454473,41.666362575161976,1.0,40.19609013929927,2.5719627301437,245.11833882331848,20260908,99001afc6955d80affa8fb73349b7cc307814698169638376b8936a6cdced9fc,2.755432768820525,1.4024605575205775,2.5719627301436927,1.5754179303108249,0.717803957475555,1.60406;1.5764;1.55195;1.56914,2.82145;2.83483;2.58721;2.78003,1.0002113451720536,0.0174414454184581,0.0574215138567562,0.737354;0.700045;0.71186;0.725515,1.43765;1.43695;1.32483;1.41036,1.0002110882111777,0.0098136201951548,0.0266397716278276,4,2000,1000,5000,,,,,
performance_chasing_0p2,20260910,arm2a,pla,True,1.0079670334233746,1509.913333978344,44,1.4030808353602704,0.6350291013945395,0.2940448451647185,6.1641516473498,0.0990034638585585,3.202864509528734,1.3936784121814711,0.292354370677187,6.142344224848399,1000,4.308050086814237,4.157894525515403,251.21942934625685,59.49668360710053,1.0,59.75553022885677,2.025348123331154,245.11833882331848,20260908,99001afc6955d80affa8fb73349b7cc307814698169638376b8936a6cdced9fc,2.106622772570352,1.0510250909566974,2.025348123331159,1.418089925085191,0.6324832849807087,1.41753;1.42978;1.40348;1.41511,2.07144;2.1799;2.0289;2.14828,1.0005011518185372,0.0174359191839272,0.03462007626722,0.624963;0.646495;0.621272;0.639298,1.03692;1.08157;1.01159;1.07397,1.0005033598311983,0.0080248179134911,0.0163636536981402,4,2000,1000,5000,,,,,
performance_chasing_0p2,20260910,arm2a,tv,True,1.0079670334233746,1509.913333978344,44,1.155134082423506,0.5097637753757689,0.2394148697170213,4.853553269411115,0.0922024046246462,2.5795673193213697,1.1511441630299135,0.2374441117954877,4.81884316361698,1000,1.6637237923184611,1.6784783898520508,38.85435186221308,10.039627895715276,1.0,10.034759555097704,1.856200262286773,245.11833882331848,20260908,99001afc6955d80affa8fb73349b7cc307814698169638376b8936a6cdced9fc,1.9355186780874627,0.9679940376452558,1.8562002622867824,1.245014181046496,0.5559217607125904,1.2452;1.24865;1.21928;1.25827,1.93805;1.91841;1.90289;1.98276,1.000129402822302,0.0078093218154936,0.0173098376543535,0.539826;0.567881;0.548213;0.567669,0.95833;0.954821;0.956626;1.00192,1.0000674651968655,0.005024796642313,0.0113546617786459,4,2000,1000,5000,,,,,
performance_chasing_0p2,20260911,arm2a,meta,True,1.0046440271857309,1237.3722289090713,43,1.3369184081920849,0.6007636781893375,0.2959995696394983,6.804614957109551,0.1004695214220627,3.7098395209802746,1.33108544885132,0.2951840188525472,6.786344560585985,1000,2.9492075194394087,2.883195957737079,178.94697074836478,40.282720998396854,1.0,39.98822300208582,2.1217450560364584,209.51844215393064,20260908,64f0c1b008e42ab4f567f11ac988eb21cb8301e94451af7e2764e59e366a4e9f,2.229286985179703,1.1187328988142338,2.1217450560364575,1.3920116208414095,0.6302155057965612,1.3791;1.38885;1.37017;1.44141,2.16299;2.3005;2.11335;2.33919,1.0009892131861022,0.0131795593574194,0.0539958045884718,0.623307;0.624261;0.623497;0.647231,1.07328;1.15276;1.06624;1.18241,1.0011603004784442,0.0073477640807476,0.0289172836843609,4,2000,1000,5000,,,,,
performance_chasing_0p2,20260911,arm2a,pla,True,1.0046440271857309,1237.3722289090713,43,1.2351722333987225,0.5368235944999948,0.2935288988067265,5.636889073554961,0.1062380532397651,2.568968151196211,1.2245904187226302,0.2923690240010272,5.629509453443782,1000,4.308806021883551,4.158648293454925,213.60509696125268,57.94961384352554,1.0,59.65885898864784,1.764775222566842,209.51844215393064,20260908,64f0c1b008e42ab4f567f11ac988eb21cb8301e94451af7e2764e59e366a4e9f,1.816239015925884,0.894921491256271,1.7647752225668305,1.248888793140627,0.5551847342655436,1.227;1.25679;1.25138;1.25918,1.79065;1.87214;1.78037;1.82956,1.0005811734615488,0.013127067472202,0.0208740174415136,0.546536;0.557258;0.555157;0.561364,0.885431;0.912305;0.876001;0.905697,1.0006939656108038,0.0060284661877794,0.0084967202097027,4,2000,1000,5000,,,,,
performance_chasing_0p2,20260911,arm2a,tv,True,1.0046440271857309,1237.3722289090713,43,1.170230570348338,0.528303672709356,0.2531798509325714,5.861655144338375,0.0940744829153737,2.818858021976798,1.1585117316269429,0.2517336288349847,5.814682359547245,1000,1.6625159964527418,1.678468232672954,38.54190934985689,9.983026474026529,1.0,10.068216542636993,1.8427524849442076,209.51844215393064,20260908,64f0c1b008e42ab4f567f11ac988eb21cb8301e94451af7e2764e59e366a4e9f,1.922170576548634,0.9570020065919312,1.842752484944208,1.2299666763306836,0.5463937563430578,1.22806;1.2374;1.21524;1.2397,1.94498;1.88132;1.9142;1.94611,1.0004679973648287,0.009330158164823,0.0153422774445613,0.54306;0.552376;0.539811;0.552099,0.960726;0.934928;0.952329;0.979848,1.0002343619418683,0.0040456200228248,0.0093315034718866,4,2000,1000,5000,,,,,
performance_chasing_0p2,20260912,arm2a,meta,True,1.002650852072823,1745.129176829616,43,1.1075273296093835,0.4878024529146841,0.2780720304301601,5.1213599468610695,0.0920070719366444,2.4375342079071536,1.1006159517795573,0.276714105069543,5.075275761748012,1000,2.9470246411349903,2.881613063270842,134.54867661508527,38.27569287937178,1.0,40.26559630792459,1.641771462946625,232.18784093856812,20260908,8e0d112f7807c9bb05e3b85e0740c8399edd2e2ca3dc74bfcbff64f4e5256c4f,1.713094832123634,0.8348461365762471,1.6417714629466271,1.1584403155039456,0.504875194682203,1.14936;1.14918;1.15196;1.19279,1.67672;1.6947;1.70666;1.77949,1.0001727952474349,0.0090331726962603,0.0225547002481603,0.505474;0.502283;0.509864;0.504529,0.815001;0.821001;0.835782;0.867418,1.0002469703573005,0.0041596303029041,0.0117165546745406,4,2000,1000,5000,,,,,
performance_chasing_0p2,20260912,arm2a,pla,True,1.002650852072823,1745.129176829616,43,1.2671408716167414,0.5279995085547817,0.2840377607622055,4.778742847821762,0.0976255211870155,2.2887891037426815,1.2635452903603133,0.2818521937124447,4.701825426808879,1000,4.307519675928645,4.150971825556385,207.5338742765445,58.387097530674026,1.0,60.637239224568425,1.683284528347155,232.18784093856812,20260908,8e0d112f7807c9bb05e3b85e0740c8399edd2e2ca3dc74bfcbff64f4e5256c4f,1.743625546961123,0.8553312533130767,1.683284528347161,1.2200305751399092,0.5304435274514963,1.20871;1.21682;1.24873;1.20757,1.72983;1.78266;1.7221;1.74035,1.000156700895724,0.0117792541616185,0.0135040882962426,0.530976;0.532169;0.53271;0.524062,0.849545;0.870682;0.845927;0.855143,1.0003597673166895,0.00545081397044,0.0054589301949931,4,2000,1000,5000,,,,,
performance_chasing_0p2,20260912,arm2a,tv,True,1.002650852072823,1745.129176829616,43,1.1679679511396788,0.5245519302564527,0.2356570366018409,5.60775295364012,0.0903966770595397,2.794602748964479,1.161462268540587,0.233934487435192,5.544796235830488,1000,1.6622360141231436,1.678473536204923,40.20428357703294,9.97456115971713,1.0,10.050760994499086,1.918968902241972,232.18784093856812,20260908,8e0d112f7807c9bb05e3b85e0740c8399edd2e2ca3dc74bfcbff64f4e5256c4f,2.007672249535729,1.0000163561866722,1.9189689022419756,1.2474545180967354,0.5549353488661655,1.25163;1.26628;1.23542;1.24172,1.97421;1.97822;2.02419;2.06367,1.0001761652325578,0.0085281526515305,0.0211601696232896,0.548724;0.566284;0.545461;0.562119,0.973828;0.978908;1.00841;1.03864,1.0002195033869203,0.0045446969908415,0.0149825828113762,4,2000,1000,5000,,,,,
performance_chasing_0p4,20260908,arm2a,meta,True,1.006676712018935,1522.1846707861632,46,1.553173057302569,0.7338714398205579,0.2884071477435915,8.312040659884468,0.1172180043479977,4.615862172222122,1.5507561588309136,0.28703824518882,8.290297100729767,1000,2.9478910760347588,2.8820788829994513,218.80805464755025,42.018909669655905,1.0,40.18414769943393,2.5049744430249277,268.1871111392975,20260908,424f580b67c5a5878015206b6f5736f65aae2caece5a37653e0b17062279197f,2.661799471339698,1.3606052547434628,2.504974443024935,1.5768825108522335,0.7292826375612387,1.57917;1.60127;1.5541;1.57588,2.65024;2.69091;2.58121;2.72185,1.0000763731091835,0.0192282225962764,0.0303859308761518,0.733034;0.722669;0.72639;0.737559,1.35342;1.37007;1.32649;1.39232,0.9999607764795496,0.0093132857271353,0.0138781819312202,4,2000,1000,5000,,,,,
performance_chasing_0p4,20260908,arm2a,pla,True,1.006676712018935,1522.1846707861632,46,1.5029004585693293,0.6856775302813312,0.3043755752552417,5.813377765763543,0.1035542373728434,3.085836665570504,1.4843623342488412,0.3021039720998216,5.769968720833895,1000,4.304333309213812,4.151851181533493,265.77435209176366,59.812953819597645,1.0,60.5258444225725,2.121485768476392,268.1871111392975,20260908,424f580b67c5a5878015206b6f5736f65aae2caece5a37653e0b17062279197f,2.2085508246219865,1.097733654859556,2.1214857684764006,1.517016674776376,0.6854034758269814,1.49141;1.57219;1.487;1.5177,2.17011;2.2799;2.18915;2.19757,1.0005667968617893,0.0187083760555226,0.0242615427871068,0.66998;0.704603;0.68053;0.693032,1.08381;1.13209;1.08463;1.09035,1.00051809726166,0.0083237845912041,0.0115495498619675,4,2000,1000,5000,,,,,
performance_chasing_0p4,20260908,arm2a,tv,True,1.006676712018935,1522.1846707861632,46,1.2402844965432995,0.5515756086187635,0.2462853511777261,5.6416089715996005,0.0951473947782642,2.8992170317141697,1.2360443860934027,0.2442913059132911,5.602682698437667,1000,1.6632191141250114,1.6784918424104216,40.838270769027964,9.905608665000411,1.0,9.990275691852602,1.9579655797568656,268.1871111392975,20260908,424f580b67c5a5878015206b6f5736f65aae2caece5a37653e0b17062279197f,2.052598921292055,1.0219320411738622,1.957965579756857,1.2779740442402496,0.5727356799474002,1.28648;1.25481;1.26919;1.29277,2.07964;2.01491;1.99854;2.11144,1.0001948276563009,0.0111024613982567,0.0266583201185242,0.569843;0.574387;0.573869;0.572962,1.02739;0.999262;1.00405;1.05686,1.0002671966577286,0.0052342788315093,0.0131761030185368,4,2000,1000,5000,,,,,
performance_chasing_0p4,20260909,arm2a,meta,True,1.0105481959302258,2023.2206302074471,47,1.3304276301349405,0.6044372673286937,0.2684947743857865,5.672538358088567,0.0949031633217776,2.7787660970705237,1.3202128668491264,0.2679450366318799,5.651070210903162,1000,2.947537489551566,2.880446927917512,149.52817570147536,39.49368047795423,1.0,40.46885274436602,1.7941000858334646,312.9903268814087,20260908,ebb2b5ecfedb18fd719a967f28f7b2b589e64fb55e05dbf939750d9f625e77ed,1.869977971880173,0.9235864564985276,1.7941000858334717,1.24706841408059,0.555175483392059,1.22465;1.25248;1.25436;1.25318,1.82564;1.86042;1.85883;1.93892,1.000035670783762,0.0108520923598942,0.024032167785999,0.547284;0.54795;0.57189;0.555583,0.894551;0.926241;0.923184;0.950125,1.0001104400096064,0.0052400782334003,0.0113817718818653,4,2000,1000,5000,,,,,
performance_chasing_0p4,20260909,arm2a,pla,True,1.0105481959302258,2023.2206302074471,47,1.89433252830249,0.863024205327068,0.3458034728206163,7.830989631323903,0.1287549441381236,4.204414028114175,1.8833624575549992,0.3439559076066266,7.752823530032043,1000,4.304740127703357,4.1468976208386525,373.30074288179463,65.34172709059834,1.0,61.15110842883621,2.8221937698759563,312.9903268814087,20260908,ebb2b5ecfedb18fd719a967f28f7b2b589e64fb55e05dbf939750d9f625e77ed,2.951161157458915,1.5244655288951865,2.82219376987596,1.9515932646068213,0.9107614066605356,1.87051;2.00908;1.93626;2.01213,2.81667;3.003;2.9763;3.00593,1.000557776091713,0.0295917178945924,0.045096444894503,0.864922;0.931241;0.911699;0.937422,1.45781;1.55493;1.53138;1.55361,1.0006944129370277,0.0151323309429095,0.0228550781957999,4,2000,1000,5000,,,,,
performance_chasing_0p4,20260909,arm2a,tv,True,1.0105481959302258,2023.2206302074471,47,1.1327556603836637,0.5041264662787487,0.2466828982239468,5.316646577815125,0.1070217091714272,2.816378573851984,1.1291175866860588,0.2456275811664318,5.2924715297937315,1000,1.663871333939262,1.6785063568927887,37.41965546736149,9.72143135557234,1.0,9.942057709390667,1.8265454602323168,312.9903268814087,20260908,ebb2b5ecfedb18fd719a967f28f7b2b589e64fb55e05dbf939750d9f625e77ed,1.903001819450087,0.9408249748250308,1.8265454602323337,1.2255590909832077,0.5435058864024844,1.19877;1.24535;1.19605;1.25135,1.87334;1.91949;1.84746;1.97161,1.000119824229884,0.0086979760480941,0.0273001497174492,0.529593;0.557544;0.534366;0.552828,0.922599;0.94904;0.919782;0.971813,1.0001952585233844,0.0048107638267418,0.0122568372366858,4,2000,1000,5000,,,,,
performance_chasing_0p4,20260910,arm2a,meta,True,1.0034502493533206,1300.0612341506671,45,1.561779074654376,0.710581833402256,0.3088647485641474,7.958877762635822,0.1090170307413341,4.166466933111459,1.5466490510176572,0.3075359166981765,7.937661736516747,1000,2.9477419815247665,2.8820106347014613,214.5045986900095,41.356131823150264,1.0,40.19609013929927,2.4642619851967136,205.48499989509585,20260908,6d0178d1ce1a72e010e3efa7d3d5ad1e65897c9e3c326ea7f44b4110ca01a763,2.6302728917524463,1.3338436413999342,2.464261985196716,1.5540897426586846,0.7017063191234796,1.52864;1.56659;1.55252;1.57185,2.60424;2.69117;2.61366;2.61316,1.0002343261318225,0.0181600675676407,0.0203204552790854,0.695273;0.702649;0.705693;0.707056,1.31218;1.36466;1.33066;1.3278,1.0001312654361565,0.0089588599115885,0.0110516389624552,4,2000,1000,5000,,,,,
performance_chasing_0p4,20260910,arm2a,pla,True,1.0034502493533206,1300.0612341506671,45,1.3859302866674257,0.5875515195671375,0.310636490700594,5.560777398455891,0.1072321924943302,2.7288100827627213,1.3706616430720424,0.3088845698416974,5.530884879914955,1000,4.304612490987234,4.156923498117047,233.2274061778389,57.29323673137033,1.0,59.87986939480781,1.9167735524716412,205.48499989509585,20260908,6d0178d1ce1a72e010e3efa7d3d5ad1e65897c9e3c326ea7f44b4110ca01a763,1.990451682032628,0.9732559244085331,1.9167735524716365,1.3676504998734205,0.6045107577568054,1.34952;1.40982;1.38528;1.33388,1.93951;2.08062;1.98916;1.95393,1.0005797170665276,0.0136861665976372,0.0317021745164696,0.599348;0.61095;0.598462;0.607174,0.956601;1.00617;0.970684;0.959332,1.0006191605027073,0.007093904510605,0.0114065111612478,4,2000,1000,5000,,,,,
performance_chasing_0p4,20260910,arm2a,tv,True,1.0034502493533206,1300.0612341506671,45,1.2531552580545573,0.5488171838622555,0.2460779340413681,5.792499893544209,0.1020735355035896,2.903686700100744,1.238562688576975,0.2429789707436744,5.765216272114695,1000,1.6637237923184611,1.6784783898520508,40.402036167564106,10.0786361116859,1.0,10.034759555097704,1.9150529158971443,205.48499989509585,20260908,6d0178d1ce1a72e010e3efa7d3d5ad1e65897c9e3c326ea7f44b4110ca01a763,2.008712841774714,1.006547386174867,1.9150529158971397,1.2615881005041103,0.568187712721137,1.25173;1.27636;1.25113;1.26574,1.9753;2.01031;2.02377;2.02961,1.000290587843795,0.011154702999689,0.0121740201432781,0.555016;0.578696;0.561561;0.576039,0.988378;1.001;1.00951;1.02715,0.9999998649405408,0.0050948011590427,0.0081352192519573,4,2000,1000,5000,,,,,
performance_chasing_0p4,20260911,arm2a,meta,True,1.0031552958369645,1363.9015251092023,43,1.3504457044268627,0.6031843684992673,0.2921887023851482,7.177371437060382,0.0936736389675759,3.630509342217298,1.344291926767136,0.2914816919589488,7.137275007892415,1000,2.9492075194394087,2.883195957737079,180.91481736463317,40.17810270599166,1.0,39.98822300208582,2.1449828122301997,211.44211602211,20260908,4a97613a1cc01ec6dc543101b649eb2d609f27fc33fc27d9a0afc888dcbef7ad,2.256743286743955,1.1310442755211858,2.144982812230199,1.3959680143037885,0.6307737195570797,1.3629;1.40218;1.39765;1.42641,2.20932;2.29105;2.18072;2.34458,1.0006054972854412,0.0131511824962637,0.0375497653770611,0.625788;0.625133;0.630741;0.64333,1.09655;1.14835;1.099;1.18012,1.0005567997485003,0.0060487885630923,0.0202580212507572,4,2000,1000,5000,,,,,
performance_chasing_0p4,20260911,arm2a,pla,True,1.0031552958369645,1363.9015251092023,43,1.2714568756219504,0.5474191707371276,0.2978758335265984,5.538525078008807,0.1067234118253101,2.611576842617376,1.2597400701597272,0.2967610746649466,5.482784748846175,1000,4.306310813522697,4.158593893330555,214.44694083709172,56.90317472070062,1.0,59.66584030184274,1.791892804417907,211.44211602211,20260908,4a97613a1cc01ec6dc543101b649eb2d609f27fc33fc27d9a0afc888dcbef7ad,1.839656454123934,0.8980284588414632,1.7918928044179,1.2645338437174685,0.5572318926251576,1.26297;1.2499;1.26561;1.28118,1.80422;1.90128;1.78842;1.86866,1.0004238139884978,0.011810569680508,0.0266391930299762,0.543087;0.55463;0.559095;0.571421,0.883462;0.913526;0.87563;0.919121,1.000663123192493,0.0069454561937983,0.0107969773157337,4,2000,1000,5000,,,,,
performance_chasing_0p4,20260911,arm2a,tv,True,1.0031552958369645,1363.9015251092023,43,1.1423987119940202,0.5050486094966367,0.2489005160025812,5.195805719423827,0.0946369922918985,2.8614446257716883,1.1346577826263309,0.2481246422718312,5.169881390960839,1000,1.6625159964527418,1.678468232672954,38.80435250448897,10.033818040976564,1.0,10.068216542636993,1.851976807737518,211.44211602211,20260908,4a97613a1cc01ec6dc543101b649eb2d609f27fc33fc27d9a0afc888dcbef7ad,1.930369403310093,0.9635330848092004,1.8519768077375185,1.2352827419565564,0.5476170459851085,1.23867;1.24443;1.22405;1.23394,1.97141;1.88335;1.90575;1.96397,1.000205257806512,0.0091002262326032,0.021656754715915,0.541864;0.551808;0.543737;0.552524,0.98129;0.937699;0.947075;0.987971,1.0001257420589167,0.0047693476473676,0.0124189265750259,4,2000,1000,5000,,,,,
performance_chasing_0p4,20260912,arm2a,meta,True,1.0117516007976053,1544.9197101902057,43,1.094240904928653,0.5020756891717664,0.2673743120965733,4.982123538070991,0.0885296112860102,2.519334646332396,1.0851186050187502,0.2649109569028435,4.965521151100722,1000,2.9470246411349903,2.881613063270842,133.75317522536108,38.41847618088832,1.0,40.26559630792459,1.630036967261429,225.1974856853485,20260908,da8878a0695c1cd126b8071aa20b1f6a73c5aae28cef2515bebe688a133650bb,1.6998761120858066,0.8299856378559937,1.6300369672614297,1.1487185214165012,0.5017650937209994,1.1515;1.12811;1.1373;1.17125,1.67386;1.72596;1.66315;1.73669,1.0000479086356877,0.0079952805131277,0.0183974305355903,0.502509;0.494188;0.50354;0.50483,0.81113;0.846583;0.81608;0.846062,1.0002454928423918,0.0043240602005761,0.0094992643135665,4,2000,1000,5000,,,,,
performance_chasing_0p4,20260912,arm2a,pla,True,1.0117516007976053,1544.9197101902057,43,1.353867091290874,0.5684826192429027,0.3029343706489924,5.127951055703989,0.0999371673711912,2.5748928048274355,1.344725526620035,0.3010789144408568,5.098907991658083,1000,4.303968239702088,4.150114685225446,219.3151435074238,58.271797742678494,1.0,60.74565334825767,1.7788882453239936,225.1974856853485,20260908,da8878a0695c1cd126b8071aa20b1f6a73c5aae28cef2515bebe688a133650bb,1.8427141692007372,0.9022060770160396,1.778888245323998,1.281077168860309,0.5585397419213067,1.28649;1.27233;1.29879;1.26616,1.85422;1.86456;1.80929;1.844,1.0004389068474708,0.0112438421596062,0.0119995702969297,0.563582;0.549166;0.567848;0.550974,0.911728;0.912964;0.885536;0.898535,1.00063385542026,0.0060477823265185,0.0064404712461915,4,2000,1000,5000,,,,,
performance_chasing_0p4,20260912,arm2a,tv,True,1.0117516007976053,1544.9197101902057,43,1.1668587477937609,0.5184117951182632,0.2462180572555328,5.247532759485488,0.0962803379819648,2.538612504416197,1.1584560543244682,0.2441181458212117,5.163928235060921,1000,1.6622360141231436,1.678473536204923,39.82922390618729,9.938369857008624,1.0,10.050760994499086,1.9039524523711853,225.1974856853485,20260908,da8878a0695c1cd126b8071aa20b1f6a73c5aae28cef2515bebe688a133650bb,1.9925440581716496,0.9906703799992532,1.9039524523711857,1.2542353466316103,0.5539253733078755,1.26014;1.25492;1.2485;1.25403,1.98531;1.9549;1.96019;2.07185,1.000014229119338,0.0088238489525164,0.0270870766436832,0.538814;0.566826;0.546572;0.565421,0.979694;0.97279;0.972176;1.03789,1.0000531028478743,0.0051312558767008,0.0158427988724944,4,2000,1000,5000,,,,,
tv_bursts,20260908,arm2a,meta,True,1.019244499196904,977.967305636916,46,1.5691610649994143,0.745599453418166,0.2991795236867325,9.24658702289441,0.1039104334648943,4.896347583030062,1.5624505071703965,0.2966709098770151,9.162012847885052,1000,2.9478910760347588,2.8820788829994513,238.60726089489165,42.33114522691448,1.0,40.18414769943393,2.695330319282503,232.8759078979492,20260908,4415bca36729f1ecc65ae1d232519ea12db60f78fd02fe8dc82d66c703ef5510,2.891673196965658,1.4834563872801176,2.6953303192824913,1.598184609999186,0.7348041656248763,1.57074;1.60727;1.552;1.66187,2.6506;2.74788;2.54835;3.6026,1.002836986810339,0.0211075302935982,0.2418672601148818,0.738391;0.725605;0.715864;0.766587,1.34784;1.40549;1.31278;1.86692,1.0033436383950936,0.0103943009879134,0.1293063582703213,4,2000,1000,5000,,,,,
tv_bursts,20260908,arm2a,pla,True,1.019244499196904,977.967305636916,46,1.6158904118033988,0.7045386096834001,0.314506131184693,7.5155890967995616,0.1279289187964568,4.118052229356316,1.6033461324837754,0.3124200630757864,7.493451060752684,1000,4.309408624341329,4.154118209407462,320.99881149651407,64.761261330714,1.0,60.237858000361825,2.4348907076817117,232.8759078979492,20260908,4415bca36729f1ecc65ae1d232519ea12db60f78fd02fe8dc82d66c703ef5510,2.5680085844949714,1.3304691770340216,2.4348907076817152,1.6609276073407635,0.7725107154160051,1.66609;1.64316;1.61865;1.71604,2.57475;2.58029;2.48031;2.64002,1.0008535224087305,0.025856347625911,0.0330023504783634,0.754201;0.748749;0.767206;0.809469,1.33046;1.33287;1.28768;1.37094,1.001361270712421,0.0144182109649844,0.0170156504174628,4,2000,1000,5000,,,,,
tv_bursts,20260908,arm2a,tv,True,1.019244499196904,977.967305636916,46,1.5380707324111966,0.3946990285191499,0.3224637535197626,6.243109597285922,0.0597655508808553,1.5885628543352173,1.2479222261189613,0.2637189212779484,5.30363269736426,1000,1.5611617572810204,1.6686396936866597,84.44852377266888,10.123086615555174,1.0,27.47267302660226,1.804471392284391,232.8759078979492,20260908,4415bca36729f1ecc65ae1d232519ea12db60f78fd02fe8dc82d66c703ef5510,2.246224695988688,0.6048215940657151,1.804471392284392,1.6207608608831725,0.4017686430060843,1.6081;1.60922;1.57688;1.68659,2.22234;2.22437;2.20679;2.33143,1.001296564479785,0.0164997839746706,0.0286686118452841,0.392101;0.406566;0.392151;0.417744,0.598156;0.601868;0.590323;0.628907,1.0013369450308214,0.0043561606856197,0.0083839549309844,4,2000,1000,5000,,,,,
tv_bursts,20260909,arm2a,meta,True,1.0021622054574202,3194.067532654896,50,1.1643188635440986,0.5277268727727854,0.2411625537403616,4.9702341379761235,0.0988776447455821,2.5219011318174456,1.1547877892284129,0.240639560458341,4.933183256320635,1000,2.947537489551566,2.880446927917512,142.35567901605864,39.09155160834667,1.0,40.46885274436602,1.7155887213556682,393.88055396080017,20260908,b93190b855545943d98a3537562142d3f2647334eacf8d834fa3a894422a8fc5,1.7892779728086552,0.8791515448637838,1.7155887213556664,1.2024136117740942,0.5263814566787968,1.19928;1.18942;1.23511;1.18847,1.77456;1.76926;1.81665;1.79956,1.000138991893972,0.0094687318960159,0.0110688674643796,0.514519;0.520353;0.547892;0.524265,0.86327;0.866873;0.899686;0.886577,1.0001096011872257,0.0050580926670129,0.0085623405777514,4,2000,1000,5000,,,,,
tv_bursts,20260909,arm2a,pla,True,1.0021622054574202,3194.067532654896,50,1.8218442501232488,0.8163104201909919,0.3546787439164011,8.65657690802776,0.1288173137760537,4.4448775563755865,1.809487515048818,0.3499639318686905,8.599933116863857,1000,4.307344100278896,4.147220200695105,363.468866904917,67.33717078188428,1.0,61.11055535994707,2.685374912182015,393.88055396080017,20260908,b93190b855545943d98a3537562142d3f2647334eacf8d834fa3a894422a8fc5,2.8297026177293043,1.4834374619678483,2.6853749121820227,1.779930543763875,0.8420190577558699,1.69922;1.81464;1.83688;1.7687,2.709;2.86294;2.89228;2.85465,1.0006521725395483,0.0254906010765347,0.0410405337965065,0.821596;0.867568;0.846178;0.836922,1.41919;1.50826;1.51151;1.49474,1.0005814375250226,0.0119046207713671,0.0217177787435876,4,2000,1000,5000,,,,,
tv_bursts,20260909,arm2a,tv,True,1.0021622054574202,3194.067532654896,50,2.010510042870415,0.5568138808248492,0.4150888843358412,8.146681944363994,0.0775204632266655,2.5149039944046776,1.6330443177937868,0.3332811990439678,6.398328461010097,1000,1.5644408725123478,1.6691579947055617,111.89329709162274,11.127087917173174,1.0,26.83587652394724,2.329922966356556,393.88055396080017,20260908,b93190b855545943d98a3537562142d3f2647334eacf8d834fa3a894422a8fc5,2.9474330769180677,0.8639037447050476,2.329922966356538,2.0405978038254893,0.5473916046587316,2.03062;2.05492;2.04953;2.03468,2.96777;2.96132;2.95704;2.90338,1.000084447157755,0.0211613067250562,0.0148298455788556,0.547293;0.548787;0.539165;0.556538,0.874267;0.854429;0.874859;0.852023,1.0000556531312006,0.0068397475822805,0.0061802400810972,4,2000,1000,5000,,,,,
tv_bursts,20260910,arm2a,meta,True,1.0177098839756278,1239.3580050018438,47,1.6286559692452407,0.7579325787928982,0.2981795614365999,9.437563841550208,0.1132623661100736,5.108087066280333,1.6223340471970689,0.2968728182946605,9.405734813643436,1000,2.9477419815247665,2.8820106347014613,235.76449711744712,41.73948853818034,1.0,40.19609013929927,2.683236553361975,212.22925209999084,20260908,db50cbb7b15b71cd181a78ef74133900780ef04a46ed0fdf2dcbd6114843bf5c,2.8774373834043367,1.465819451224364,2.6832365533619695,1.6020914848518186,0.7369275917155932,1.59954;1.59135;1.58028;1.64568,2.82169;2.86169;2.81651;3.00539,1.0004728180673672,0.0209661784322545,0.0441921610275184,0.736394;0.720749;0.730919;0.761679,1.42684;1.45563;1.44001;1.54054,1.0006120235862486,0.0105780269177921,0.0256132247844791,4,2000,1000,5000,,,,,
tv_bursts,20260910,arm2a,pla,True,1.0177098839756278,1239.3580050018438,47,1.421701552084131,0.6297112834374726,0.3255997762445981,6.5030132737625035,0.1124513938190414,3.359616974118697,1.410611370008481,0.3227213728991615,6.469436681943902,1000,4.309503497520344,4.158863835444871,272.94544188362016,60.46330032213647,1.0,59.63119106290575,2.165149727616608,212.22925209999084,20260908,db50cbb7b15b71cd181a78ef74133900780ef04a46ed0fdf2dcbd6114843bf5c,2.2727557170670987,1.1442515825170998,2.1651497276166154,1.4832935668191656,0.668636395783792,1.47815;1.51692;1.45776;1.48519,2.29832;2.33308;2.20519;2.25363,1.0001750015255368,0.0186624105489642,0.0277236924697978,0.667373;0.672176;0.653743;0.677407,1.15699;1.16976;1.11875;1.1314,1.0003536449904755,0.0091282687169534,0.0116484622955817,4,2000,1000,5000,,,,,
tv_bursts,20260910,arm2a,tv,True,1.0177098839756278,1239.3580050018438,47,1.3988034688076565,0.3605683474282027,0.2828053694400305,5.951950754574201,0.0545333967682844,1.5792421253939255,1.1565202728700266,0.2309844598435682,4.997983474406638,1000,1.5626211877353788,1.6684767320221985,77.77010131238055,10.125861470894362,1.0,27.66991678782274,1.6609482028991265,212.22925209999084,20260908,db50cbb7b15b71cd181a78ef74133900780ef04a46ed0fdf2dcbd6114843bf5c,2.057639897769373,0.5512620094986899,1.6609482028991307,1.478886953557697,0.3608840778516681,1.48068;1.48876;1.45069;1.47961,2.0762;2.0562;2.03779;2.06229,1.000039941493777,0.0088140714751481,0.0079637992931063,0.3635;0.364193;0.350935;0.363251,0.557027;0.548011;0.545263;0.553845,1.0000416846165523,0.0038929548181765,0.002681123604924,4,2000,1000,5000,,,,,
tv_bursts,20260911,arm2a,meta,True,1.0046563797138917,1287.5941787719594,43,1.318437556079803,0.5978301321654311,0.2870942804721547,6.996695342649242,0.1072700299367792,3.5416781000862634,1.3134841677698117,0.2858255830133929,6.9775862284057455,1000,2.9492075194394087,2.883195957737079,177.51687787072885,40.36446572019311,1.0,39.98822300208582,2.1007849512054144,245.9857680797577,20260908,fc7db5c014b687ef68ee64e6a065988f30aebee0d4be983d6baaeb5bca94d6c4,2.2092213800620435,1.1097829120961455,2.1007849512054193,1.374897762849724,0.6235429879231229,1.37995;1.39307;1.34358;1.40277,2.2281;2.26132;2.07163;2.28005,1.000999540054145,0.0128724264608496,0.0474464675761393,0.628699;0.620371;0.61007;0.639163,1.11089;1.13332;1.04555;1.14928,1.001085275240154,0.0066259855553163,0.0228073389400593,4,2000,1000,5000,,,,,
tv_bursts,20260911,arm2a,pla,True,1.0046563797138917,1287.5941787719594,43,1.3407317499010816,0.5574907513376626,0.2792024505144613,5.531026539224145,0.1093461626217614,2.6369622963516077,1.3318118588955568,0.2785825924860179,5.487924040713962,1000,4.309486860331124,4.158702688140481,228.60813090289616,58.98905971676314,1.0,59.651877675452944,1.8667348622391444,245.9857680797577,20260908,fc7db5c014b687ef68ee64e6a065988f30aebee0d4be983d6baaeb5bca94d6c4,1.9268908011670427,0.9580628687131232,1.8667348622391575,1.3017475962619334,0.5768246503744934,1.32008;1.29432;1.31232;1.29021,1.9312;1.96131;1.87563;1.94512,1.0004478458520674,0.0140496627921768,0.0186090188151896,0.582988;0.568267;0.578277;0.575144,0.965592;0.971617;0.929678;0.965277,1.000628547345673,0.0062048399785464,0.0095661785360391,4,2000,1000,5000,,,,,
tv_bursts,20260911,arm2a,tv,True,1.0046563797138917,1287.5941787719594,43,1.7925895064913688,0.4673241561223945,0.3557008000423987,7.838034904304483,0.0590796312816844,2.3844718118439836,1.4702193485141233,0.2882991785305092,6.21488642105154,1000,1.5573972904735005,1.6685555740207183,103.91216058317904,10.944149287268306,1.0,27.574661837693583,2.1348646965648,245.9857680797577,20260908,fc7db5c014b687ef68ee64e6a065988f30aebee0d4be983d6baaeb5bca94d6c4,2.697699060494611,0.766483194550781,2.1348646965647955,1.876730810749453,0.4922773773491815,1.84853;1.8969;1.8616;1.89126,2.71902;2.6855;2.66813;2.71958,1.0004160967195168,0.0195327799981602,0.0127678643443005,0.479226;0.500049;0.488346;0.505986,0.766921;0.764126;0.753954;0.780256,1.0003634207533385,0.0060176711270544,0.0054182287375468,4,2000,1000,5000,,,,,
tv_bursts,20260912,arm2a,meta,True,1.0082392213097386,1444.1532265619476,41,1.172874700202439,0.5082818216499917,0.2675120459858439,5.117039365388514,0.0896883826712934,2.617623862636416,1.1596649318243617,0.263871999627505,5.076159956163874,1000,2.9470246411349903,2.881613063270842,139.36186438295815,38.57216234406277,1.0,40.26559630792459,1.691687878333478,231.66566729545593,20260908,56319c2d7762442e1e831d0ff1d9c852cb70ed7b0c68e81cec951bf1c9c362f5,1.767704546220571,0.8648671407828081,1.6916878783334826,1.1765474106314469,0.5168680207865082,1.17684;1.16753;1.17606;1.18524,1.80733;1.74254;1.70626;1.81683,1.0003078552713696,0.0085827063662391,0.0264434569267145,0.512842;0.514481;0.515827;0.523075,0.87442;0.8543;0.841879;0.888658,1.000238058779142,0.0043888055812829,0.0103977723915677,4,2000,1000,5000,,,,,
tv_bursts,20260912,arm2a,pla,True,1.0082392213097386,1444.1532265619476,41,1.2080184840704074,0.49811798263301,0.2700432472694076,4.762868977624062,0.1005669901843761,2.373238801179528,1.2028985319149037,0.268128177435545,4.719532981426607,1000,4.308712567815476,4.1518276697393475,202.1351511004487,58.097072404201754,1.0,60.52882510087917,1.6508040094437022,231.66566729545593,20260908,56319c2d7762442e1e831d0ff1d9c852cb70ed7b0c68e81cec951bf1c9c362f5,1.703971521832245,0.834520616649002,1.650804009443705,1.166643217048755,0.5134678696678834,1.154;1.17317;1.16168;1.17838,1.65519;1.78316;1.66402;1.71541,1.0010443361817134,0.0117482341180172,0.0294048940014017,0.515245;0.515628;0.508907;0.515501,0.821492;0.862238;0.811906;0.842118,1.0007393511886902,0.005400925576638,0.0112070116310609,4,2000,1000,5000,,,,,
tv_bursts,20260912,arm2a,tv,True,1.0082392213097386,1444.1532265619476,41,1.6244289277994066,0.4031073187088526,0.3087531204324246,7.80092270219387,0.0570330887622762,2.166266480944216,1.3201347636878638,0.249690725789081,6.174139417587979,1000,1.5556373052427983,1.6688381995375352,92.76781133643937,10.418085691358431,1.0,27.230512709620488,1.9846670846451813,231.66566729545593,20260908,56319c2d7762442e1e831d0ff1d9c852cb70ed7b0c68e81cec951bf1c9c362f5,2.4640442214716622,0.6818480652976472,1.9846670846451728,1.6423268041684247,0.4112289730291928,1.63656;1.64909;1.63176;1.65677,2.48309;2.446;2.42427;2.50278,1.000384963035831,0.0126554781509244,0.0177261748364558,0.408411;0.413475;0.403713;0.419371,0.681894;0.672721;0.674285;0.698458,1.000065752649543,0.0046346552469324,0.0058906828660437,4,2000,1000,5000,,,,,
none,20260908,arm2a_strong,meta,True,1.0066645059398498,1778.0476092007254,46,1.5391466436155932,0.7093291091068293,0.3257223651451665,7.918739700959655,0.1235312899597575,4.091530034887085,1.5296556964032129,0.3238992946108366,7.786260137065224,1000,2.9478910760347588,2.8820788829994513,217.0136607050314,42.27057140646804,1.0,40.18414769943393,2.465030086161522,249.966698884964,20260908,736d3679e11760c8fe924056505ab728b1a5d031447b2106d96087f394edaee2,2.6319131646826257,1.3492553832458958,2.465030086161516,1.5675932545505644,0.726070821782481,1.53907;1.58391;1.55684;1.58353,2.52964;2.61239;2.6666;2.7229,1.000056496757233,0.0220440289731455,0.0411488055194798,0.715497;0.726681;0.726081;0.741902,1.2889;1.33516;1.37601;1.39692,1.0002244018747528,0.0117985315689945,0.0238547080486151,4,2000,1000,5000,4.105707069614712,3.701484340428477,4.509929798800946,1.411117911767542,0.0502008416617544
none,20260908,arm2a_strong,pla,True,1.0066645059398498,1778.0476092007254,46,4.133881248732538,2.1912820996079168,3.800358027471347,4.509593680669911,0.8408664502120455,2.9612298763607834,4.1129097667257035,3.77948646208161,4.489777556282448,1000,4.309408624341329,4.154118209407462,545.5579502594594,68.61171843326937,1.0,60.237858000361825,4.113772439790779,249.966698884964,20260908,736d3679e11760c8fe924056505ab728b1a5d031447b2106d96087f394edaee2,4.23406863537863,2.254619174648111,4.113772439790797,4.130158440858498,2.1958697301690844,4.12719;4.13019;4.13479;4.12826,4.23259;4.24277;4.22344;4.24147,1.000268004302213,0.0014170969193565,0.0044870099426107,2.19907;2.17748;2.20194;2.19924,2.25882;2.24468;2.25291;2.26218,1.000154378875172,0.0057079444367076,0.0038356036516982,4,2000,1000,5000,4.105707069614712,3.701484340428477,4.509929798800946,1.411117911767542,0.0502008416617544
none,20260908,arm2a_strong,tv,True,1.0066645059398498,1778.0476092007254,46,1.2311755045183208,0.5438820853264619,0.2573625520471606,5.037697143625946,0.1035913526734263,2.646394462939856,1.2225203781972291,0.2561862073729179,4.996201962215851,1000,1.6632191141250114,1.6784918424104216,40.00719477091255,10.0172315036177,1.0,9.990275691852602,1.9080630919334651,249.966698884964,20260908,736d3679e11760c8fe924056505ab728b1a5d031447b2106d96087f394edaee2,1.9996091657020707,1.0011516069335449,1.9080630919334705,1.265139614050455,0.5670546461690624,1.25337;1.27761;1.23886;1.27541,1.97475;1.99029;1.98862;2.04495,1.000116243826907,0.0090582833182677,0.0154961377531538,0.555668;0.580872;0.554663;0.569867,0.983585;0.998921;0.989406;1.03255,1.0002654614251878,0.0048992135622177,0.010944211985149,4,2000,1000,5000,4.105707069614712,3.701484340428477,4.509929798800946,1.411117911767542,0.0502008416617544
none,20260909,arm2a_strong,meta,True,1.0017215682238585,2186.1339747603297,49,1.206634995819071,0.5541099541959803,0.2573231318491335,5.221643615323399,0.1027324385918352,2.629380740378679,1.2011606223169424,0.2555829328689078,5.160670687287351,1000,2.947537489551566,2.880446927917512,147.24080274101047,39.747949457365635,1.0,40.46885274436602,1.7628020360904668,314.03901076316833,20260908,5d4c83aa5feb5fc2de602cdb7a7801fc2333b44f8c9e1b221370986c629db7b8,1.83553568204732,0.9095199222658136,1.7628020360904713,1.235092899776273,0.5493233444595087,1.21209;1.24669;1.21254;1.25402,1.74399;1.88552;1.79064;1.92465,1.0002179751726186,0.011208250821438,0.0416684005836143,0.545663;0.540426;0.554787;0.558115,0.860988;0.931804;0.900255;0.94472,1.0006122339652463,0.0054185717857493,0.0186565010448993,4,2000,1000,5000,3.9599806520074576,2.973032580295133,4.946928723719782,1.3682188787551255,0.1266511795651735
none,20260909,arm2a_strong,pla,True,1.0017215682238585,2186.1339747603297,49,4.022940723150826,2.132202546992424,3.295094057205409,4.989340825067344,0.8107694677224478,3.092652605560465,4.00473366560642,3.2801447289111367,4.969688908835031,1000,4.307344100278896,4.147220200695105,544.1217854908708,70.27931826863185,1.0,61.11055535994707,4.016990287191488,314.03901076316833,20260908,5d4c83aa5feb5fc2de602cdb7a7801fc2333b44f8c9e1b221370986c629db7b8,4.1412764200461,2.215133298744272,4.016990287191473,4.008065027453078,2.1046587845557787,4.00072;4.02121;4.01971;3.99419,4.12823;4.15979;4.14797;4.12845,1.0000503048870226,0.0040534489094312,0.0077573934031686,2.10853;2.10429;2.101;2.10515,2.21936;2.22188;2.20779;2.21132,1.0002112130100167,0.0061960906651119,0.003315795558877,4,2000,1000,5000,3.9599806520074576,2.973032580295133,4.946928723719782,1.3682188787551255,0.1266511795651735
none,20260909,arm2a_strong,tv,True,1.0017215682238585,2186.1339747603297,49,1.118737583476194,0.4926411060463016,0.258275376493316,5.82888643010892,0.1037130145796259,2.8936022254338334,1.113803575242539,0.2551269769490194,5.795262806103283,1000,1.663871333939262,1.6785063568927887,37.500255560539195,9.721059628915995,1.0,9.942057709390667,1.8302508142249392,314.03901076316833,20260908,5d4c83aa5feb5fc2de602cdb7a7801fc2333b44f8c9e1b221370986c629db7b8,1.907136844852324,0.9428510605776392,1.830250814224952,1.219045508721566,0.5426130273382148,1.22256;1.21727;1.2105;1.22831,1.93562;1.86639;1.89569;1.93462,1.000303312906594,0.0091930263950541,0.0167197389091494,0.539297;0.545495;0.538546;0.546565,0.95231;0.91397;0.939338;0.965551,1.0002583451679066,0.0043146004214,0.0109969841839936,4,2000,1000,5000,3.9599806520074576,2.973032580295133,4.946928723719782,1.3682188787551255,0.1266511795651735
none,20260910,arm2a_strong,meta,True,1.0122019267910771,1213.7095954690424,47,1.54661274814601,0.7090351157635133,0.326597372344999,9.285784571247948,0.1205958715980154,4.7273453639618825,1.5313726527912674,0.3255788463342824,9.240432078196418,1000,2.9477419815247665,2.8820106347014613,220.72791751372696,41.84592888734617,1.0,40.19609013929927,2.510021317250984,205.1642680168152,20260908,5d3c2219efea4ce5e1e0fccd92793a1b5c723bc19b672d555f0db0c4743247e0,2.6904252251768614,1.3722644110344484,2.5100213172509904,1.5568405887437438,0.7083479194781233,1.52792;1.53645;1.56213;1.60428,2.72751;2.68009;2.5375;2.82251,1.0005346444173455,0.0197994903064235,0.0593754870362831,0.70033;0.690848;0.706255;0.733178,1.37477;1.36717;1.30393;1.44303,1.0004633569267414,0.0095247529820695,0.0284450953836509,4,2000,1000,5000,4.170985804124722,3.4940211663879936,4.8479504418614505,1.424735423105715,0.0826678732379656
none,20260910,arm2a_strong,pla,True,1.0122019267910771,1213.7095954690424,47,4.1976214809397,2.1216266907405426,3.67962788991344,4.838695100500075,0.7540076004492562,3.0453926282963173,4.173478262044711,3.6506991748612942,4.817930683053408,1000,4.309503497520344,4.158863835444871,531.7977778000501,63.15774046213415,1.0,59.63119106290575,4.184738210540871,205.1642680168152,20260908,5d3c2219efea4ce5e1e0fccd92793a1b5c723bc19b672d555f0db0c4743247e0,4.330991166672075,2.227689526217304,4.184738210540887,4.1913741512227,2.143489636147174,4.18685;4.19076;4.19369;4.19401,4.31004;4.35421;4.34214;4.31846,0.9999321015376892,0.0024722056356054,0.0102438831802535,2.15514;2.12632;2.13798;2.15066,2.22768;2.22397;2.22857;2.23035,1.0001202216222689,0.0053048463353289,0.0013431990343,4,2000,1000,5000,4.170985804124722,3.4940211663879936,4.8479504418614505,1.424735423105715,0.0826678732379656
none,20260910,arm2a_strong,tv,True,1.0122019267910771,1213.7095954690424,47,1.1520407896368288,0.4963125173707156,0.2398567382590547,5.092192115689264,0.0927079233138437,2.5821183212751477,1.1471030771412427,0.2386638940506927,5.0403557197109405,1000,1.6637237923184611,1.6784783898520508,39.16488225429314,10.0724054930884,1.0,10.034759555097704,1.8661071867717864,205.1642680168152,20260908,5d3c2219efea4ce5e1e0fccd92793a1b5c723bc19b672d555f0db0c4743247e0,1.947807269718824,0.9757270428158712,1.866107186771788,1.2366893557770942,0.5533433606181312,1.24992;1.23489;1.22698;1.23602,1.96766;1.9036;1.94744;1.97347,1.000114535836914,0.0096822828646248,0.0158292014426277,0.547861;0.55708;0.549208;0.557911,0.977505;0.953222;0.976708;0.995359,1.0001436499873724,0.0040155640279808,0.0086411229710346,4,2000,1000,5000,4.170985804124722,3.4940211663879936,4.8479504418614505,1.424735423105715,0.0826678732379656
none,20260911,arm2a_strong,meta,True,1.0114562150847326,1172.0821159913153,43,1.3820801379666596,0.6024792581814451,0.3075198593134053,5.962104317413136,0.1045398688634133,3.3485968136088053,1.3722729455627518,0.3066520056983857,5.945416930647304,1000,2.9492075194394087,2.883195957737079,165.81865229053253,40.09464448449191,1.0,39.98822300208582,1.9673664816745209,209.56723999977112,20260908,3c221baea98377492ed18d237d4d81d4661e62c8c31521e43debb69dd19d7f9a,2.070588347979979,1.0366699707258238,1.967366481674524,1.3339966712447575,0.5978408752805111,1.31696;1.33249;1.33993;1.3486,2.00725;2.0818;2.07153;2.11714,1.0002530496064923,0.0123598670260209,0.0229134935204072,0.591439;0.584113;0.604116;0.606657,1.00018;1.03994;1.04322;1.06327,1.000323734963268,0.0059694010164067,0.0132053061565216,4,2000,1000,5000,5.406469231391909,4.668234573507434,6.144703889276383,1.68517530594488,0.0695835670588913
none,20260911,arm2a_strong,pla,True,1.0114562150847326,1172.0821159913153,43,5.425352666263257,2.6143961746452193,4.896162856677515,6.097750335840513,0.8699515710125199,3.782805207002932,5.386552051220164,4.862440884610057,6.058776372299904,1000,4.309486860331124,4.158702688140481,655.150791930221,55.863210837777615,1.0,59.651877675452944,5.405952519055062,209.56723999977112,20260908,3c221baea98377492ed18d237d4d81d4661e62c8c31521e43debb69dd19d7f9a,5.671560316167555,2.742772174994248,5.4059525190550515,5.423289857964149,2.6077437414273152,5.41938;5.42439;5.42743;5.42031,5.67017;5.67295;5.69839;5.64739,1.0001121388679008,0.0029383408250867,0.0104317191845162,2.62413;2.59439;2.58458;2.62371,2.75579;2.74112;2.73487;2.73899,1.0004665328185505,0.008470428433128,0.0045542145726518,4,2000,1000,5000,5.406469231391909,4.668234573507434,6.144703889276383,1.68517530594488,0.0695835670588913
none,20260911,arm2a_strong,tv,True,1.0114562150847326,1172.0821159913153,43,1.1738163757089328,0.4989519079879548,0.2542469695494018,4.99700058073748,0.0984435180251771,2.477617098656723,1.1658051919222825,0.2529173204159107,4.969695193059167,1000,1.6625159964527418,1.678468232672954,37.99566518668128,10.051021987632373,1.0,10.068216542636993,1.8115381801616055,209.56723999977112,20260908,3c221baea98377492ed18d237d4d81d4661e62c8c31521e43debb69dd19d7f9a,1.888524017920303,0.9434550143268412,1.8115381801616035,1.2208438034836333,0.543066976766092,1.22475;1.21602;1.21228;1.2305,1.90158;1.83197;1.88169;1.93495,1.0004056203394116,0.0086475367835877,0.0215381514846031,0.542578;0.547601;0.537732;0.544749,0.948762;0.913954;0.938867;0.972203,1.000163734189122,0.0044572335481863,0.0120622927152309,4,2000,1000,5000,5.406469231391909,4.668234573507434,6.144703889276383,1.68517530594488,0.0695835670588913
none,20260912,arm2a_strong,meta,True,1.004245200678143,1577.2303759221425,43,1.1656869839169302,0.5013470711694146,0.2787076637146496,4.889620356734214,0.1050651971791221,2.330305569502032,1.15914840827387,0.2746194241149997,4.8747476237138105,1000,2.9470246411349903,2.881613063270842,132.31274216854143,38.42751549560611,1.0,40.26559630792459,1.6081700772159129,228.56331324577332,20260908,668e83a0bd1cfa11ffe376d00d8bf8dce5ef52249861c46861f0637a5b0d4e1d,1.6813764144805998,0.8210517656453352,1.608170077215917,1.146851419374861,0.4990495139605841,1.14373;1.15707;1.12848;1.15025,1.66038;1.6843;1.65943;1.72318,1.0000975424274354,0.0089741757240489,0.0149392259754217,0.50152;0.498689;0.49913;0.498272,0.802929;0.82437;0.813607;0.843167,1.000198885592661,0.0037267923447071,0.0085825569654655,4,2000,1000,5000,3.501781193732316,2.9037697192374963,4.099792668227136,1.2494901872306463,0.0869662498630752
none,20260912,arm2a_strong,pla,True,1.004245200678143,1577.2303759221425,43,3.5016035022389396,1.6824957705049597,3.049660176929642,4.069077559817319,0.5302931443785774,2.4978462262741448,3.478889760923731,3.035505203641276,4.0405641133238435,1000,4.308712567815476,4.1518276697393475,429.69865043302,57.03034190421329,1.0,60.52882510087917,3.4972754705824287,228.56331324577332,20260908,668e83a0bd1cfa11ffe376d00d8bf8dce5ef52249861c46861f0637a5b0d4e1d,3.655169234181509,1.773196910174691,3.4972754705824265,3.507680376124122,1.6915739951507036,3.50118;3.51081;3.50998;3.5079,3.64522;3.65854;3.67194;3.64987,1.0000599846734204,0.002192194864613,0.005869963210854,1.69095;1.69588;1.68019;1.69725,1.77698;1.77481;1.76993;1.77081,1.0010753329063369,0.00516922772636,0.0016636751218977,4,2000,1000,5000,3.501781193732316,2.9037697192374963,4.099792668227136,1.2494901872306463,0.0869662498630752
none,20260912,arm2a_strong,tv,True,1.004245200678143,1577.2303759221425,43,1.1749377458117087,0.5052113268459391,0.2549028898924902,5.4008135457938575,0.0915927011202352,2.560711513661676,1.1703285795512857,0.2541418973507949,5.365677280713602,1000,1.6622360141231436,1.678473536204923,39.603472038589544,9.98478808953088,1.0,10.050760994499086,1.893739199517412,228.56331324577332,20260908,668e83a0bd1cfa11ffe376d00d8bf8dce5ef52249861c46861f0637a5b0d4e1d,1.9766601789893985,0.9850757261066152,1.8937391995174129,1.2403809724140291,0.55863486543417,1.22706;1.23568;1.24599;1.24889,1.96512;1.94738;1.96988;2.0203,1.0002406090224671,0.0086982887273769,0.0156446608068284,0.547318;0.567675;0.552364;0.572172,0.970564;0.971667;0.977818;1.02,1.0001964690719436,0.0040042177071464,0.0117712492662823,4,2000,1000,5000,3.501781193732316,2.9037697192374963,4.099792668227136,1.2494901872306463,0.0869662498630752
performance_chasing,20260908,arm2a_strong,meta,True,1.011067752125149,1642.0569393082585,46,1.4901977218125628,0.7123055919524223,0.3033768351725626,7.194594543564989,0.1173665912165855,4.141181805743854,1.4853322454155156,0.3025934232845108,7.168653424660789,1000,2.9478910760347588,2.8820788829994513,213.45731931768768,42.056580583069746,1.0,40.18414769943393,2.427093317015278,260.0257248878479,20260908,a98e57816fab67fb99bb98b427d1d6fe9e3cb9a086267bd2a49019c144d3f9c2,2.5955183493079512,1.3273061797098926,2.427093317015283,1.5445721825485257,0.7108679128236361,1.56715;1.53448;1.48931;1.59351,2.65541;2.55489;2.38757;2.79066,1.000748363848327,0.0208484447337233,0.0849262254019395,0.729638;0.693995;0.687224;0.737386,1.3523;1.29877;1.22679;1.43139,1.0007973552491396,0.0100254080575753,0.0431814772436527,4,2000,1000,5000,4.071490643125161,3.727962750525121,4.415018535725201,1.4030834441908464,0.0430288180663819
performance_chasing,20260908,arm2a_strong,pla,True,1.011067752125149,1642.0569393082585,46,4.137242821009854,2.162856474927974,3.8519232061371698,4.4521160305548655,0.8940970638333601,2.8518468350664037,4.077277413278362,3.7987424256943783,4.391191129827968,1000,4.29041791942621,4.149574999118227,539.0306983297144,66.85149813755692,1.0,60.81383084478317,4.07859151599288,260.0257248878479,20260908,a98e57816fab67fb99bb98b427d1d6fe9e3cb9a086267bd2a49019c144d3f9c2,4.222216811929246,2.210948910165895,4.078591515992891,4.13663386693697,2.165563156863157,4.13378;4.13773;4.14045;4.13482,4.21808;4.23294;4.21755;4.21994,1.000107350580714,0.0012044761828295,0.0036400180681106,2.18167;2.15574;2.16675;2.16134,2.21643;2.20591;2.21032;2.21104,1.000473367631994,0.0045533517619782,0.0021555519774866,4,2000,1000,5000,4.071490643125161,3.727962750525121,4.415018535725201,1.4030834441908464,0.0430288180663819
performance_chasing,20260908,arm2a_strong,tv,True,1.011067752125149,1642.0569393082585,46,1.2121734808571625,0.5511240559551984,0.2633097646899101,5.34549996340566,0.1027187308062145,2.705318996541057,1.206603098169613,0.2624157292810731,5.295923641182055,1000,1.6632191141250114,1.6784918424104216,40.462902617070874,9.972979771968877,1.0,9.990275691852602,1.9325481546239984,260.0257248878479,20260908,a98e57816fab67fb99bb98b427d1d6fe9e3cb9a086267bd2a49019c144d3f9c2,2.026868948824504,1.012556449738362,1.9325481546239889,1.2640071502589283,0.5665260811576909,1.28993;1.28508;1.2227;1.26417,2.08731;1.98214;1.98479;2.05852,1.0000699514605322,0.0090340770262284,0.0264864688309079,0.564646;0.581457;0.550316;0.568748,1.03229;0.98911;0.990784;1.03785,1.000125657425298,0.0048793186554887,0.0130786942525919,4,2000,1000,5000,4.071490643125161,3.727962750525121,4.415018535725201,1.4030834441908464,0.0430288180663819
performance_chasing,20260909,arm2a_strong,meta,True,1.0027014081862538,2394.7118080951545,48,1.160089153199996,0.525918496512515,0.2671339876683337,5.105686120736235,0.0908877901961734,2.2788611499747344,1.1513384179065924,0.2651127135693313,5.0591526316357385,1000,2.947537489551566,2.880446927917512,143.45255187909433,39.19761878782538,1.0,40.46885274436602,1.7345522333561227,343.092472076416,20260908,f3ff97ab651609772a1720dfa086c21ea4aeec737dddb31c546a84d44adfd980,1.800664057540548,0.8859654772821152,1.734552233356121,1.2131844857802636,0.5342039748081399,1.18471;1.21635;1.20741;1.24772,1.76491;1.79536;1.7745;1.86316,1.0005432006463704,0.0112751713995533,0.0221569035285057,0.533419;0.526371;0.534252;0.544709,0.872129;0.882317;0.879024;0.910368,1.000247131941758,0.0051927138325469,0.0084084584343469,4,2000,1000,5000,3.944643058890426,3.077213188547727,4.812072929233125,1.3661037501937865,0.1118456136094117
performance_chasing,20260909,arm2a_strong,pla,True,1.0027014081862538,2394.7118080951545,48,4.005986626309822,1.987185852711777,3.342421566776843,4.820144190862382,0.7625666175702441,2.806068175306681,3.960163601810348,3.3060340245786124,4.7573142197885465,1000,4.295088030025803,4.146574860398926,505.5515030517265,61.140191575137464,1.0,61.19166149772538,3.974374216543026,343.092472076416,20260908,f3ff97ab651609772a1720dfa086c21ea4aeec737dddb31c546a84d44adfd980,4.132623600090582,2.065442424870128,3.974374216543011,3.9971797865063374,1.976330811588028,4.00183;4.0007;3.99723;3.98971,4.11982;4.14169;4.1292;4.13952,1.000607004648114,0.0034665840618379,0.0050446938323704,1.98283;1.97373;1.97442;1.97579,2.06532;2.06607;2.06515;2.06519,1.0003973824896413,0.0052829411923779,0.0002153818570619,4,2000,1000,5000,3.944643058890426,3.077213188547727,4.812072929233125,1.3661037501937865,0.1118456136094117
performance_chasing,20260909,arm2a_strong,tv,True,1.0027014081862538,2394.7118080951545,48,1.1571879507364216,0.4936699307819473,0.2640085260196173,5.210769977172241,0.1011550354514676,2.643155004433346,1.1479476529826198,0.2620155699466258,5.169597014390542,1000,1.663871333939262,1.6785063568927887,37.289506069867045,9.710656343099188,1.0,9.942057709390667,1.8248509862624471,343.092472076416,20260908,f3ff97ab651609772a1720dfa086c21ea4aeec737dddb31c546a84d44adfd980,1.897422715777149,0.9375407350085608,1.8248509862624465,1.2188638751478864,0.5369098223355382,1.19639;1.23442;1.20305;1.24642,1.88136;1.88459;1.89788;1.92162,1.000032574455152,0.0097437736016507,0.0091454893649733,0.526186;0.543011;0.528091;0.545572,0.929628;0.925702;0.936519;0.958251,1.0000800181131697,0.0046926290119799,0.0072613468600636,4,2000,1000,5000,3.944643058890426,3.077213188547727,4.812072929233125,1.3661037501937865,0.1118456136094117
performance_chasing,20260910,arm2a_strong,meta,True,1.005616427042496,1279.6412743602923,45,1.5036426580625923,0.6865694357479374,0.3087877835889088,7.33781446183664,0.1154167774941423,3.9247886319585383,1.4889881534529763,0.3069720515072734,7.3010104964321805,1000,2.9477419815247665,2.8820106347014613,203.99043569690537,41.49568979232089,1.0,40.19609013929927,2.3431468735818384,224.3409109115601,20260908,2d52751960481f74609866464b8c9dfd30878c562145aad2c2395db7d4358ca9,2.4970741960532004,1.2683995447972132,2.3431468735818535,1.4996130759583155,0.6790600577395955,1.49669;1.52827;1.48186;1.50337,2.47451;2.56603;2.41517;2.53349,1.0005278368743906,0.0172469941166663,0.0332891655535769,0.677473;0.682771;0.671281;0.681552,1.24769;1.3017;1.22963;1.29446,1.0004936407288525,0.008188998294194,0.0176079866258158,4,2000,1000,5000,4.112500789284983,3.548608895374392,4.676392683195573,1.411590166680886,0.0698733330246341
performance_chasing,20260910,arm2a_strong,pla,True,1.005616427042496,1279.6412743602923,45,4.167401940674971,1.9955471511610885,3.745230856760641,4.664337348760903,0.7208275943851548,2.873816784241404,4.1056976130514515,3.6844909288063104,4.5901986798986885,1000,4.291209356673342,4.154976297995827,498.4685949699317,55.715559961893454,1.0,60.12854772670989,4.116116863713463,224.3409109115601,20260908,2d52751960481f74609866464b8c9dfd30878c562145aad2c2395db7d4358ca9,4.302925758726102,2.0695046433613076,4.116116863713453,4.168927777592998,1.99564562973943,4.16774;4.16548;4.17658;4.16562,4.31368;4.29529;4.29521;4.3096,1.0000090929512646,0.0022083067161373,0.0048039621160965,1.99998;1.99258;2.00739;1.97724,2.07689;2.06357;2.07714;2.0602,1.000152716281581,0.0055735812980679,0.0044208865821827,4,2000,1000,5000,4.112500789284983,3.548608895374392,4.676392683195573,1.411590166680886,0.0698733330246341
performance_chasing,20260910,arm2a_strong,tv,True,1.005616427042496,1279.6412743602923,45,1.2162427817636927,0.542644498384381,0.2576322266664433,5.548172966801597,0.0950827959216808,2.870946701579966,1.2012025339355286,0.2564178510613059,5.466151749088837,1000,1.6637237923184611,1.6784783898520508,39.81177828920855,10.06831636664037,1.0,10.034759555097704,1.8877343066207035,224.3409109115601,20260908,2d52751960481f74609866464b8c9dfd30878c562145aad2c2395db7d4358ca9,1.9803824272562611,0.991844080571695,1.8877343066207015,1.254470795450371,0.5575378778549516,1.26569;1.25512;1.25489;1.23594,1.99002;1.95239;1.98069;2.00211,1.0001336037830844,0.0086241253115371,0.0105881405688966,0.548633;0.566605;0.554715;0.560893,0.991783;0.97642;0.993625;1.00552,1.0000975826612462,0.0045323265404138,0.0059726133630581,4,2000,1000,5000,4.112500789284983,3.548608895374392,4.676392683195573,1.411590166680886,0.0698733330246341
performance_chasing,20260911,arm2a_strong,meta,True,1.0031570332948818,1285.9131520455246,43,1.3455034998064823,0.608598462674415,0.2901965178188997,6.624888421005638,0.1083871220488049,3.404036996094694,1.342228566186499,0.2888891149911253,6.606852560419256,1000,2.9492075194394087,2.883195957737079,170.34148459207137,40.271412400480024,1.0,39.98822300208582,2.022460717060008,228.2581570148468,20260908,a430382c61a78b49c1c6bc019f4b1be997f441d97722a369498beb01d46ea584,2.1223804934781163,1.0649345702502484,2.0224607170600204,1.342444816724332,0.6015838280755323,1.30611;1.35805;1.32838;1.37488,2.01403;2.11487;2.07196;2.29303,1.0010320884304789,0.0129003463896154,0.0601761131185489,0.594077;0.584852;0.602669;0.622242,1.00453;1.05785;1.04831;1.14895,1.0009455499933968,0.0067754484190873,0.030322254306045,4,2000,1000,5000,5.202311538841182,4.563341103803064,5.8412819738793,1.6471433459786835,0.0626052319890616
performance_chasing,20260911,arm2a_strong,pla,True,1.0031570332948818,1285.9131520455246,43,5.270033351823427,2.586783313694364,4.76127411427727,5.874135373235571,0.983636517543218,3.64170301343833,5.198620343188926,4.701434009458538,5.787618951305753,1000,4.295340393857183,4.158485076863498,636.8970165694352,57.61784324591022,1.0,59.679802928232526,5.206525908683983,228.2581570148468,20260908,a430382c61a78b49c1c6bc019f4b1be997f441d97722a369498beb01d46ea584,5.429751042266299,2.6671510932346,5.206525908683999,5.266660572350222,2.5838155875245743,5.26424;5.26711;5.27232;5.26346,5.43018;5.4325;5.43502;5.42236,0.9999260040674544,0.0023774366081084,0.0027372373373965,2.58999;2.56917;2.59092;2.58617,2.67699;2.66285;2.66695;2.66174,1.000389325619293,0.0074350028537975,0.0034716726607925,4,2000,1000,5000,5.202311538841182,4.563341103803064,5.8412819738793,1.6471433459786835,0.0626052319890616
performance_chasing,20260911,arm2a_strong,tv,True,1.0031570332948818,1285.9131520455246,43,1.161109658237224,0.4965217403005863,0.2485649643189834,5.366369182890692,0.0947188002742587,2.5066711035775047,1.1563197134890633,0.2466756163807114,5.280975202313177,1000,1.6625159964527418,1.678468232672954,37.880611632400075,9.99552834958649,1.0,10.068216542636993,1.8153550136587775,228.2581570148468,20260908,a430382c61a78b49c1c6bc019f4b1be997f441d97722a369498beb01d46ea584,1.888013022288887,0.9405865075295654,1.8153550136587793,1.21641200018645,0.5431763114760628,1.21465;1.24009;1.19873;1.21159,1.87771;1.84187;1.8901;1.93926,1.0000267923177582,0.00788873663008,0.0201316027120237,0.538862;0.552328;0.534626;0.547861,0.931296;0.913012;0.942617;0.975303,1.000082090866267,0.0046740719522271,0.0130895633728984,4,2000,1000,5000,5.202311538841182,4.563341103803064,5.8412819738793,1.6471433459786835,0.0626052319890616
performance_chasing,20260912,arm2a_strong,meta,True,1.0099097170309954,1798.52936277,44,1.0813268565179763,0.4914219699517856,0.2529309317578151,4.852114787899498,0.0883682707077453,2.2988153363611894,1.071978615236986,0.2523466071960571,4.831072078145858,1000,2.9470246411349903,2.881613063270842,132.49646907333056,38.66039015204299,1.0,40.26559630792459,1.6136035367997874,251.4542810916901,20260908,c501c3b7fff683202f2101241e0dbd393b7daf0746b081c8dabf7984e252d93e,1.6787432760252503,0.8223003993527901,1.613603536799779,1.1478820574745896,0.5035511795592144,1.13362;1.15199;1.14045;1.16049,1.65567;1.67511;1.66339;1.72517,1.0001778008989366,0.0079031952698581,0.0156320904372458,0.491215;0.505721;0.500957;0.515152,0.797744;0.821131;0.821294;0.848672,1.000170167377124,0.0046848078930694,0.0104116831117025,4,2000,1000,5000,3.5405021121254725,3.012002183273797,4.069002040977148,1.2613766954900432,0.0760507880409414
performance_chasing,20260912,arm2a_strong,pla,True,1.0099097170309954,1798.52936277,44,3.5792909067816376,1.6769832759853909,3.164525283528977,4.051376427986882,0.5078442099883616,2.476311199393278,3.5267587078472364,3.1228670851616256,4.002517635911116,1000,4.289071246287139,4.1483965207909375,428.50941580020657,54.62856077712483,1.0,60.962481595636184,3.5402260082242094,251.4542810916901,20260908,c501c3b7fff683202f2101241e0dbd393b7daf0746b081c8dabf7984e252d93e,3.70711611387964,1.7519905897639974,3.5402260082242,3.58109748433872,1.6839004664321586,3.57889;3.58033;3.58578;3.58002,3.69908;3.70463;3.71852;3.71085,1.0000795463639065,0.0022244837498388,0.0041791276312705,1.68934;1.68278;1.68005;1.68495,1.75583;1.75073;1.75337;1.74773,1.0001181423608403,0.005045896737797,0.0017401975342274,4,2000,1000,5000,3.5405021121254725,3.012002183273797,4.069002040977148,1.2613766954900432,0.0760507880409414
performance_chasing,20260912,arm2a_strong,tv,True,1.0099097170309954,1798.52936277,44,1.1987707895573072,0.5311666368247092,0.2791995095960614,5.501372380336346,0.1094170581210885,2.6693275899026205,1.192038195528501,0.2776451540139395,5.487150685108144,1000,1.6622360141231436,1.678473536204923,39.792456872182825,9.942772010947492,1.0,10.050760994499086,1.8984034791175233,251.4542810916901,20260908,c501c3b7fff683202f2101241e0dbd393b7daf0746b081c8dabf7984e252d93e,1.990266395706186,0.9897582912509728,1.898403479117529,1.2542236010128875,0.5619746279283113,1.2429;1.2846;1.23223;1.25345,1.97935;1.98308;1.96636;2.0302,1.0002827628528967,0.0099481280303974,0.0139510065787602,0.543847;0.582114;0.555298;0.562582,0.974444;0.991676;0.977299;1.01546,1.0002520569598528,0.0043631714063853,0.0093727438807318,4,2000,1000,5000,3.5405021121254725,3.012002183273797,4.069002040977148,1.2613766954900432,0.0760507880409414
none,20260908,arm2a_weak,meta,True,1.0080839044461047,1254.8353269939591,46,1.5418109645151952,0.7086191477252848,0.3071653050212434,8.696603351080235,0.1171485760450556,4.5483130119410475,1.533276230545451,0.3045653611179607,8.673111286748764,1000,2.9478910760347588,2.8820788829994513,216.3274861959477,42.20584340051499,1.0,40.18414769943393,2.4651977737064628,209.78208875656128,20260908,736d3679e11760c8fe924056505ab728b1a5d031447b2106d96087f394edaee2,2.62565250108495,1.345040545205641,2.4651977737064574,1.57219305285277,0.7146417994039702,1.56409;1.59668;1.52025;1.60528,2.66338;2.57838;2.43961;2.82442,1.0010707727056691,0.021843945990095,0.0805085502422631,0.719299;0.70953;0.695816;0.733739,1.36118;1.31354;1.25872;1.44668,1.0007775726100223,0.0094268915061532,0.0398273919898166,4,2000,1000,5000,3.4926365886439994,2.6644052365370294,4.320867940750969,1.2433906622173558,0.1205508880018893
none,20260908,arm2a_weak,pla,True,1.0080839044461047,1254.8353269939591,46,3.5232565414834247,1.8298490802712903,2.8996611906165923,4.35163940490127,0.6615526917753445,2.677257962686214,3.5000444875669565,2.8845212029895264,4.3402255100595255,1000,4.309408624341329,4.154118209407462,466.177292359422,68.19910407220762,1.0,60.237858000361825,3.5302482418611683,209.78208875656128,20260908,736d3679e11760c8fe924056505ab728b1a5d031447b2106d96087f394edaee2,3.629619424477065,1.9273018407054865,3.5302482418611683,3.522840792182791,1.8367839526783776,3.52136;3.52088;3.52875;3.52208,3.61522;3.6543;3.63791;3.62251,0.9999440017204508,0.0029475944440247,0.0086740127615674,1.84799;1.82332;1.82816;1.85169,1.93157;1.92285;1.91995;1.93512,1.0003200112158588,0.0051265319370477,0.0035717808423946,4,2000,1000,5000,3.4926365886439994,2.6644052365370294,4.320867940750969,1.2433906622173558,0.1205508880018893
none,20260908,arm2a_weak,tv,True,1.0080839044461047,1254.8353269939591,46,1.2175422416094892,0.5192726458943695,0.2622984167952495,5.409088073793275,0.0973969260121621,2.770834465356186,1.2118640172195092,0.2593508639426342,5.381863414645568,1000,1.6632191141250114,1.6784918424104216,40.58249697439252,9.951550267813492,1.0,9.990275691852602,1.9377963642319511,209.78208875656128,20260908,736d3679e11760c8fe924056505ab728b1a5d031447b2106d96087f394edaee2,2.0350441858470627,1.0155461493069524,1.9377963642319636,1.2669363762015258,0.5655365982553957,1.27876;1.25984;1.27271;1.26069,2.04142;1.98342;2.03439;2.08006,1.0003798247915208,0.0092378702769116,0.0198597920998918,0.560871;0.569783;0.567562;0.560928,1.02016;0.989234;1.0075;1.04518,1.000443140542997,0.005030565308357,0.0117495814623442,4,2000,1000,5000,3.4926365886439994,2.6644052365370294,4.320867940750969,1.2433906622173558,0.1205508880018893
none,20260909,arm2a_weak,meta,True,1.0037102952781454,2228.5138723308446,49,1.2300429579192105,0.5736278267927242,0.2527747351109445,5.2883843252838085,0.1003258746066863,2.6210924018630055,1.2221496657128277,0.2517831171301213,5.239131682460902,1000,2.947537489551566,2.880446927917512,147.29852415620024,39.532453035397765,1.0,40.46885274436602,1.7606510954335437,307.5612950325012,20260908,5d4c83aa5feb5fc2de602cdb7a7801fc2333b44f8c9e1b221370986c629db7b8,1.841201499406766,0.9098252994855056,1.7606510954335466,1.2318660749867647,0.547707140512345,1.20542;1.23684;1.22821;1.25909,1.80203;1.83308;1.78153;1.95143,1.0004432422593978,0.0115254349860229,0.0379782080381658,0.543304;0.541317;0.546821;0.55729,0.887732;0.90006;0.886773;0.964608,1.0002790019634076,0.0057409070169585,0.0185201636567023,4,2000,1000,5000,4.903653321872875,3.0245134932460167,6.7827931504997325,1.571222757678199,0.1936891609108457
none,20260909,arm2a_weak,pla,True,1.0037102952781454,2228.5138723308446,49,5.006032650023395,2.6116252714660124,3.671074738809608,6.949008779175281,0.9730963464851444,4.17599679096356,4.991234805996074,3.624362698627339,6.925609014821978,1000,4.307344100278896,4.147220200695105,697.738800471536,71.96849165383969,1.0,61.11055535994707,5.098061704988725,307.5612950325012,20260908,5d4c83aa5feb5fc2de602cdb7a7801fc2333b44f8c9e1b221370986c629db7b8,5.243040254107407,2.835410292086045,5.09806170498873,5.032743090377503,2.6409455832484405,5.02204;5.03498;5.03882;5.03524,5.20595;5.2664;5.28585;5.22775,1.0002738632123973,0.0092349354930894,0.0181198999426854,2.6428;2.64592;2.63201;2.6411,2.83133;2.84595;2.84042;2.82482,1.0003051028720769,0.0083426863908402,0.0046963860845444,4,2000,1000,5000,4.903653321872875,3.0245134932460167,6.7827931504997325,1.571222757678199,0.1936891609108457
none,20260909,arm2a_weak,tv,True,1.0037102952781454,2228.5138723308446,49,1.1512255676992775,0.5038969713574083,0.2702223194747832,5.334048263104245,0.1062127425759157,2.6092539780607167,1.144848543294561,0.2677565480449868,5.311284516224936,1000,1.663871333939262,1.6785063568927887,37.30866860268047,9.712023117793288,1.0,9.942057709390667,1.822677093641008,307.5612950325012,20260908,5d4c83aa5feb5fc2de602cdb7a7801fc2333b44f8c9e1b221370986c629db7b8,1.898265756141498,0.938024073302967,1.8226770936410035,1.220935470885528,0.5396626561782762,1.19816;1.22002;1.22482;1.2506,1.8787;1.86508;1.86695;1.98516,1.000231671963372,0.0088800042134179,0.0288875526399017,0.522368;0.543667;0.538827;0.552513,0.923909;0.916997;0.929388;0.981676,1.000200467593151,0.0055865914488392,0.014780061545526,4,2000,1000,5000,4.903653321872875,3.0245134932460167,6.7827931504997325,1.571222757678199,0.1936891609108457
none,20260910,arm2a_weak,meta,True,1.0146725958454206,1266.1032896354795,47,1.5691447645068868,0.7131378744540063,0.299658608033543,8.770640084399494,0.115908667083666,4.518178989272434,1.5513204366679434,0.2966400542387669,8.749309589373507,1000,2.9477419815247665,2.8820106347014613,223.67980125079947,41.905836821686385,1.0,40.19609013929927,2.5404364029862845,202.95002222061157,20260908,5d3c2219efea4ce5e1e0fccd92793a1b5c723bc19b672d555f0db0c4743247e0,2.7244159732948874,1.3905755408046896,2.540436402986304,1.588694619437891,0.7191860128695605,1.59977;1.59349;1.53476;1.63028,2.74643;2.68302;2.58265;2.88447,1.0003262753871198,0.0219566765583463,0.06318831822287,0.735952;0.695383;0.697798;0.751153,1.38997;1.37016;1.32274;1.47926,1.000437641321253,0.0106669437939102,0.0327665587535871,4,2000,1000,5000,2.779514318605423,1.4306923607001858,4.12833627651066,0.9925279394826012,0.2439191153621911
none,20260910,arm2a_weak,pla,True,1.0146725958454206,1266.1032896354795,47,2.771654227217737,1.3636915044673656,1.852584778787519,4.226578235521333,0.4738602978364139,2.4562835740094817,2.756957136623887,1.842264250652592,4.211560689314895,1000,4.309503497520344,4.158863835444871,359.6766947008551,61.897085387895785,1.0,59.63119106290575,2.848730145329828,202.95002222061157,20260908,5d3c2219efea4ce5e1e0fccd92793a1b5c723bc19b672d555f0db0c4743247e0,2.9596132291604045,1.507397607796718,2.848730145329834,2.7757953763644156,1.362270843935833,2.77136;2.78123;2.78441;2.76362,2.95176;2.97489;2.95176;2.95348,1.0000611708185876,0.0054144723020799,0.005652873974407,1.36439;1.36088;1.36149;1.36408,1.50765;1.50728;1.50658;1.50789,1.000199875327491,0.004970323800188,0.0002858173632182,4,2000,1000,5000,2.779514318605423,1.4306923607001858,4.12833627651066,0.9925279394826012,0.2439191153621911
none,20260910,arm2a_weak,tv,True,1.0146725958454206,1266.1032896354795,47,1.1680610732580696,0.5133935114643562,0.2530462061409521,5.185973866759659,0.0955569656592642,2.622078349607348,1.1604169237709834,0.2503175271224507,5.152354652925069,1000,1.6637237923184611,1.6784783898520508,39.030487568292095,10.038649306888558,1.0,10.034759555097704,1.8560849341546013,202.95002222061157,20260908,5d3c2219efea4ce5e1e0fccd92793a1b5c723bc19b672d555f0db0c4743247e0,1.9443876143132588,0.97238219775007,1.8560849341545889,1.2430815582169388,0.5557974668748147,1.24255;1.24532;1.23041;1.25291,1.97025;1.90129;1.94447;1.96282,1.0002726282100394,0.0087579104523322,0.015452282445255,0.547891;0.564076;0.547994;0.562115,0.974131;0.955379;0.972469;0.987368,1.0002588535949075,0.0042472051581449,0.0065622049727779,4,2000,1000,5000,2.779514318605423,1.4306923607001858,4.12833627651066,0.9925279394826012,0.2439191153621911
none,20260911,arm2a_weak,meta,True,1.011523429891342,1171.2515538131,43,1.3046417773949095,0.5883297254200992,0.281279439452322,6.013747133518984,0.1050387612527483,3.1965748766490707,1.2972657932739402,0.2805274914661241,5.999500915869841,1000,2.9492075194394087,2.883195957737079,165.7437304508252,40.25686141401092,1.0,39.98822300208582,1.968678987784661,196.86140298843384,20260908,3c221baea98377492ed18d237d4d81d4661e62c8c31521e43debb69dd19d7f9a,2.065468952482999,1.036191789025457,1.968678987784669,1.325081452210657,0.5973261525338651,1.30253;1.3277;1.31945;1.35721,2.00429;2.06012;2.0125;2.18032,1.0006236973432012,0.0119878804730453,0.0405828754741523,0.593339;0.590059;0.597016;0.617929,0.997725;1.03224;1.01588;1.09878,1.0006277793654588,0.0055897562291571,0.0220311735135233,4,2000,1000,5000,5.224750567485265,3.812748356845014,6.636752778125516,1.6439899573708132,0.137237757634126
none,20260911,arm2a_weak,pla,True,1.011523429891342,1171.2515538131,43,5.206750326685416,2.4616229180923024,4.1970856878686424,6.571588146444585,0.8370869082628275,3.859141247925253,5.175507548447416,4.148750863046979,6.5386879246567995,1000,4.309486860331124,4.158702688140481,633.3967184086865,56.383784360458435,1.0,59.651877675452944,5.219966472780303,196.86140298843384,20260908,3c221baea98377492ed18d237d4d81d4661e62c8c31521e43debb69dd19d7f9a,5.4586383814715465,2.6524491248232978,5.219966472780309,5.207026446036397,2.482377429903293,5.19641;5.20091;5.21711;5.21065,5.44514;5.49885;5.45391;5.43592,1.0000839944681506,0.0058095519111587,0.0139572660350434,2.48933;2.44891;2.48757;2.49197,2.6686;2.64433;2.65064;2.64579,1.000262188916183,0.0074354902442448,0.0055856663641384,4,2000,1000,5000,5.224750567485265,3.812748356845014,6.636752778125516,1.6439899573708132,0.137237757634126
none,20260911,arm2a_weak,tv,True,1.011523429891342,1171.2515538131,43,1.1737660759720414,0.5138108274107075,0.2433968847112157,5.3228349441285765,0.0924742435797495,2.750748175150968,1.1618578900030143,0.241757244179666,5.302149298351961,1000,1.6625159964527418,1.678468232672954,38.06715616275418,9.980334647688895,1.0,10.068216542636993,1.81307134531097,196.86140298843384,20260908,3c221baea98377492ed18d237d4d81d4661e62c8c31521e43debb69dd19d7f9a,1.898748483188296,0.9452127059896016,1.81307134531097,1.2161366674665357,0.5446262413678673,1.22933;1.21378;1.21243;1.2119,1.91281;1.87251;1.90685;1.90038,1.00008040803251,0.0092302903587191,0.0089119217175727,0.53838;0.552941;0.548542;0.535448,0.945979;0.929932;0.950505;0.954325,1.00002830332089,0.0048202693002619,0.0053628226906683,4,2000,1000,5000,5.224750567485265,3.812748356845014,6.636752778125516,1.6439899573708132,0.137237757634126
none,20260912,arm2a_weak,meta,True,1.0054095374034095,1645.5783446600717,43,1.1030201440636618,0.483129672914094,0.2529594751914189,5.0473035647301385,0.0865321062950635,2.5443577984653154,1.0936877211004978,0.2509433157164973,5.035064757846382,1000,2.9470246411349903,2.881613063270842,132.33668942038344,38.45619661142815,1.0,40.26559630792459,1.6111433788812308,228.02000093460083,20260908,668e83a0bd1cfa11ffe376d00d8bf8dce5ef52249861c46861f0637a5b0d4e1d,1.6810680310083508,0.8212145644729902,1.611143378881238,1.1427954620202152,0.5001894256910839,1.14152;1.14242;1.1317;1.15847,1.70311;1.68046;1.62835;1.71299,1.0001109876280954,0.0101383842598778,0.0188953649492658,0.495679;0.49769;0.498937;0.507069,0.82107;0.821224;0.802719;0.839622,1.0002133317481774,0.0048472466711205,0.0075327991597901,4,2000,1000,5000,3.9078616309855057,2.7337299161780044,5.081993345793006,1.3513764956822338,0.1524062417745585
none,20260912,arm2a_weak,pla,True,1.0054095374034095,1645.5783446600717,43,3.88019183078754,1.813944794782849,3.057833731829507,5.028301554006349,0.5745566865317837,2.9330099160002203,3.86488267895737,3.035324047058544,4.966982746142372,1000,4.308712567815476,4.1518276697393475,475.9927064401338,56.22925000801824,1.0,60.52882510087917,3.8940930156788434,228.02000093460083,20260908,668e83a0bd1cfa11ffe376d00d8bf8dce5ef52249861c46861f0637a5b0d4e1d,4.076743351551377,1.9633093602751024,3.894093015678871,3.877494364250584,1.8256865380198413,3.87163;3.88085;3.89328;3.87023,4.06758;4.08675;4.10635;4.05394,0.999958267832638,0.0049274554593383,0.011422649337634,1.83413;1.8192;1.83001;1.82227,1.96626;1.96312;1.96116;1.96221,1.0001955503989723,0.0069861833398863,0.0010987068646985,4,2000,1000,5000,3.9078616309855057,2.7337299161780044,5.081993345793006,1.3513764956822338,0.1524062417745585
none,20260912,arm2a_weak,tv,True,1.0054095374034095,1645.5783446600717,43,1.170542981076031,0.503746670281688,0.2456662320422859,5.203499865241339,0.0952686211764484,2.687213757237049,1.16498821626115,0.2443871879704297,5.16978159817518,1000,1.6622360141231436,1.678473536204923,39.83246339066095,9.949132951421555,1.0,10.050760994499086,1.903512144983803,228.02000093460083,20260908,668e83a0bd1cfa11ffe376d00d8bf8dce5ef52249861c46861f0637a5b0d4e1d,1.991633730577133,0.9907566949937636,1.9035121449837935,1.236179052930452,0.5511185533001561,1.22975;1.25993;1.22066;1.23686,2.02039;1.9799;1.94604;2.01904,1.000043669808455,0.0076878747183419,0.0177807053159766,0.541374;0.565209;0.537874;0.558882,1.00255;0.979052;0.967328;1.01397,1.0001345346570474,0.0049374389264233,0.0106607626498319,4,2000,1000,5000,3.9078616309855057,2.7337299161780044,5.081993345793006,1.3513764956822338,0.1524062417745585
performance_chasing,20260908,arm2a_weak,meta,True,1.0063941224743376,1731.3478174369784,46,1.5090583018243002,0.7096459340718728,0.2992639679507844,7.9539599860324595,0.1219892640986266,4.573117404040019,1.5033521051801009,0.2971491619546774,7.914302748401501,1000,2.9478910760347588,2.8820788829994513,218.57392211260895,42.47056998956075,1.0,40.18414769943393,2.48025230525594,262.92711997032166,20260908,a98e57816fab67fb99bb98b427d1d6fe9e3cb9a086267bd2a49019c144d3f9c2,2.6444216158966047,1.358786246271657,2.480252305255944,1.5581467398316162,0.7176890378886993,1.57518;1.55513;1.52022;1.5812,2.67771;2.5687;2.48678;2.84363,1.000441270374058,0.0185402347646974,0.0771254136377834,0.732721;0.697543;0.689701;0.74418,1.37088;1.31575;1.28248;1.46594,1.0003633837608543,0.0109600460859394,0.0401081495801215,4,2000,1000,5000,3.4102072444643134,2.480283567080857,4.34013092184777,1.2171870724134837,0.138462937553103
performance_chasing,20260908,arm2a_weak,pla,True,1.0063941224743376,1731.3478174369784,46,3.5023169127695857,1.81450255809425,2.800131860655529,4.458241679084301,0.78688235902813,2.637231441870973,3.4515799818148087,2.7597595945546907,4.380678832153234,1000,4.29041791942621,4.149574999118227,461.08016011230274,67.16000111064477,1.0,60.81383084478317,3.4812259486045236,262.92711997032166,20260908,a98e57816fab67fb99bb98b427d1d6fe9e3cb9a086267bd2a49019c144d3f9c2,3.602925325178139,1.8907964674487232,3.481225948604542,3.498524471680807,1.8080552802042948,3.48839;3.50127;3.50194;3.50255,3.58957;3.60966;3.59373;3.6253,1.0000518343078897,0.004090443682494,0.0081554186933074,1.8107;1.80239;1.80502;1.81356,1.89248;1.88811;1.88342;1.89943,1.000185458646195,0.0049626726350113,0.0034036235250734,4,2000,1000,5000,3.4102072444643134,2.480283567080857,4.34013092184777,1.2171870724134837,0.138462937553103
performance_chasing,20260908,arm2a_weak,tv,True,1.0063941224743376,1731.3478174369784,46,1.2712388375878547,0.5534296136602734,0.2768463417099674,5.066578898216813,0.1122009605276492,2.545051391519937,1.2572356964843396,0.272530860499612,4.996507623787479,1000,1.6632191141250114,1.6784918424104216,40.24099833904106,10.00487933958941,1.0,9.990275691852602,1.927340903271788,262.92711997032166,20260908,a98e57816fab67fb99bb98b427d1d6fe9e3cb9a086267bd2a49019c144d3f9c2,2.012537450985643,1.0070036657423975,1.9273409032717912,1.2750110136853374,0.5686090106543041,1.27443;1.2646;1.27232;1.28462,2.02323;1.98584;1.96948;2.07145,0.999964387570326,0.0102804817885199,0.0226414542947069,0.556788;0.571232;0.561927;0.579823,1.01323;0.985532;0.986743;1.04241,1.0003288435164177,0.0050743434458466,0.0134278176815053,4,2000,1000,5000,3.4102072444643134,2.480283567080857,4.34013092184777,1.2171870724134837,0.138462937553103
performance_chasing,20260909,arm2a_weak,meta,True,1.001735985231757,3105.9347881934304,48,1.159537302794169,0.5348607027557793,0.2747671941958098,5.035307586578384,0.097343632567614,2.5424415071790247,1.1566888339281234,0.2729000347135524,5.003638766909105,1000,2.947537489551566,2.880446927917512,144.45150348377604,38.82292596072857,1.0,40.46885274436602,1.7372519806000015,344.7508420944214,20260908,f3ff97ab651609772a1720dfa086c21ea4aeec737dddb31c546a84d44adfd980,1.821771510777004,0.8919777285781141,1.737251980600004,1.2217241099105074,0.538069491390109,1.20522;1.21947;1.20204;1.26309,1.80273;1.8163;1.77143;1.90006,1.0002705515885406,0.0090933946980521,0.0274680396993305,0.540453;0.53009;0.531045;0.54816,0.878355;0.892586;0.868844;0.928015,1.0001560551848945,0.0048011346016895,0.0129736571648825,4,2000,1000,5000,4.904764642850097,3.016800778487163,6.79272850721303,1.5712845036764884,0.1945384541963835
performance_chasing,20260909,arm2a_weak,pla,True,1.001735985231757,3105.9347881934304,48,5.000804320493542,2.3671231440536715,3.6545912258582143,6.711716966604175,0.9207649473076122,3.6729970167066233,4.940116985637001,3.603945846301029,6.633732242574467,1000,4.295088030025803,4.146574860398926,618.0449320752841,58.39230098235405,1.0,61.19166149772538,4.971398205490103,344.7508420944214,20260908,f3ff97ab651609772a1720dfa086c21ea4aeec737dddb31c546a84d44adfd980,5.168292798277522,2.523653700484106,4.971398205490095,4.950473668815304,2.360601316248495,4.94896;4.94189;4.95414;4.9571,5.16512;5.15306;5.16366;5.18665,0.9999098475635734,0.0080203137756518,0.0070434061772621,2.35736;2.3753;2.35178;2.36417,2.52126;2.53292;2.51822;2.52217,1.0001130250020405,0.007199061305307,0.0032063564794181,4,2000,1000,5000,4.904764642850097,3.016800778487163,6.79272850721303,1.5712845036764884,0.1945384541963835
performance_chasing,20260909,arm2a_weak,tv,True,1.001735985231757,3105.9347881934304,48,1.2600063891654398,0.5374000940609078,0.2680979378686406,5.914816901904095,0.096793043576391,2.9344656133825353,1.2566630314888605,0.2678676912557751,5.892765471366739,1000,1.663871333939262,1.6785063568927887,37.6984511181635,9.64637185193598,1.0,9.942057709390667,1.8388333368419305,344.7508420944214,20260908,f3ff97ab651609772a1720dfa086c21ea4aeec737dddb31c546a84d44adfd980,1.924526466000694,0.9477379449761788,1.8388333368419263,1.2231615601484542,0.5447353048340049,1.20313;1.21725;1.21683;1.25016,1.88307;1.90998;1.90362;2.00197,1.0001141260417177,0.0078863595215361,0.0264017531576724,0.536445;0.540406;0.535093;0.566691,0.933143;0.930976;0.941055;0.985627,1.0003104154732396,0.0042126846476496,0.0128264006174076,4,2000,1000,5000,4.904764642850097,3.016800778487163,6.79272850721303,1.5712845036764884,0.1945384541963835
performance_chasing,20260910,arm2a_weak,meta,True,1.0064465360446069,1395.0571573175844,45,1.41126625583818,0.6440752882894452,0.3141930989811839,7.639798705528325,0.1153153546241988,4.144334041513906,1.399257327582346,0.3131172665349602,7.592961813854719,1000,2.9477419815247665,2.8820106347014613,209.97883754576148,41.28808289859606,1.0,40.19609013929927,2.4139600937945236,217.40828108787537,20260908,2d52751960481f74609866464b8c9dfd30878c562145aad2c2395db7d4358ca9,2.576927883260322,1.3057310194129546,2.413960093794492,1.5081092701955443,0.6879890902411321,1.48873;1.52029;1.5057;1.52151,2.52052;2.61717;2.52537;2.64856,1.0005589408623812,0.0169863034972149,0.0323873220885089,0.680767;0.685871;0.680261;0.707301,1.27349;1.32036;1.28783;1.3412,1.000463189413174,0.0098864861349489,0.0153622821141875,4,2000,1000,5000,2.696699050036388,1.266846681337107,4.126551418735669,0.9567130850314668,0.2657644293914126
performance_chasing,20260910,arm2a_weak,pla,True,1.0064465360446069,1395.0571573175844,45,2.7210159900085458,1.2590258084864068,1.7961005946490516,4.185685489852529,0.4258124216445831,2.2835050785916797,2.681861688372993,1.7686087921863565,4.124237272922499,1000,4.291209356673342,4.154976297995827,337.0812234591381,57.01086982806636,1.0,60.12854772670989,2.7561529179555517,217.40828108787537,20260908,2d52751960481f74609866464b8c9dfd30878c562145aad2c2395db7d4358ca9,2.8776071325564985,1.4005096619687687,2.7561529179555433,2.7040458810710586,1.2557360021088773,2.67955;2.71172;2.71481;2.70164,2.87805;2.87086;2.88461;2.8806,1.000272451294954,0.0064442906541921,0.0028925343885461,1.25606;1.25055;1.26273;1.25238,1.40668;1.39659;1.40248;1.39615,1.00033946909622,0.0043092827001766,0.0025210537158089,4,2000,1000,5000,2.696699050036388,1.266846681337107,4.126551418735669,0.9567130850314668,0.2657644293914126
performance_chasing,20260910,arm2a_weak,tv,True,1.0064465360446069,1395.0571573175844,45,1.235252667390872,0.5343139506033558,0.2448265911932265,5.721152491570963,0.0934152419023934,2.8486406836828135,1.229414894469092,0.2441150389799021,5.704993717488826,1000,1.6637237923184611,1.6784783898520508,40.57360507293877,10.081042434861786,1.0,10.034759555097704,1.9234678900889275,217.40828108787537,20260908,2d52751960481f74609866464b8c9dfd30878c562145aad2c2395db7d4358ca9,2.0170016136165234,1.0108211901671589,1.9234678900889253,1.2571523386117356,0.5619976686334005,1.26857;1.2692;1.2281;1.25847,2.0101;2.00359;2.01039;2.0513,1.0002060104616877,0.0096441247025259,0.0109314339198013,0.552339;0.567772;0.555918;0.569991,0.999819;1.00302;1.00442;1.03592,0.999953032791022,0.0041501109373082,0.0084307418195486,4,2000,1000,5000,2.696699050036388,1.266846681337107,4.126551418735669,0.9567130850314668,0.2657644293914126
performance_chasing,20260911,arm2a_weak,meta,True,1.006747951792688,1234.7922623112622,43,1.346583976136948,0.5966237230011139,0.3082579719821434,6.106524640630291,0.1108631047540297,3.4696991616272954,1.337033705408652,0.30609723968266,6.081608109116709,1000,2.9492075194394087,2.883195957737079,170.07780049963915,40.05589009075658,1.0,39.98822300208582,2.0195379515137786,204.9421980381012,20260908,a430382c61a78b49c1c6bc019f4b1be997f441d97722a369498beb01d46ea584,2.1248008620242635,1.063298557727697,2.019537951513767,1.3429908776854689,0.6037924981123541,1.32354;1.34565;1.33635;1.36451,2.10435;2.09437;2.00575;2.29094,1.0010256889311684,0.0122408998681444,0.0599425917861776,0.597697;0.594626;0.60477;0.617639,1.03789;1.04526;1.01889;1.15068,1.001113108368546,0.0064573867605475,0.029690990396332,4,2000,1000,5000,5.348154820735525,3.7769087349420385,6.919400906529011,1.6656414490560318,0.1490648116896861
performance_chasing,20260911,arm2a_weak,pla,True,1.006747951792688,1234.7922623112622,43,5.35541401204633,2.5869658461705525,4.2662742063621915,6.921194036486306,0.9951181637228604,3.9265104288495274,5.283315548857599,4.209363554506584,6.846674936399357,1000,4.295340393857183,4.158485076863498,651.5808251743007,56.64370767435031,1.0,59.679802928232526,5.366978620186748,204.9421980381012,20260908,a430382c61a78b49c1c6bc019f4b1be997f441d97722a369498beb01d46ea584,5.601454270069399,2.727626920966614,5.366978620186758,5.384037278755539,2.5836561153961286,5.36314;5.37388;5.4086;5.39048,5.6044;5.58845;5.61029;5.59871,1.0000659349897758,0.0069913304897641,0.0046488244202988,2.58466;2.56982;2.59344;2.58756,2.73023;2.71464;2.74086;2.72484,1.0003012639693538,0.0089572977160741,0.0054631699235777,4,2000,1000,5000,5.348154820735525,3.7769087349420385,6.919400906529011,1.6656414490560318,0.1490648116896861
performance_chasing,20260911,arm2a_weak,tv,True,1.006747951792688,1234.7922623112622,43,1.1957764962349082,0.5250123298405063,0.2385244098507175,4.877105032898347,0.0916638894739347,2.7466226243900516,1.1852332692557317,0.2357473425151816,4.841590769740671,1000,1.6625159964527418,1.678468232672954,38.327385126380065,10.039974859070544,1.0,10.068216542636993,1.8276684172351785,204.9421980381012,20260908,a430382c61a78b49c1c6bc019f4b1be997f441d97722a369498beb01d46ea584,1.9060583003564109,0.9516906359770304,1.82766841723518,1.219389353826802,0.5458865668626467,1.22801;1.22096;1.20068;1.23144,1.90615;1.88416;1.91336;1.92295,1.0003470961199807,0.0080812079350292,0.0082499644595248,0.529349;0.561593;0.545134;0.550064,0.946037;0.941863;0.953238;0.965551,1.0001787444032555,0.0051374984547719,0.0051885595637137,4,2000,1000,5000,5.348154820735525,3.7769087349420385,6.919400906529011,1.6656414490560318,0.1490648116896861
performance_chasing,20260912,arm2a_weak,meta,True,1.0055448592392318,1652.4502384207617,44,1.1233562964893933,0.4930430686876821,0.2696561443412321,4.868282952016046,0.0942236774857403,2.52654529932204,1.1123990563585822,0.2671889315130501,4.797206689667603,1000,2.9470246411349903,2.881613063270842,132.50949487200623,38.47587153612157,1.0,40.26559630792459,1.6081817047285254,250.27745532989505,20260908,c501c3b7fff683202f2101241e0dbd393b7daf0746b081c8dabf7984e252d93e,1.682842579648782,0.8222965211615634,1.6081817047285287,1.1406789416380492,0.4991604750662542,1.1328;1.13817;1.13251;1.16073,1.6795;1.6721;1.63678;1.7385,1.0001804753007688,0.0086404851118445,0.0210975025049004,0.497045;0.492151;0.499596;0.504055,0.8162;0.814851;0.810136;0.84794,1.0000857094293427,0.0040660224933575,0.0086509875421428,4,2000,1000,5000,3.8642869307844583,2.479809267205701,5.248764594363215,1.3353429118270794,0.1812967689488042
performance_chasing,20260912,arm2a_weak,pla,True,1.0055448592392318,1652.4502384207617,44,3.832845692302859,1.757655153774734,2.872767310805895,5.144203868730437,0.5526555776628548,2.811034424195204,3.781278385637029,2.839089916394541,5.0741730206898135,1000,4.289071246287139,4.1483965207909375,461.6269014067106,53.595755997893555,1.0,60.962481595636184,3.841589067496969,250.27745532989505,20260908,c501c3b7fff683202f2101241e0dbd393b7daf0746b081c8dabf7984e252d93e,4.029626424985987,1.88524963184423,3.8415890674969857,3.835185300937918,1.750770510282641,3.82572;3.84063;3.84939;3.826,4.03802;4.03978;4.01785;4.02165,1.0001031954285449,0.0064531525331514,0.0055936864849074,1.75865;1.75111;1.74847;1.74773,1.88671;1.88279;1.88906;1.88245,1.0000760101347232,0.0063607024706706,0.0015969456582029,4,2000,1000,5000,3.8642869307844583,2.479809267205701,5.248764594363215,1.3353429118270794,0.1812967689488042
performance_chasing,20260912,arm2a_weak,tv,True,1.0055448592392318,1652.4502384207617,44,1.2190779392401925,0.5224456002782392,0.2488229110077833,5.346756000355653,0.0929970611093693,2.710805856449777,1.2153730728871577,0.2460361135755406,5.329675196585213,1000,1.6622360141231436,1.678473536204923,39.49898060666414,9.909113347572358,1.0,10.050760994499086,1.8943378404000055,250.27745532989505,20260908,c501c3b7fff683202f2101241e0dbd393b7daf0746b081c8dabf7984e252d93e,1.978919302282788,0.9824378343119782,1.894337840400003,1.247621826041985,0.5603099997339964,1.23951;1.26028;1.22979;1.2679,1.96838;1.95764;1.9496;2.03866,1.0001272606563485,0.0092253473093383,0.0203966366089802,0.550391;0.566596;0.560273;0.561096,0.968051;0.974512;0.965705;1.02131,1.000087893082002,0.0044811582939449,0.0131059237086118,4,2000,1000,5000,3.8642869307844583,2.479809267205701,5.248764594363215,1.3353429118270794,0.1812967689488042
none,20260908,knots13,meta,True,1.0027284578172857,4022.11838249983,13,1.3875075260734997,0.6398626686220192,0.3117212120274172,6.790309842522454,0.1163343654885891,3.4414384701605187,1.381652397204174,0.3093411754604277,6.7608712275248966,1000,2.9478910760347588,2.8820788829994513,181.2820441625798,40.70141767229584,1.0,40.18414769943393,2.1088120909000967,93.70947408676147,20260908,736d3679e11760c8fe924056505ab728b1a5d031447b2106d96087f394edaee2,2.241216258172308,1.127774514819938,2.108812090900101,1.333632853923333,0.6031415000651326,1.32985;1.32212;1.33821;1.34199,2.24402;2.15944;2.26317;2.29584,0.9999767071248908,0.0100107253495007,0.029096439339756,0.613001;0.592213;0.599653;0.609551,1.12697;1.08578;1.13968;1.15864,1.0002534175527549,0.0057168070888772,0.0154356524186758,4,2000,1000,5000,,,,,
none,20260908,knots13,pla,True,1.0027284578172857,4022.11838249983,13,1.394408107306408,0.6049966299835254,0.307769117022612,6.74338511246245,0.1162393668751165,3.582849039513498,1.3894801030029815,0.3072458209461766,6.705187918667574,1000,4.309408624341329,4.154118209407462,280.906892358765,61.849760487432654,1.0,60.237858000361825,2.170095421132968,93.70947408676147,20260908,736d3679e11760c8fe924056505ab728b1a5d031447b2106d96087f394edaee2,2.300863067345754,1.165620492387951,2.1700954211329857,1.3897629811230328,0.6313947210295751,1.40832;1.40177;1.36912;1.38409,2.41546;2.28679;2.24055;2.26115,1.0001344304637965,0.0094186116961901,0.0393122193500717,0.646473;0.626694;0.617079;0.637271,1.22412;1.16253;1.12852;1.14726,1.0003035115300056,0.0053581913692452,0.020706639314145,4,2000,1000,5000,,,,,
none,20260908,knots13,tv,True,1.0027284578172857,4022.11838249983,13,1.227596085438699,0.5658553378169144,0.2796729812727878,5.349494901965826,0.1026432937287724,2.6071149885673512,1.224779744166204,0.2780983036898617,5.333436710217526,1000,1.6632191141250114,1.6784918424104216,38.19919911149939,9.80885776828783,1.0,9.990275691852602,1.851337470064021,93.70947408676147,20260908,736d3679e11760c8fe924056505ab728b1a5d031447b2106d96087f394edaee2,1.9293369171131616,0.9558292787573056,1.8513374700640248,1.234919380772866,0.5494031565177564,1.2329;1.23707;1.23465;1.23457,1.94098;1.97648;1.88256;1.91895,1.0004384295145594,0.0076746977392272,0.0196913062381804,0.565619;0.54356;0.553073;0.54742,0.959337;0.970784;0.936863;0.956193,1.0003101425540464,0.0042557095051105,0.0070462583754035,4,2000,1000,5000,,,,,
none,20260909,knots13,meta,True,1.0024536198148062,4634.549712558962,13,1.2580741696665432,0.5642467117330475,0.2930729708046406,5.599705549816339,0.1091471197634622,2.900183522161647,1.24190243837977,0.2916382764308186,5.551643717962394,1000,2.947537489551566,2.880446927917512,154.4012668181648,39.69724718353031,1.0,40.46885274436602,1.8347799364747532,91.13554096221924,20260908,5d4c83aa5feb5fc2de602cdb7a7801fc2333b44f8c9e1b221370986c629db7b8,1.9260169442824049,0.9537394357533632,1.8347799364747457,1.2327366645509414,0.5532275333486942,1.24868;1.20964;1.23226;1.23476,1.93421;1.85269;1.9459;1.96812,1.000299647302061,0.0064580544008542,0.025182529832205,0.562428;0.539112;0.560848;0.548146,0.953335;0.921338;0.965037;0.975239,1.0005479109384403,0.0049648919854697,0.0116899086434698,4,2000,1000,5000,,,,,
none,20260909,knots13,pla,True,1.0024536198148062,4634.549712558962,13,1.2611636327036146,0.5332730605713939,0.2803351538479549,5.894038659495665,0.1078159740054153,2.96982896963085,1.25127694474181,0.279312769119272,5.792525896620068,1000,4.307344100278896,4.147220200695105,251.6468806432347,62.33612823539278,1.0,61.11055535994707,1.9446811658075551,91.13554096221924,20260908,5d4c83aa5feb5fc2de602cdb7a7801fc2333b44f8c9e1b221370986c629db7b8,2.038506611227703,1.0293724070712622,1.944681165807569,1.2912909313123446,0.5813552624970364,1.30575;1.29779;1.27939;1.2803,2.05828;2.05744;2.0251;2.01301,1.000090748317786,0.0094901185723896,0.0114712724134548,0.592693;0.583154;0.568258;0.582012,1.04403;1.03972;1.01866;1.01505,1.000184187090383,0.0043398661505484,0.0073128907447968,4,2000,1000,5000,,,,,
none,20260909,knots13,tv,True,1.0024536198148062,4634.549712558962,13,1.2291540944864234,0.5665975536105988,0.2905178925138042,5.43357517105255,0.111262170680043,2.6485705355343896,1.2248286163269149,0.2883559527409834,5.412119556034677,1000,1.663871333939262,1.6785063568927887,38.311894630529245,9.67434100725918,1.0,9.942057709390667,1.8771764178632957,91.13554096221924,20260908,5d4c83aa5feb5fc2de602cdb7a7801fc2333b44f8c9e1b221370986c629db7b8,1.9530544410280155,0.9631999731323468,1.877176417863292,1.2447628214583255,0.5485080808015789,1.23809;1.24676;1.24391;1.25117,1.97688;1.97655;1.91857;1.93977,1.000306917474127,0.006747940075325,0.0143905610654067,0.549089;0.546442;0.547111;0.550431,0.968283;0.968015;0.950908;0.965409,1.0003680479745591,0.0047223486522128,0.0041331290852515,4,2000,1000,5000,,,,,
none,20260910,knots13,meta,True,1.0025230772374982,4384.958128543222,13,1.2882710026218631,0.5622753272528911,0.3167100923782728,5.61924717206111,0.1079039321281072,2.808279701350085,1.280379884833748,0.3150049561571026,5.584696260452233,1000,2.9477419815247665,2.8820106347014613,157.56847423254,39.31016664108058,1.0,40.19609013929927,1.888496856830576,86.16497111320496,20260908,5d3c2219efea4ce5e1e0fccd92793a1b5c723bc19b672d555f0db0c4743247e0,1.9818374127182397,0.9798770851941048,1.8884968568305749,1.2633873567381846,0.5604106217886256,1.2738;1.25517;1.27839;1.24469,1.97472;1.92345;2.00397;2.02239,1.0002247650033815,0.0086809856065317,0.0215865112238199,0.5704;0.550128;0.568761;0.557191,0.973492;0.949982;0.990932;1.0051,1.0000673903593578,0.0050174660620115,0.0118771554195043,4,2000,1000,5000,,,,,
none,20260910,knots13,pla,True,1.0025230772374982,4384.958128543222,13,1.379564158996916,0.5882177743978134,0.2870574316392325,6.9383809363990645,0.102195892368033,3.348426545333263,1.3733716244545076,0.2857029027176612,6.90199648184053,1000,4.309503497520344,4.158863835444871,272.80296256503806,59.794931651310634,1.0,59.63119106290575,2.149421797457196,86.16497111320496,20260908,5d3c2219efea4ce5e1e0fccd92793a1b5c723bc19b672d555f0db0c4743247e0,2.2842821684653405,1.1437070330338437,2.1494217974571983,1.376798732879181,0.6120824574872346,1.40941;1.38187;1.34959;1.36798,2.3602;2.30395;2.2223;2.25206,1.0001029289838377,0.0085435354159383,0.0303182909815682,0.630074;0.612355;0.601015;0.605326,1.18756;1.15088;1.10547;1.13082,1.000289853511643,0.0060836064683698,0.0173265026079041,4,2000,1000,5000,,,,,
none,20260910,knots13,tv,True,1.0025230772374982,4384.958128543222,13,1.2315746145940074,0.5821871180884027,0.2766206019706697,5.476880588807636,0.1125559887973279,2.624518785829281,1.224950996362694,0.2754285471084005,5.456149488757402,1000,1.6637237923184611,1.6784783898520508,39.04358855896589,10.012431630108557,1.0,10.034759555097704,1.8714346816137877,86.16497111320496,20260908,5d3c2219efea4ce5e1e0fccd92793a1b5c723bc19b672d555f0db0c4743247e0,1.9475839881139028,0.9727074178920974,1.871434681613782,1.2489739142821308,0.5637790424349424,1.24252;1.26167;1.25057;1.24608,1.9561;1.96915;1.92928;1.94118,1.0004542305047146,0.0065919286518104,0.0086903391006842,0.567409;0.563062;0.56723;0.554815,0.972594;0.982691;0.968062;0.967431,1.0003569448635854,0.0044633518290596,0.0035250089341127,4,2000,1000,5000,,,,,
none,20260911,knots13,meta,True,1.0016968673531146,4556.813225684854,13,1.2517497583969377,0.5471288486150541,0.2895111871281684,5.613532931228853,0.105001490916481,2.6909532614920844,1.235799872194168,0.2869816353807377,5.597433977224061,1000,2.9492075194394087,2.883195957737079,151.43310247012343,39.29013605770859,1.0,39.98822300208582,1.82088366143918,84.76177191734314,20260908,3c221baea98377492ed18d237d4d81d4661e62c8c31521e43debb69dd19d7f9a,1.9101442596195448,0.946662228271452,1.8208836614391788,1.232018954808766,0.548113745362233,1.2427;1.22466;1.2343;1.22118,1.93517;1.85133;1.91529;1.93748,1.000257061377708,0.0068536440981956,0.0201209561262202,0.553096;0.538872;0.549897;0.553678,0.95029;0.917705;0.951876;0.966661,1.000395181440059,0.0047643854155377,0.0103232342910451,4,2000,1000,5000,,,,,
none,20260911,knots13,pla,True,1.0016968673531146,4556.813225684854,13,1.199319412019853,0.4992523053802443,0.2891711836955248,5.13778483433935,0.100357037861097,2.391737588183937,1.1882196204525433,0.28526364470625,5.131198523654877,1000,4.309486860331124,4.158702688140481,212.1638592575442,58.11609722999793,1.0,59.651877675452944,1.7213878734986965,84.76177191734314,20260908,3c221baea98377492ed18d237d4d81d4661e62c8c31521e43debb69dd19d7f9a,1.8015412036071636,0.8890238972462636,1.721387873498699,1.2039399336554728,0.5292887523457979,1.21151;1.21857;1.19425;1.20036,1.80909;1.83738;1.78769;1.77785,1.0001436365655114,0.0078315614653761,0.0131850900030633,0.529496;0.534322;0.524571;0.527598,0.893612;0.905194;0.87961;0.877593,1.0001672784149187,0.0042836896132238,0.006466711128042,4,2000,1000,5000,,,,,
none,20260911,knots13,tv,True,1.0016968673531146,4556.813225684854,13,1.225632713220337,0.5810549032813714,0.2929043301792252,5.328459075701099,0.1112076354137451,2.76242738923217,1.220057988107964,0.2904016258627658,5.295424986363551,1000,1.6625159964527418,1.678468232672954,38.91119855708152,9.931758266177058,1.0,10.068216542636993,1.861020371263261,84.76177191734314,20260908,3c221baea98377492ed18d237d4d81d4661e62c8c31521e43debb69dd19d7f9a,1.9455623784052585,0.9661439810671064,1.8610203712632751,1.2457360857454494,0.5580317694619588,1.25282;1.25095;1.2441;1.23675,1.96745;1.93087;1.92428;1.95863,1.0002509329111389,0.0079008690430056,0.0104828614514286,0.571594;0.55002;0.55924;0.552827,0.97515;0.954959;0.962618;0.971785,1.0004978295058502,0.0043540567256122,0.004568629206754,4,2000,1000,5000,,,,,
none,20260912,knots13,meta,True,1.0018998114761963,4548.990572165818,13,1.3319685807198924,0.6064247929072459,0.3033946198943248,6.695045382442582,0.112269609973692,3.5032296150251883,1.3206482451978103,0.3025965451881539,6.646181238061397,1000,2.9470246411349903,2.881613063270842,171.312642877177,40.442936037569666,1.0,40.26559630792459,2.01489857893341,87.46203804016113,20260908,668e83a0bd1cfa11ffe376d00d8bf8dce5ef52249861c46861f0637a5b0d4e1d,2.122608823362415,1.0636364036725043,2.01489857893341,1.3005899342354197,0.5883503859398571,1.32228;1.29342;1.28955;1.30464,2.14122;2.04545;2.14579;2.15869,1.0002499779269562,0.0106685402155519,0.0260423625895687,0.597189;0.577368;0.585646;0.586638,1.07146;1.01999;1.07515;1.08788,1.000250768845095,0.0041525889710239,0.0149632896536104,4,2000,1000,5000,,,,,
none,20260912,knots13,pla,True,1.0018998114761963,4548.990572165818,13,1.2916092649662794,0.5372874673016128,0.299662686484818,5.536179858679598,0.1055921675837932,2.6643066129990336,1.2881709762252416,0.2955823668798595,5.49992336932697,1000,4.308712567815476,4.1518276697393475,234.57135747774788,59.83174783032159,1.0,60.52882510087917,1.863215814216317,87.46203804016113,20260908,668e83a0bd1cfa11ffe376d00d8bf8dce5ef52249861c46861f0637a5b0d4e1d,1.948905291534555,0.9688090327533606,1.863215814216312,1.2705160897851917,0.5615163860207317,1.291;1.27565;1.25471;1.26144,1.97552;1.96956;1.90998;1.94039,1.0000936377262175,0.0088016302622629,0.0150642157715244,0.572714;0.565635;0.544296;0.561356,0.983889;0.980118;0.946575;0.964642,1.000257191309241,0.0044416276412446,0.0085000889785319,4,2000,1000,5000,,,,,
none,20260912,knots13,tv,True,1.0018998114761963,4548.990572165818,13,1.238215565665322,0.5729325334505135,0.2657258104802964,5.373921204853586,0.1143749897731274,2.8341874872095563,1.232911737524781,0.2648648793937477,5.350545471208536,1000,1.6622360141231436,1.678473536204923,38.504001954427736,9.916071149074188,1.0,10.050760994499086,1.85631169453278,87.46203804016113,20260908,668e83a0bd1cfa11ffe376d00d8bf8dce5ef52249861c46861f0637a5b0d4e1d,1.928398139352367,0.9576948944377388,1.8563116945327731,1.2399428050575525,0.5554093921237055,1.24187;1.25749;1.23886;1.22643,1.94768;1.92121;1.90359;1.94684,1.000440353524667,0.0083165532555802,0.0106876126522977,0.561706;0.553947;0.556262;0.546534,0.963748;0.950695;0.949223;0.967034,1.0003964475983338,0.004352481847593,0.004515067383144,4,2000,1000,5000,,,,,
performance_chasing,20260908,knots13,meta,True,1.003137030796856,4058.225653611283,13,1.2709646785858908,0.5699329403647029,0.2946176394581095,5.70181184755581,0.1047128364987861,2.7581225374140845,1.2604995781608015,0.2939866094370544,5.680393544569901,1000,2.9478910760347588,2.8820788829994513,158.426545264959,40.73637257241373,1.0,40.18414769943393,1.8572167841359464,115.82743501663208,20260908,a98e57816fab67fb99bb98b427d1d6fe9e3cb9a086267bd2a49019c144d3f9c2,1.9578043335946735,0.9855824787840336,1.857216784135943,1.2325342220039504,0.5583969491053041,1.24227;1.22913;1.22463;1.23769,1.97429;1.92962;1.95551;1.96736,1.0001372188396918,0.0084863898759501,0.00982151610732,0.571843;0.547284;0.564615;0.551264,1.00086;0.961871;0.986439;0.992977,1.000126507997906,0.0052852516207497,0.008420951290896,4,2000,1000,5000,,,,,
performance_chasing,20260908,knots13,pla,True,1.003137030796856,4058.225653611283,13,27.437827240173227,17.33248503441058,17.09469547053848,38.43106886859443,10.687938345965732,23.307619659176428,26.99464621377801,16.811539870751826,37.760600576947446,1000,4.29041791942621,4.149574999118227,4684.821216697678,107.72708241188572,1.0,60.81383084478317,27.365976922937783,115.82743501663208,20260908,a98e57816fab67fb99bb98b427d1d6fe9e3cb9a086267bd2a49019c144d3f9c2,27.796344081530055,17.766719045601874,27.36597692293798,27.73917533314252,17.592979653554004,27.8746;27.5156;27.766;27.7994,28.0367;27.5158;27.88;27.7536,1.0003006883814716,0.071429759066607,0.1100387537594084,17.65;17.432;17.5502;17.6935,17.9016;17.6231;17.7963;17.7458,1.0004841779499631,0.0460770349460801,0.0578169403215198,4,2000,1000,5000,,,,,
performance_chasing,20260908,knots13,tv,True,1.003137030796856,4058.225653611283,13,1.1711880951893097,0.5452343638188105,0.2580763601273879,5.789890684878496,0.1002894640004001,2.76614278052911,1.166952010662042,0.25546297200421,5.704947261528998,1000,1.6632191141250114,1.6784918424104216,37.51607344094088,9.87140299356954,1.0,9.990275691852602,1.816335296827628,115.82743501663208,20260908,a98e57816fab67fb99bb98b427d1d6fe9e3cb9a086267bd2a49019c144d3f9c2,1.888867201767619,0.9387811419394638,1.816335296827624,1.2192252329154023,0.5419367694817896,1.22646;1.22803;1.21166;1.21145,1.89187;1.88325;1.87396;1.90833,0.9999784034929576,0.0082854955634018,0.0073060297216436,0.550651;0.551516;0.535696;0.531913,0.940708;0.937024;0.934877;0.942452,1.000184129307622,0.00507226801597,0.0017204344761308,4,2000,1000,5000,,,,,
performance_chasing,20260909,knots13,meta,True,1.004192683408832,2035.50252815417,13,1.1633076894484078,0.5299471072693445,0.2648348656182547,4.992818092829351,0.0933774943288843,2.644823133441843,1.152683802317005,0.2641114127433694,4.924368584574474,1000,2.947537489551566,2.880446927917512,145.6278587293901,39.95665315146306,1.0,40.46885274436602,1.7225608562782992,210.65653824806213,20260908,f3ff97ab651609772a1720dfa086c21ea4aeec737dddb31c546a84d44adfd980,1.8107173477778833,0.8995927895986376,1.7225608562782917,1.1808339287555287,0.5285031852833459,1.211;1.15094;1.15997;1.20014,1.84622;1.7798;1.76857;1.84855,1.0002688130710111,0.0108472283530841,0.0212597335662991,0.550013;0.512071;0.521973;0.541651,0.910748;0.888129;0.881911;0.917507,1.0002298504995673,0.0048023475103134,0.0086091755154986,4,2000,1000,5000,,,,,
performance_chasing,20260909,knots13,pla,True,1.004192683408832,2035.50252815417,13,20.425963989645428,12.263790643016268,0.6498709453047727,38.415618606682585,0.2568411680085653,23.354176746735977,20.143485964835367,0.6381177544518472,37.928612840754944,1000,4.295088030025803,4.146574860398926,3051.66572334051,91.18759884138264,1.0,61.19166149772538,18.90382121434922,210.65653824806213,20260908,f3ff97ab651609772a1720dfa086c21ea4aeec737dddb31c546a84d44adfd980,20.026778687265367,11.984530308795176,18.903821214349183,20.48810635358968,12.452114640688308,20.5033;21.063;20.623;19.6176,19.9046;20.4609;20.266;19.4798,1.001170677417505,0.3976434584081509,0.2159735379953272,12.4638;12.8647;12.5183;12.0234,11.9421;12.2297;12.1282;11.6387,1.0010553819462744,0.297181968539407,0.1297924367288661,4,2000,1000,5000,,,,,
performance_chasing,20260909,knots13,tv,True,1.004192683408832,2035.50252815417,13,1.2139710888987705,0.5234790617980738,0.2587158236522331,5.383440636686073,0.0961023834293067,2.6928491198801825,1.200630847200901,0.2573997547125412,5.332038729189055,1000,1.663871333939262,1.6785063568927887,37.383396951996765,9.72130672833633,1.0,9.942057709390667,1.8277763195930992,210.65653824806213,20260908,f3ff97ab651609772a1720dfa086c21ea4aeec737dddb31c546a84d44adfd980,1.90116991781281,0.9399132086254428,1.8277763195930896,1.2243677021193653,0.5412821103117318,1.20716;1.25162;1.19825;1.24385,1.89467;1.87319;1.88232;1.95633,1.000269013044207,0.0100052772103479,0.0187589013502394,0.535548;0.548027;0.527956;0.551154,0.934657;0.924708;0.926148;0.974045,1.000238955120793,0.0044016999589073,0.0115949016712578,4,2000,1000,5000,,,,,
performance_chasing,20260910,knots13,meta,True,1.0027097666743805,3889.795046288976,13,1.1995368717316792,0.5703566510026163,0.2823494666981642,5.039180849933416,0.105838903393312,2.481690805510005,1.1935966950341252,0.2811756212130119,5.029872193251766,1000,2.9477419815247665,2.8820106347014613,145.09763994159226,39.63081423169637,1.0,40.19609013929927,1.7324195205399948,129.98037600517273,20260908,2d52751960481f74609866464b8c9dfd30878c562145aad2c2395db7d4358ca9,1.8176533473883791,0.9023910284155504,1.7324195205399884,1.1901683552504196,0.5318250948952501,1.20777;1.18764;1.18737;1.18122,1.86616;1.7631;1.82338;1.81754,1.0003545134425824,0.0083234092174434,0.0211380591683717,0.543772;0.511892;0.533851;0.535465,0.921921;0.866396;0.913103;0.907935,1.0001396093783872,0.0053106905215805,0.0123237412912163,4,2000,1000,5000,,,,,
performance_chasing,20260910,knots13,pla,True,1.0027097666743805,3889.795046288976,13,29.30125879367641,18.686799337880625,17.815849701156722,42.12667313564372,11.088184021289823,24.999650545113177,28.805571813501903,17.505293672995236,41.36342510505457,1000,4.291209356673342,4.154976297995827,4970.554810212939,107.86242925008943,1.0,60.12854772670989,29.09734816693751,129.98037600517273,20260908,2d52751960481f74609866464b8c9dfd30878c562145aad2c2395db7d4358ca9,29.58822491340952,18.997793083150977,29.097348166937405,29.583995546407465,18.861092536893057,29.6633;29.2734;29.6017;29.7578,29.5951;29.2393;29.7863;29.7119,1.0003545347885103,0.0776315012721884,0.1211920364969899,18.8859;18.6571;18.9025;18.9779,19.0461;18.7932;19.0931;19.0526,1.0003960078417056,0.0380876848627824,0.0684871897052799,4,2000,1000,5000,,,,,
performance_chasing,20260910,knots13,tv,True,1.0027097666743805,3889.795046288976,13,1.2313500289882953,0.5799018918681698,0.2693059475052424,5.942675723207338,0.1124021993720967,2.8292480867543484,1.224863308318191,0.2684569283412849,5.93688786292176,1000,1.6637237923184611,1.6784783898520508,37.98262629051694,9.924773558393513,1.0,10.034759555097704,1.8222675658185143,129.98037600517273,20260908,2d52751960481f74609866464b8c9dfd30878c562145aad2c2395db7d4358ca9,1.902981701753505,0.9462477111055648,1.82226756581851,1.2181534916047707,0.5489729984116162,1.21146;1.22393;1.21624;1.22113,1.89962;1.92417;1.88176;1.90854,1.0001487929427524,0.0088350353527315,0.008852678682377,0.553424;0.555885;0.543817;0.545893,0.944195;0.956613;0.933142;0.951017,1.000260881725491,0.0044888008924547,0.0050510755948401,4,2000,1000,5000,,,,,
performance_chasing,20260911,knots13,meta,True,1.0010554321068237,3851.1099832748127,13,1.1724158307101598,0.5156280889098955,0.305746824739622,5.155925774202975,0.101395229750683,2.3862863193025943,1.1651116340398446,0.3030959366600882,5.1173381042555,1000,2.9492075194394087,2.883195957737079,150.20670485050286,39.15860913488331,1.0,39.98822300208582,1.814502542688878,150.9809160232544,20260908,a430382c61a78b49c1c6bc019f4b1be997f441d97722a369498beb01d46ea584,1.8978233341109552,0.9389652160511216,1.814502542688875,1.2294913374350824,0.5461803456894296,1.22738;1.21758;1.22361;1.25094,1.86942;1.93924;1.88943;1.89883,1.0003030178249417,0.009875534602615,0.0146786457786384,0.551842;0.541765;0.54976;0.544773,0.931832;0.942332;0.936999;0.944264,1.0001259964784217,0.005277447630956,0.0028005173613284,4,2000,1000,5000,,,,,
performance_chasing,20260911,knots13,pla,True,1.0010554321068237,3851.1099832748127,13,3.1607318581997816,1.5835104865265843,0.4343476405379683,26.333457873460873,0.1613458806446121,16.319862137956093,3.1121029324273204,0.4306979996752192,25.90739433284498,1000,4.295340393857183,4.158485076863498,1079.0790558101762,73.70037758083885,1.0,59.679802928232526,7.049821814016268,150.9809160232544,20260908,a430382c61a78b49c1c6bc019f4b1be997f441d97722a369498beb01d46ea584,8.090250378217073,4.470338145563576,7.049821814016267,3.144874311665804,1.565488854522552,3.3888;3.11974;3.02805;3.1001,8.20667;8.22226;8.07019;7.86971,1.0007548220119176,0.089405006608074,0.0816513493480732,1.68819;1.53582;1.47616;1.53652,4.53768;4.54891;4.43739;4.35803,1.0005775880014374,0.0515721510719656,0.0451006164365598,4,2000,1000,5000,,,,,
performance_chasing,20260911,knots13,tv,True,1.0010554321068237,3851.1099832748127,13,1.236658682753133,0.579239759041703,0.2763696895548007,5.861030816088159,0.101295701052325,2.940478726684955,1.22798082029985,0.275495830320788,5.806323308394152,1000,1.6625159964527418,1.678468232672954,39.02888466423701,9.986451637570164,1.0,10.068216542636993,1.8657819573601095,150.9809160232544,20260908,a430382c61a78b49c1c6bc019f4b1be997f441d97722a369498beb01d46ea584,1.9461246784804125,0.9690950683725168,1.865781957360105,1.2470060266570804,0.552196850159228,1.24058;1.25526;1.23746;1.25281,1.9117;1.93965;1.96656;1.97016,1.0003398040210325,0.0093096768490742,0.0136002800298994,0.550166;0.558531;0.549101;0.548656,0.956877;0.964823;0.969658;0.984874,1.0002784125568411,0.0056074154935911,0.0058935319527687,4,2000,1000,5000,,,,,
performance_chasing,20260912,knots13,meta,True,1.0023525545500809,4177.391826051932,13,1.1746947247099182,0.5228643597070254,0.302446113493394,5.120566848359247,0.1102574516004621,2.5609818648834612,1.1713930062850588,0.2970747651123559,5.106034167992616,1000,2.9470246411349903,2.881613063270842,157.02777105248657,40.169350328503214,1.0,40.26559630792459,1.8491522651033452,144.73098278045654,20260908,c501c3b7fff683202f2101241e0dbd393b7daf0746b081c8dabf7984e252d93e,1.9522331725072717,0.97494859765935,1.8491522651033323,1.2416289571718635,0.5590736591747677,1.22298;1.21942;1.24954;1.28721,1.92865;1.98702;1.88282;2.01266,1.0006344717422937,0.0084065232781262,0.0292046213148348,0.551533;0.552913;0.550209;0.580566,0.956788;0.993314;0.941336;1.0083,1.0003915792832898,0.0052094294668524,0.015570211456559,4,2000,1000,5000,,,,,
performance_chasing,20260912,knots13,pla,True,1.0023525545500809,4177.391826051932,13,28.55080189953408,18.020396357058335,2.4541938897935407,43.142445161491125,1.0994260230288242,25.988419926952563,28.04794144568234,2.4192123525127567,42.31740199984913,1000,4.289071246287139,4.1483965207909375,4594.9693314368305,103.40940926959186,1.0,60.962481595636184,27.210791938567876,144.73098278045654,20260908,c501c3b7fff683202f2101241e0dbd393b7daf0746b081c8dabf7984e252d93e,27.954714807073326,17.58683028624428,27.210791938567972,28.810796759286795,18.128951723363528,28.5642;28.7362;29.1715;28.8416,27.672;27.6641;28.5451;27.9374,1.0019895230192286,0.1155031170207419,0.2068086290685895,17.8927;18.0722;18.3815;18.1292,17.3936;17.4342;17.9972;17.5216,1.0021998603114064,0.071552630094601,0.1394305853904674,4,2000,1000,5000,,,,,
performance_chasing,20260912,knots13,tv,True,1.0023525545500809,4177.391826051932,13,1.2115830332558684,0.5230209030906781,0.2658615613375128,5.0974752118395745,0.0876872746647342,2.5146613385355163,1.202962608066788,0.2650149758700524,5.0546351811544215,1000,1.6622360141231436,1.678473536204923,37.348631010684414,9.883055767445011,1.0,10.050760994499086,1.7897142223440543,144.73098278045654,20260908,c501c3b7fff683202f2101241e0dbd393b7daf0746b081c8dabf7984e252d93e,1.8736317011796333,0.9289343259570304,1.7897142223440576,1.215648033275985,0.5380098317076143,1.20898;1.21045;1.2219;1.21751,1.86222;1.88443;1.88974;1.86095,1.0004317917228709,0.0076762662873284,0.0074457692428288,0.534576;0.534084;0.540147;0.539137,0.923274;0.931596;0.935745;0.925082,1.0002740617651051,0.0048236228886122,0.0028917905122316,4,2000,1000,5000,,,,,
none,20260908,knots26,meta,True,1.003137286868402,3798.5691643401865,26,1.3009152235009511,0.6068139625496385,0.2906065688381623,6.210786547613661,0.106224125995522,3.1315153027594085,1.288692370801423,0.2891741802070106,6.18768789452474,1000,2.9478910760347588,2.8820788829994513,166.65825850763568,39.88734771903616,1.0,40.18414769943393,1.9705150628327124,125.62401413917542,20260908,736d3679e11760c8fe924056505ab728b1a5d031447b2106d96087f394edaee2,2.0813681277793723,1.0368265762899591,1.9705150628327044,1.2910694807495051,0.5808667971673067,1.28947;1.29598;1.28827;1.29159,2.06937;2.04942;2.06689;2.13742,1.000226949429441,0.0085639897599197,0.0193979837101439,0.601469;0.569833;0.58525;0.573913,1.03234;1.01838;1.0294;1.06719,1.0002383994165402,0.0044739790592525,0.0105575654838579,4,2000,1000,5000,,,,,
none,20260908,knots26,pla,True,1.003137286868402,3798.5691643401865,26,1.3003252278811763,0.5589454052823273,0.268332933539483,5.743690576735441,0.1026500746589484,2.954173528766593,1.296040572724342,0.2676132050868114,5.730314441262313,1000,4.309408624341329,4.154118209407462,245.90064361774708,61.088818433975305,1.0,60.237858000361825,1.9192567304957973,125.62401413917542,20260908,736d3679e11760c8fe924056505ab728b1a5d031447b2106d96087f394edaee2,2.02676485373627,1.020490085957686,1.919256730495798,1.3066082140989563,0.5877979132159223,1.3156;1.30538;1.28532;1.32143,2.08812;2.0338;1.95588;2.02548,1.000195370827386,0.0074453086253654,0.0271367637977213,0.597404;0.589366;0.576057;0.588422,1.04889;1.02497;0.982261;1.02576,1.0003475061900704,0.0050904020834229,0.013892602574262,4,2000,1000,5000,,,,,
none,20260908,knots26,tv,True,1.003137286868402,3798.5691643401865,26,1.194550742237228,0.5536945997903358,0.2791483765903961,5.5091730559010275,0.112676792112678,2.931788078839485,1.188898642295635,0.2750727546251983,5.448573290193144,1000,1.6632191141250114,1.6784918424104216,37.79313770318219,9.81567754506636,1.0,9.990275691852602,1.831719278286369,125.62401413917542,20260908,736d3679e11760c8fe924056505ab728b1a5d031447b2106d96087f394edaee2,1.9081706015913695,0.9456746236749314,1.8317192782863765,1.2315634071154151,0.5474782942197318,1.22748;1.23634;1.21958;1.23703,1.92647;1.94812;1.86042;1.89896,1.0001763117738796,0.0067648271349254,0.0189182626161781,0.545429;0.547628;0.546047;0.552187,0.957595;0.958181;0.924757;0.942084,1.000219432507198,0.003977835393893,0.0079001425091249,4,2000,1000,5000,,,,,
none,20260909,knots26,meta,True,1.0017429453307027,4127.086616678155,26,1.2120383631968463,0.5482374102603815,0.2853701862742114,5.273924036543044,0.1118254443453308,2.5150748761668016,1.2012195424743315,0.2840895235872654,5.243330732264598,1000,2.947537489551566,2.880446927917512,150.71762285497334,39.81267497185757,1.0,40.46885274436602,1.7983196403071433,125.01829600334167,20260908,5d4c83aa5feb5fc2de602cdb7a7801fc2333b44f8c9e1b221370986c629db7b8,1.8773636618840248,0.9310095558776544,1.7983196403071369,1.2194501186372864,0.5455529730083877,1.21872;1.22413;1.22279;1.2102,1.86834;1.87476;1.86904;1.89546,1.0006270824581849,0.0082077717350556,0.0063506556504956,0.553225;0.531986;0.557914;0.535848,0.928974;0.921026;0.939942;0.933803,1.0004008467285057,0.0039837563776464,0.0039937199275845,4,2000,1000,5000,,,,,
none,20260909,knots26,pla,True,1.0017429453307027,4127.086616678155,26,1.2417282990962963,0.5479596173937887,0.2906293146458246,5.189549865856551,0.1014800432917118,2.6989688483582963,1.234938073957334,0.2860570381196293,5.169786243318203,1000,4.307344100278896,4.147220200695105,240.79602207478433,62.2829819445205,1.0,61.11055535994707,1.858748503495127,125.01829600334167,20260908,5d4c83aa5feb5fc2de602cdb7a7801fc2333b44f8c9e1b221370986c629db7b8,1.9514475987557744,0.9849946643262631,1.8587485034951263,1.2664518321168392,0.5696178461389396,1.27335;1.27127;1.24767;1.27533,1.96209;1.96832;1.91958;1.96222,1.0004447785492203,0.0091133066082121,0.0112511198490217,0.57675;0.567306;0.554386;0.578653,0.993205;0.986881;0.959956;0.99977,1.000268125823992,0.004452729583198,0.0087379566211304,4,2000,1000,5000,,,,,
none,20260909,knots26,tv,True,1.0017429453307027,4127.086616678155,26,1.2508919781637156,0.5588893997066419,0.2977969127501354,5.76113222462383,0.1123196081111581,3.01696051595354,1.2408363901805224,0.2966319019694838,5.7240274191983165,1000,1.663871333939262,1.6785063568927887,37.81296300693449,9.65566479402791,1.0,9.942057709390667,1.85120651869496,125.01829600334167,20260908,5d4c83aa5feb5fc2de602cdb7a7801fc2333b44f8c9e1b221370986c629db7b8,1.9294570070751071,0.9506303673554698,1.85120651869496,1.2331748908761335,0.5425583383115705,1.21698;1.22634;1.23717;1.24458,1.97156;1.90996;1.89505;1.93336,1.0001003845398393,0.0069079865389669,0.0166742044857819,0.548607;0.539059;0.539607;0.54232,0.967669;0.936806;0.938089;0.959964,1.0004429484644437,0.0038839876412553,0.0077773209678618,4,2000,1000,5000,,,,,
none,20260910,knots26,meta,True,1.0032651843388014,3982.006963219252,26,1.278052188398135,0.5980097357173602,0.2961553508266925,5.823382907795908,0.110092747803102,2.9371415417754183,1.2714326675888246,0.2946047240203064,5.81136625403685,1000,2.9477419815247665,2.8820106347014613,161.98662140081646,39.94161768663448,1.0,40.19609013929927,1.9225152406384425,107.83480286598206,20260908,5d3c2219efea4ce5e1e0fccd92793a1b5c723bc19b672d555f0db0c4743247e0,2.021353315378896,1.007467317520585,1.9225152406384345,1.2766325953433086,0.5783829012318096,1.27749;1.25896;1.29395;1.28096,2.01392;1.95672;2.02268;2.09127,1.0004476989093598,0.0090205852052062,0.0275708463913337,0.587061;0.569578;0.586974;0.570685,0.999794;0.966733;1.01962;1.04351,1.000318482514154,0.0056060087441672,0.0162394104573129,4,2000,1000,5000,,,,,
none,20260910,knots26,pla,True,1.0032651843388014,3982.006963219252,26,1.2246548707543954,0.5561348650747873,0.3016061541333283,5.3312344945758525,0.0997580590264382,2.5063193170800018,1.2140411450411772,0.3005165128426955,5.306463367629673,1000,4.309503497520344,4.158863835444871,236.91090140551609,59.286478243170464,1.0,59.63119106290575,1.8875789918594337,107.83480286598206,20260908,5d3c2219efea4ce5e1e0fccd92793a1b5c723bc19b672d555f0db0c4743247e0,1.9922262418021583,0.9932256385977176,1.8875789918594423,1.290537419765431,0.5776107686501826,1.30124;1.29088;1.27718;1.29871,2.00056;1.99875;1.96681;2.00984,1.000093165631548,0.008097932108132,0.0093782034841621,0.577761;0.571246;0.573578;0.589029,0.997987;0.997604;0.973273;1.00396,1.000130009527172,0.005064992338802,0.0068018161992737,4,2000,1000,5000,,,,,
none,20260910,knots26,tv,True,1.0032651843388014,3982.006963219252,26,1.2997086261984432,0.5787799334205825,0.2922817768907556,5.760369717276026,0.1149549916688079,2.932421938399802,1.2883046034973549,0.2908304284881206,5.743157721758459,1000,1.6637237923184611,1.6784783898520508,38.809901359179406,9.931876184896176,1.0,10.034759555097704,1.858725863721861,107.83480286598206,20260908,5d3c2219efea4ce5e1e0fccd92793a1b5c723bc19b672d555f0db0c4743247e0,1.9437376363531185,0.9668610095541672,1.8587258637218576,1.2455576298484226,0.5608437046105694,1.23495;1.24294;1.23943;1.26037,1.968;1.95692;1.92533;1.92716,1.000240919973724,0.0091044438371887,0.0107028714429249,0.558857;0.56141;0.563817;0.558304,0.974405;0.967222;0.965182;0.960501,1.0001503320376586,0.0045263893104284,0.0028910307223473,4,2000,1000,5000,,,,,
none,20260911,knots26,meta,True,1.0029063405226388,3903.5781474662585,26,1.1955856633953377,0.5412896028590483,0.2870126112016761,5.526295934832348,0.1001935820807942,2.7937837751267547,1.1905549984704664,0.2861153626778365,5.487918630985861,1000,2.9492075194394087,2.883195957737079,143.54393599450194,39.084939860454575,1.0,39.98822300208582,1.735749601290317,106.8782081604004,20260908,3c221baea98377492ed18d237d4d81d4661e62c8c31521e43debb69dd19d7f9a,1.8153306482002824,0.8972967164165471,1.735749601290309,1.1971164290264409,0.5323015810331209,1.19753;1.20181;1.20019;1.18893,1.83711;1.78758;1.80695;1.8294,1.0002225400892322,0.0070462928661609,0.0112265364318,0.545724;0.527608;0.534563;0.523631,0.909562;0.879403;0.895091;0.905108,1.0003901522973189,0.0039823024109059,0.0066865399666129,4,2000,1000,5000,,,,,
none,20260911,knots26,pla,True,1.0029063405226388,3903.5781474662585,26,1.205507069036986,0.5129791681734519,0.2752584055267859,4.76299502245292,0.1007785493473132,2.3473733236218677,1.1977255634915571,0.273027465718759,4.722525001772087,1000,4.309486860331124,4.158702688140481,207.83001940016152,58.96111691013679,1.0,59.651877675452944,1.6782231269228325,106.8782081604004,20260908,3c221baea98377492ed18d237d4d81d4661e62c8c31521e43debb69dd19d7f9a,1.7521690614614225,0.8709825217839576,1.678223126922825,1.1862843577396989,0.5225597009845129,1.18886;1.19409;1.16694;1.19165,1.75548;1.78234;1.71327;1.75355,1.0000116308669225,0.0068323310113229,0.0142384528145236,0.527497;0.521119;0.514151;0.532576,0.878414;0.881079;0.848037;0.876319,1.0003238727174328,0.0041744964404749,0.007703610418708,4,2000,1000,5000,,,,,
none,20260911,knots26,tv,True,1.0029063405226388,3903.5781474662585,26,1.2520270926343744,0.5790753835144871,0.2847366881863583,5.945435839708522,0.112845147549758,2.7958676480119826,1.246087806618947,0.2831776067160635,5.877512643566229,1000,1.6625159964527418,1.678468232672954,38.66212578274126,9.949992371445704,1.0,10.068216542636993,1.8465113595156828,106.8782081604004,20260908,3c221baea98377492ed18d237d4d81d4661e62c8c31521e43debb69dd19d7f9a,1.9313479017367372,0.9599708455432594,1.8465113595156712,1.247026700915312,0.5526922699416797,1.23899;1.23497;1.24239;1.26903,1.95225;1.90609;1.90235;1.96433,0.999966786277309,0.0071442027979241,0.0158202556430147,0.551973;0.554364;0.548889;0.554236,0.966755;0.950152;0.947835;0.975116,1.0001338173707344,0.0042693141613189,0.0065770389165329,4,2000,1000,5000,,,,,
none,20260912,knots26,meta,True,1.0023394476480971,4052.874165939325,26,1.3100432252441383,0.5792940242688116,0.2929334247178851,5.498504873054228,0.1077311964237337,2.7131708670805184,1.298047137205923,0.2919759689486899,5.485102385385078,1000,2.9470246411349903,2.881613063270842,158.46608066970737,39.91241119174494,1.0,40.26559630792459,1.884836191795325,108.81633305549622,20260908,668e83a0bd1cfa11ffe376d00d8bf8dce5ef52249861c46861f0637a5b0d4e1d,1.9764282701881877,0.9838610420695694,1.8848361917953196,1.2722762662112772,0.5629480507204219,1.27575;1.27335;1.273;1.26445,1.99562;1.94172;1.98332;1.99245,1.0002239639238844,0.0087209637199497,0.0124624665246973,0.575651;0.553119;0.565871;0.558593,0.993545;0.956224;0.99463;0.990848,1.0002496257133855,0.0042739519735985,0.009230242491316,4,2000,1000,5000,,,,,
none,20260912,knots26,pla,True,1.0023394476480971,4052.874165939325,26,1.2432560219919289,0.5531170923893419,0.3089406993170401,5.250345421926842,0.1036685200076889,2.6646076412801727,1.2354982983891047,0.3064222341519984,5.239083813512234,1000,4.308712567815476,4.1518276697393475,228.98120119450377,60.11890281049028,1.0,60.52882510087917,1.8136910156483423,108.81633305549622,20260908,668e83a0bd1cfa11ffe376d00d8bf8dce5ef52249861c46861f0637a5b0d4e1d,1.897932146411564,0.945741793183483,1.813691015648344,1.245452331323794,0.5490546106538963,1.24023;1.25024;1.23322;1.26177,1.90614;1.91727;1.86785;1.89476,1.0001312486509633,0.0085422417909163,0.0105990238168348,0.548919;0.547205;0.543242;0.557994,0.95208;0.953408;0.92168;0.955583,1.0004327096159535,0.0042263918913519,0.0080351414549536,4,2000,1000,5000,,,,,
none,20260912,knots26,tv,True,1.0023394476480971,4052.874165939325,26,1.2769879749981654,0.5733530204792527,0.2935913074887407,5.795263525052087,0.1056964123911188,2.7694393062728273,1.2691305546109082,0.2921038712865156,5.7647746686567185,1000,1.6622360141231436,1.678473536204923,37.76261285219266,9.848386334209078,1.0,10.050760994499086,1.820963079975273,108.81633305549622,20260908,668e83a0bd1cfa11ffe376d00d8bf8dce5ef52249861c46861f0637a5b0d4e1d,1.89770004857008,0.9392002061066692,1.8209630799752683,1.235468191273465,0.5438998940685706,1.23878;1.24173;1.24398;1.2242,1.91738;1.89788;1.86791;1.90777,1.000035036156398,0.0070617625205584,0.0107089801973545,0.539577;0.539665;0.556201;0.539987,0.946279;0.935105;0.929073;0.94629,0.9999859547365394,0.0043476830042728,0.0042789397585041,4,2000,1000,5000,,,,,
performance_chasing,20260908,knots26,meta,True,1.0055309667685046,3467.8879792326743,26,1.246943787265585,0.5644191025668839,0.2911285055963503,5.626727021219716,0.1086799340966155,2.901738640201765,1.2383662942398732,0.2890179534064271,5.5355151978078565,1000,2.9478910760347588,2.8820788829994513,154.64670500798215,40.08693262889412,1.0,40.18414769943393,1.8369056772597272,185.62176418304443,20260908,a98e57816fab67fb99bb98b427d1d6fe9e3cb9a086267bd2a49019c144d3f9c2,1.926555670802484,0.962111226845012,1.8369056772597192,1.2348091131883292,0.5575915170615318,1.20444;1.21638;1.25249;1.26421,1.89318;1.91722;1.86879;2.02753,1.000597603779134,0.009486930767074,0.035038724836533,0.540701;0.550239;0.563896;0.571124,0.938054;0.960719;0.935392;1.0142,1.000556312387633,0.0055410700884204,0.018276258710413,4,2000,1000,5000,,,,,
performance_chasing,20260908,knots26,pla,True,1.0055309667685046,3467.8879792326743,26,7.627216576060253,4.486851046845187,0.513894240126689,25.94936066104549,0.1718121303609655,16.036935581242886,7.499651020974746,0.5085687026037646,25.49308479598923,1000,4.29041791942621,4.149574999118227,1556.2831061184995,83.20419419177458,1.0,60.81383084478317,9.700017305557704,185.62176418304443,20260908,a98e57816fab67fb99bb98b427d1d6fe9e3cb9a086267bd2a49019c144d3f9c2,10.806168920337926,6.243097547630883,9.700017305557736,7.48527238391322,4.20986093587054,7.13526;9.00243;7.1908;6.61116,10.664;11.5388;10.6191;10.3793,1.003022710466272,0.3521710245337197,0.2539721705014121,3.97562;5.10469;4.01582;3.62052,6.12573;6.72887;6.13364;5.97935,1.0031761871846463,0.2285993888749478,0.1661557718686545,4,2000,1000,5000,,,,,
performance_chasing,20260908,knots26,tv,True,1.0055309667685046,3467.8879792326743,26,1.211503563995225,0.5158788381474948,0.2630772389856145,5.2248723981261325,0.0861819150295221,2.6723939671200228,1.2019651409643268,0.2618535998226483,5.187568180266676,1000,1.6632191141250114,1.6784918424104216,37.55380786358874,9.855164509864256,1.0,9.990275691852602,1.8062053105345623,185.62176418304443,20260908,a98e57816fab67fb99bb98b427d1d6fe9e3cb9a086267bd2a49019c144d3f9c2,1.8923141780619157,0.9397154906559186,1.806205310534568,1.2143219851457614,0.545242469164509,1.22587;1.21699;1.19545;1.21954,1.87767;1.87285;1.93252;1.88234,1.0004875189110078,0.0065323081948432,0.0138617053823338,0.532324;0.553815;0.546405;0.551991,0.923981;0.929951;0.963759;0.941063,1.0004060843219296,0.0050168086253298,0.0087694766920541,4,2000,1000,5000,,,,,
performance_chasing,20260909,knots26,meta,True,1.050920770801849,432.3895420426088,26,1.1859363375530887,0.5581557428112878,0.2819576480660301,5.3327450081529655,0.1071666937656448,2.5754043184449724,1.177606897038526,0.2809814660488102,5.314294235806298,1000,2.947537489551566,2.880446927917512,145.59289332284985,39.655014109329,1.0,40.46885274436602,1.7380160119886083,112.6473479270935,20260908,f3ff97ab651609772a1720dfa086c21ea4aeec737dddb31c546a84d44adfd980,1.8170976893651465,0.8993204836854614,1.7380160119886103,1.18806143247929,0.5277614027760494,1.21886;1.22256;1.21632;1.10879,1.85366;1.80785;1.84247;1.76546,1.002326094034413,0.0230032956506209,0.0198583428061182,0.547106;0.529747;0.542709;0.491063,0.916086;0.89167;0.91652;0.872958,1.0017730403813887,0.0097644949370063,0.0105294356300425,4,2000,1000,5000,,,,,
performance_chasing,20260909,knots26,pla,True,1.050920770801849,432.3895420426088,26,1.7623410710729073,0.8110100295985807,0.3149580247561989,16.542987370094288,0.120156705511765,9.546612309517569,1.741724413096658,0.3130083907878472,16.3332381942048,1000,4.295088030025803,4.146574860398926,594.2398409529362,64.1648691621906,1.0,61.19166149772538,4.20991835993708,112.6473479270935,20260908,f3ff97ab651609772a1720dfa086c21ea4aeec737dddb31c546a84d44adfd980,4.740397949948614,2.4264153878448957,4.209918359937093,1.8633153892706815,0.8531885093346059,1.84024;1.80307;1.77184;2.10766,4.01929;4.18789;3.80677;6.91224,1.0126599238943477,0.0447685346461168,0.7310688027391338,0.843013;0.837395;0.789554;0.957381,2.05379;2.14991;1.92718;3.57331,1.0127826359181915,0.0224720670053733,0.3851315725619771,4,2000,1000,5000,,,,,
performance_chasing,20260909,knots26,tv,True,1.050920770801849,432.3895420426088,26,1.227866576096256,0.5783692429009877,0.2751487465168553,5.619718168679341,0.1125025769787881,2.6806152517733337,1.2230429041588566,0.2726294926987601,5.596755766864765,1000,1.663871333939262,1.6785063568927887,37.686962265896014,9.784594642680156,1.0,9.942057709390667,1.8356987642514293,112.6473479270935,20260908,f3ff97ab651609772a1720dfa086c21ea4aeec737dddb31c546a84d44adfd980,1.910459088206104,0.9476046656764986,1.8356987642514293,1.2535216438167074,0.5647446982416798,1.23482;1.2387;1.25603;1.28366,1.9554;1.90634;1.89796;1.88494,1.0001883714263131,0.0111315299864086,0.0153907854722379,0.552449;0.543075;0.553413;0.600884,0.960237;0.935266;0.942783;0.951608,1.00039732457509,0.0097840234645046,0.0054087001815855,4,2000,1000,5000,,,,,
performance_chasing,20260910,knots26,meta,True,1.0043022364623124,2901.0447038674624,26,1.2944525573542704,0.5864174947728527,0.2979286643869024,5.758278371493868,0.1014438619175143,2.856693832296128,1.285035740744025,0.2959408561874665,5.740746745924549,1000,2.9477419815247665,2.8820106347014613,155.71997437627869,39.83500712345597,1.0,40.19609013929927,1.848312680483464,159.02357697486875,20260908,2d52751960481f74609866464b8c9dfd30878c562145aad2c2395db7d4358ca9,1.945743338555317,0.9684822849909922,1.848312680483453,1.2555852623003578,0.5526691589713499,1.27116;1.22933;1.27469;1.24337,1.93134;1.92452;1.9522;1.97318,1.000026175552134,0.00971048764457,0.0109985544523131,0.562323;0.538642;0.567253;0.54614,0.960461;0.953726;0.977839;0.981853,1.0001148192875908,0.0057634585283131,0.0067601422928373,4,2000,1000,5000,,,,,
performance_chasing,20260910,knots26,pla,True,1.0043022364623124,2901.0447038674624,26,2.8673127671202296,1.3862223221812937,0.3440318009113666,21.141600643130467,0.10642206800603,13.11196894766993,2.818059069087457,0.3399628920909755,20.798163635493992,1000,4.291209356673342,4.154976297995827,905.4323263980652,70.90502803658268,1.0,60.12854772670989,6.002005137302836,159.02357697486875,20260908,2d52751960481f74609866464b8c9dfd30878c562145aad2c2395db7d4358ca9,6.909926109577412,3.739106581712869,6.002005137302859,2.8173050531914026,1.3421641816271603,2.9903;3.07027;2.54648;2.74727,7.14555;7.27569;6.4958;6.74428,1.0017294330952058,0.0919685267024845,0.1798435831762653,1.43145;1.51808;1.19624;1.28966,3.8822;3.96401;3.47058;3.64044,1.0018895595408888,0.0445064274987448,0.1128782804021523,4,2000,1000,5000,,,,,
performance_chasing,20260910,knots26,tv,True,1.0043022364623124,2901.0447038674624,26,1.2839590833837289,0.6040268729119811,0.2641618380126198,5.944061025075343,0.0971493672441816,3.206220861728191,1.2760164290719649,0.2630340672222829,5.87461319480865,1000,1.6637237923184611,1.6784783898520508,39.319422751016866,10.047574702301066,1.0,10.034759555097704,1.8735466225627089,159.02357697486875,20260908,2d52751960481f74609866464b8c9dfd30878c562145aad2c2395db7d4358ca9,1.957910980220376,0.9795801937761516,1.873546622562712,1.2460587824887628,0.5663443259723778,1.27493;1.26627;1.21535;1.22705,2.06301;1.91476;1.9024;1.9529,1.0001298461890176,0.0094340230642147,0.0365302394894913,0.579009;0.582165;0.549296;0.555561,1.03267;0.958917;0.955938;0.970738,1.000146960855216,0.0054448104838654,0.0179871623054876,4,2000,1000,5000,,,,,
performance_chasing,20260911,knots26,meta,True,1.003210778896826,3836.682440696282,26,1.1631751825941317,0.534382239223012,0.2882466813571763,4.84401379414452,0.1056602459110699,2.3789539160989706,1.15427920690155,0.2874560586845282,4.804655545161125,1000,2.9492075194394087,2.883195957737079,142.29669847898407,39.30249665510751,1.0,39.98822300208582,1.7198898592896446,101.53641986846924,20260908,a430382c61a78b49c1c6bc019f4b1be997f441d97722a369498beb01d46ea584,1.7946198381625451,0.8895497565277235,1.719889859289646,1.1914319359061136,0.5308291524397992,1.20759;1.18842;1.18612;1.18448,1.79297;1.74867;1.81874;1.81897,1.00015638510752,0.0067889886822982,0.0165529411125839,0.536363;0.523185;0.537053;0.523373,0.889676;0.865166;0.902724;0.900619,1.000321367030177,0.0042053435836301,0.0086153548218087,4,2000,1000,5000,,,,,
performance_chasing,20260911,knots26,pla,True,1.003210778896826,3836.682440696282,26,1.4585314209637803,0.6754236228616719,0.2976868232998704,7.979557759681852,0.1104805796151459,4.272831502517342,1.4389208677297507,0.2930880313627063,7.858026703364994,1000,4.295340393857183,4.158485076863498,336.62357750005805,60.28639200146384,1.0,59.679802928232526,2.5637714978291464,101.53641986846924,20260908,a430382c61a78b49c1c6bc019f4b1be997f441d97722a369498beb01d46ea584,2.8059869507183177,1.410087481557914,2.563771497829155,1.537875408839672,0.6884062970647982,1.56379;1.54276;1.51591;1.52891,2.89437;2.74676;2.693;2.88599,1.0005182450596306,0.0128835089581843,0.0504010359542071,0.696758;0.688728;0.673287;0.693208,1.45894;1.37864;1.34513;1.45753,1.0005820109938393,0.0070798081953086,0.0286446480559007,4,2000,1000,5000,,,,,
performance_chasing,20260911,knots26,tv,True,1.003210778896826,3836.682440696282,26,1.2019521330417002,0.5724314633168526,0.2826370451071041,5.307438678844305,0.1159038007737169,2.8179663591668302,1.1996021820976108,0.281238973306499,5.2798941887012845,1000,1.6625159964527418,1.678468232672954,38.52742816382417,9.863922702912872,1.0,10.068216542636993,1.8457684712162792,101.53641986846924,20260908,a430382c61a78b49c1c6bc019f4b1be997f441d97722a369498beb01d46ea584,1.932929912298599,0.9565592061580014,1.845768471216272,1.23074438921888,0.5473329914453204,1.21714;1.24384;1.22844;1.23558,1.95182;1.95389;1.90544;1.92262,0.9999712547056392,0.0093755886141815,0.0117523912748503,0.542216;0.546032;0.55525;0.542101,0.963996;0.957442;0.950149;0.954471,1.0000175901675068,0.0048219896952056,0.0029087721688952,4,2000,1000,5000,,,,,
performance_chasing,20260912,knots26,meta,True,1.009089413889511,1148.2095716188917,26,1.2030347563350705,0.536161330175052,0.2890375525866085,5.428722653894278,0.1018315799416709,2.612409299639969,1.192118666629163,0.2857219309243504,5.350850249763052,1000,2.9470246411349903,2.881613063270842,156.43520183245715,40.22718045819225,1.0,40.26559630792459,1.8535677957038816,162.0135428905487,20260908,c501c3b7fff683202f2101241e0dbd393b7daf0746b081c8dabf7984e252d93e,1.9434688194072596,0.97127064377344,1.853567795703878,1.2492529044725504,0.549775188998976,1.25818;1.21738;1.29203;1.23166,1.90149;1.89947;2.03425;1.93583,1.0004512274146269,0.0138962544165568,0.0316183544106006,0.550396;0.536012;0.578508;0.530932,0.96212;0.942605;1.02473;0.95522,1.00087196180319,0.0079344806534313,0.0183042732043089,4,2000,1000,5000,,,,,
performance_chasing,20260912,knots26,pla,True,1.009089413889511,1148.2095716188917,26,2.822889248660294,1.40280879210827,0.3548928351140345,26.30286241587188,0.122946562633768,16.631006331239313,2.7805275941878227,0.3500665210505857,25.80381102040016,1000,4.289071246287139,4.1483965207909375,1121.272626901078,72.31428583449903,1.0,60.962481595636184,7.195887573044991,162.0135428905487,20260908,c501c3b7fff683202f2101241e0dbd393b7daf0746b081c8dabf7984e252d93e,8.413113917163832,4.564849054850266,7.195887573045012,2.998314609342396,1.4650514886878536,3.08467;3.24848;2.70929;3.02645,8.92908;8.1974;7.79194;8.7224,1.002085696011532,0.1071780654442031,0.2572668100040696,1.54953;1.58711;1.26169;1.47179,4.84899;4.47742;4.15799;4.77203,1.0022773803399672,0.0547972971239257,0.157277253619373,4,2000,1000,5000,,,,,
performance_chasing,20260912,knots26,tv,True,1.009089413889511,1148.2095716188917,26,1.2058330986452868,0.5551917158215899,0.253340649812356,5.927302149352548,0.1007946355188893,2.767530841729091,1.1958423615929037,0.2517785688354058,5.911005351008094,1000,1.6622360141231436,1.678473536204923,38.51127993058805,9.86298618810638,1.0,10.050760994499086,1.855914951188139,162.0135428905487,20260908,c501c3b7fff683202f2101241e0dbd393b7daf0746b081c8dabf7984e252d93e,1.933904230953952,0.9578343338759796,1.8559149511881348,1.2182562434052389,0.5488189690780194,1.17659;1.24222;1.21852;1.24879,1.85492;1.91133;1.91776;2.05419,1.00130620173384,0.0103652476377689,0.0423039703959318,0.534467;0.561144;0.531357;0.568523,0.924088;0.949886;0.939612;1.01758,1.002432099374124,0.0055656010032011,0.0206225197201879,4,2000,1000,5000,,,,,
none,20260908,knots4,meta,True,1.0012385255631018,4783.363313216028,4,1.2850438394972876,0.6062041065850705,0.3191597002743021,6.1217005245616525,0.1170985027611468,2.858015166684017,1.27657907681377,0.3160192414703649,6.107636662722385,1000,2.9478910760347588,2.8820788829994513,176.6973298100146,40.27896522494923,1.0,40.18414769943393,2.0712451731064654,102.63860702514648,20260908,736d3679e11760c8fe924056505ab728b1a5d031447b2106d96087f394edaee2,2.1960041488336337,1.0992959599813117,2.071245173106473,1.3123529019599556,0.5845217755412858,1.3567;1.30505;1.31181;1.28637,2.26124;2.07;2.26634;2.18942,1.0003798428850723,0.010245452632157,0.0457547716752101,0.606336;0.566255;0.593712;0.570283,1.13298;1.02616;1.14232;1.09557,1.000568215603778,0.0050985798959874,0.0263755667262488,4,2000,1000,5000,,,,,
none,20260908,knots4,pla,True,1.0012385255631018,4783.363313216028,4,1.2979335153744151,0.5487681103759923,0.2561914847870769,6.184050731372307,0.0929291774117554,3.055727442815091,1.2923151944043207,0.2552694262406907,6.1585169623827545,1000,4.309408624341329,4.154118209407462,257.73535710913956,60.530769674797575,1.0,60.237858000361825,2.028596044615755,102.63860702514648,20260908,736d3679e11760c8fe924056505ab728b1a5d031447b2106d96087f394edaee2,2.134125079258084,1.0696505908703773,2.028596044615762,1.2997206158618342,0.584504433747296,1.3341;1.30738;1.26036;1.29782,2.16978;2.12295;2.13241;2.1104,1.0001935365887156,0.0111099836277297,0.0127854720888193,0.600076;0.584975;0.572488;0.581797,1.09723;1.05813;1.07126;1.05182,1.0002533692638258,0.0064705218121674,0.0100574219465952,4,2000,1000,5000,,,,,
none,20260908,knots4,tv,True,1.0012385255631018,4783.363313216028,4,1.180119610680935,0.5496451980848325,0.2600060528892331,5.737721061846074,0.0978364519002784,2.705586277584452,1.1719992131517007,0.2593413896596969,5.725746413963815,1000,1.6632191141250114,1.6784918424104216,37.68119026222705,9.830357368682762,1.0,9.990275691852602,1.8184718518389784,102.63860702514648,20260908,736d3679e11760c8fe924056505ab728b1a5d031447b2106d96087f394edaee2,1.9011093211373575,0.9428853263205608,1.8184718518389784,1.2206931702209354,0.5375255271930608,1.21854;1.2432;1.20257;1.21415,1.8589;1.90136;1.91171;1.93313,1.00007775247426,0.0114084455570742,0.0155983355860008,0.529803;0.562099;0.530481;0.528172,0.921971;0.947245;0.946991;0.955296,1.000141847598828,0.0048316643831869,0.0072299897438814,4,2000,1000,5000,,,,,
none,20260909,knots4,meta,True,1.0006018426604482,4084.313927442416,4,1.1968439367187471,0.5536158565875678,0.3130211699284825,5.530814321344492,0.1002331114083059,2.396664565218125,1.189004194575185,0.3083176977023438,5.519332552747026,1000,2.947537489551566,2.880446927917512,149.60039349622122,39.8260810206395,1.0,40.46885274436602,1.7821944920553887,100.76793503761292,20260908,5d4c83aa5feb5fc2de602cdb7a7801fc2333b44f8c9e1b221370986c629db7b8,1.8631361467218837,0.9241107482246148,1.782194492055387,1.2117012049951568,0.5380899574026707,1.23798;1.20141;1.23356;1.17926,1.90542;1.81054;1.8656;1.87232,1.0006259517607867,0.0108906199866587,0.0196732613663293,0.551241;0.523318;0.546996;0.527241,0.952427;0.886989;0.928866;0.927948,1.0001966276544851,0.0055401444130078,0.0135927831395366,4,2000,1000,5000,,,,,
none,20260909,knots4,pla,True,1.0006018426604482,4084.313927442416,4,1.3253143079511125,0.5422548293333556,0.2471166299426967,5.556809792599727,0.0929085350831969,2.7489346867195588,1.3209350181198394,0.2442013539530225,5.531567134561894,1000,4.307344100278896,4.147220200695105,249.28425574278327,61.72524911549488,1.0,61.11055535994707,1.9409674768981795,100.76793503761292,20260908,5d4c83aa5feb5fc2de602cdb7a7801fc2333b44f8c9e1b221370986c629db7b8,2.029410372711172,1.0197829668489162,1.9409674768981664,1.275199528390227,0.583022701339603,1.30062;1.28867;1.24049;1.27299,2.0668;2.04058;2.00148;2.01221,1.0000779502787938,0.0112130732991003,0.0147079765426774,0.588311;0.58921;0.575525;0.579775,1.04485;1.02984;0.998235;1.00609,1.0003128174882314,0.0049435158474069,0.0107288365210667,4,2000,1000,5000,,,,,
none,20260909,knots4,tv,True,1.0006018426604482,4084.313927442416,4,1.2609426323404658,0.5679254326673217,0.2662096250686418,5.7469946856578895,0.0980095518328727,2.801599843730856,1.2553631668369616,0.2618658148075884,5.701069071926436,1000,1.663871333939262,1.6785063568927887,37.68011211126158,9.627450498154849,1.0,9.942057709390667,1.843319302784548,100.76793503761292,20260908,5d4c83aa5feb5fc2de602cdb7a7801fc2333b44f8c9e1b221370986c629db7b8,1.9254501294382589,0.9472479154334676,1.8433193027845427,1.235727353503583,0.5394825521714885,1.2205;1.24766;1.21468;1.25326,1.91806;1.90474;1.8988;1.97732,1.0000867917889245,0.0108985936832018,0.0179850685359357,0.531127;0.552892;0.533376;0.540745,0.941265;0.940809;0.936353;0.970581,1.0001113262136605,0.0052088403579096,0.0078550089602816,4,2000,1000,5000,,,,,
none,20260910,knots4,meta,True,1.000991565099728,4268.592727127965,4,1.2616793255386358,0.5835083104226118,0.2948066149013171,5.851055199216518,0.1047648648701924,2.662084823540945,1.253687974722263,0.2935892204199301,5.8345682374469305,1000,2.9477419815247665,2.8820106347014613,157.92908787657225,39.479437306266135,1.0,40.19609013929927,1.886284830758166,101.63855409622192,20260908,5d3c2219efea4ce5e1e0fccd92793a1b5c723bc19b672d555f0db0c4743247e0,1.982153026655141,0.9821621375540588,1.8862848307581743,1.2538796928319995,0.5575434889675982,1.27402;1.24038;1.27087;1.23244,2.02462;1.93793;2.00054;1.96697,1.000502223245158,0.0103150580039812,0.0189898721051522,0.565032;0.539707;0.576541;0.543327,1.01026;0.946783;0.999032;0.972265,1.0004435738585364,0.0052817579954607,0.0142113200019385,4,2000,1000,5000,,,,,
none,20260910,knots4,pla,True,1.000991565099728,4268.592727127965,4,1.3928015197824937,0.5817306479936946,0.2553512286909838,7.003890374828043,0.0954939766218642,3.342864115556512,1.386432909068685,0.2547100925796152,6.983618359187584,1000,4.309503497520344,4.158863835444871,279.04010549684085,59.883415124741624,1.0,59.63119106290575,2.2046159300009047,101.63855409622192,20260908,5d3c2219efea4ce5e1e0fccd92793a1b5c723bc19b672d555f0db0c4743247e0,2.3347782701867072,1.1698528003055366,2.2046159300009123,1.370281657815893,0.6184461218421501,1.38838;1.3845;1.32292;1.37409,2.40751;2.35613;2.20397;2.36924,1.0000449891040444,0.0104559414173731,0.0447601217742596,0.618601;0.630543;0.608148;0.61386,1.22227;1.1828;1.09962;1.17434,1.0002123194422043,0.0061029906015606,0.0256045059600133,4,2000,1000,5000,,,,,
none,20260910,knots4,tv,True,1.000991565099728,4268.592727127965,4,1.241708154196171,0.5661147938053586,0.2742320246729809,5.850081821293089,0.0961738866517314,2.8223570750167872,1.2320366312048894,0.2719605245615279,5.82342269639668,1000,1.6637237923184611,1.6784783898520508,39.13485039168213,10.03201761574794,1.0,10.034759555097704,1.8724059226107377,101.63855409622192,20260908,5d3c2219efea4ce5e1e0fccd92793a1b5c723bc19b672d555f0db0c4743247e0,1.950230974236354,0.9749822490518556,1.8724059226107304,1.2369016719240813,0.5518739872726237,1.23032;1.25993;1.22362;1.23915,1.95046;1.94298;1.94196;1.96828,1.0001269223081095,0.0115923116151961,0.0060906901016287,0.546068;0.573018;0.543279;0.546819,0.974873;0.977015;0.966798;0.981184,1.0000953348802957,0.0052064618204653,0.0030221211197041,4,2000,1000,5000,,,,,
none,20260911,knots4,meta,True,1.000475610574216,4082.76400448636,4,1.1763389406176172,0.5416745121037285,0.2877916845801067,5.024140656553979,0.1016673102062406,2.3007226596785304,1.1658970334341945,0.2834654632043831,4.958999804129736,1000,2.9492075194394087,2.883195957737079,142.9048822450927,39.26714413760318,1.0,39.98822300208582,1.7289674775646473,103.11995792388916,20260908,3c221baea98377492ed18d237d4d81d4661e62c8c31521e43debb69dd19d7f9a,1.8030940667175293,0.8933446067718761,1.7289674775646486,1.195702449293787,0.5279880202016501,1.22267;1.19223;1.20829;1.16801,1.83805;1.76365;1.81393;1.78913,1.0002920290072286,0.0097954397068836,0.016009113853091,0.537246;0.510211;0.540998;0.522818,0.91589;0.861359;0.904531;0.891402,1.0003306385441988,0.0047081642794229,0.0117625382532384,4,2000,1000,5000,,,,,
none,20260911,knots4,pla,True,1.000475610574216,4082.76400448636,4,1.1807991984207336,0.4676909399000705,0.2261508411184816,4.697037512314903,0.0813032034162632,2.219843211644193,1.1729419619445252,0.2252662196035604,4.657013440295248,1000,4.309486860331124,4.158702688140481,203.8182800876272,57.964250343523105,1.0,59.651877675452944,1.6698958610941852,103.11995792388916,20260908,3c221baea98377492ed18d237d4d81d4661e62c8c31521e43debb69dd19d7f9a,1.7329109835578278,0.854023066599744,1.66989586109419,1.1644187866482043,0.5113492944065672,1.18841;1.17257;1.12287;1.16549,1.74019;1.77083;1.69484;1.72329,1.0000640408586443,0.0086544678619318,0.0158936745978858,0.522464;0.515714;0.503211;0.507921,0.868147;0.871736;0.829974;0.8461,1.0002562555830428,0.0047268639250971,0.0098080130491164,4,2000,1000,5000,,,,,
none,20260911,knots4,tv,True,1.000475610574216,4082.76400448636,4,1.2007160018722958,0.5469987235645455,0.2584073561129371,5.995473469626817,0.1027152471873607,2.656275443889733,1.196923921221497,0.2555850853572595,5.962677087695819,1000,1.6625159964527418,1.678468232672954,38.17093252443797,9.976288371946971,1.0,10.068216542636993,1.827522071937853,103.11995792388916,20260908,3c221baea98377492ed18d237d4d81d4661e62c8c31521e43debb69dd19d7f9a,1.9043090705954824,0.9477877636040746,1.827522071937863,1.2297573753149034,0.544518567315569,1.21544;1.24811;1.22526;1.226,1.8971;1.88657;1.90066;1.93072,1.0000557570810145,0.010359363252011,0.0094713928720369,0.53574;0.564332;0.540777;0.535123,0.944592;0.943883;0.943932;0.958719,1.0000341929846694,0.0052608410515284,0.0036494185028871,4,2000,1000,5000,,,,,
none,20260912,knots4,meta,True,1.000596911564681,4344.9555108290415,4,1.2472385321433015,0.5932442870966411,0.3032385417471442,5.982801688312152,0.1090826861600819,2.8831288820685352,1.2429797759599994,0.3025970659070209,5.962915347832832,1000,2.9470246411349903,2.881613063270842,169.5317025273454,40.208059334738806,1.0,40.26559630792459,1.991146495547642,96.75949597358704,20260908,668e83a0bd1cfa11ffe376d00d8bf8dce5ef52249861c46861f0637a5b0d4e1d,2.106673310333221,1.052583544222151,1.991146495547658,1.2872057898817624,0.5786493166400717,1.305;1.27197;1.30272;1.26468,2.13313;2.04332;2.1422;2.10261,1.0003222620838077,0.0105910722396399,0.022332450960682,0.589983;0.556102;0.596487;0.569184,1.07265;1.00535;1.07843;1.05356,1.0003503263547957,0.0053861301369515,0.0165895452027696,4,2000,1000,5000,,,,,
none,20260912,knots4,pla,True,1.000596911564681,4344.9555108290415,4,1.2275834477140872,0.4969477751288247,0.2508121339966837,5.098682296796583,0.092059380574931,2.552555631251942,1.221792054245221,0.2502690141814451,5.085895290206828,1000,4.308712567815476,4.1518276697393475,228.4746777271247,59.309335414818946,1.0,60.52882510087917,1.831784685095483,96.75949597358704,20260908,668e83a0bd1cfa11ffe376d00d8bf8dce5ef52249861c46861f0637a5b0d4e1d,1.9065269088238035,0.9435629161413376,1.83178468509548,1.2372180793932828,0.5496128554280794,1.25284;1.24617;1.20053;1.23966,1.93389;1.94567;1.87257;1.87748,1.000051111890387,0.0083319709600468,0.0188741432347247,0.558556;0.549335;0.541651;0.552814,0.960508;0.966109;0.92221;0.925329,1.0001193270621354,0.005775157314342,0.0114888378732879,4,2000,1000,5000,,,,,
none,20260912,knots4,tv,True,1.000596911564681,4344.9555108290415,4,1.2235581915967022,0.5589294565804053,0.2643923576130896,5.811672950516632,0.0968810078082012,2.685652895121037,1.2198197028409683,0.2604833616920932,5.781706966470353,1000,1.6622360141231436,1.678473536204923,37.76101052018823,9.881349606290035,1.0,10.050760994499086,1.8176013292893485,96.75949597358704,20260908,668e83a0bd1cfa11ffe376d00d8bf8dce5ef52249861c46861f0637a5b0d4e1d,1.894481285824957,0.9391896488190012,1.8176013292893511,1.2201442522934345,0.5393009657934178,1.20892;1.22472;1.20918;1.24169,1.85323;1.88908;1.89571;1.93961,1.0001407214941465,0.010242144761011,0.0177204810812706,0.527285;0.563612;0.537473;0.530352,0.919241;0.940611;0.937816;0.959064,1.0001532513571567,0.0052444179050269,0.0081489114557063,4,2000,1000,5000,,,,,
performance_chasing,20260908,knots4,meta,True,1.001053210434037,7412.322919752804,4,1.247751908149706,0.5667045253833514,0.2728830301545433,5.241900997574726,0.0966409952782777,2.675796750905437,1.2398172355764698,0.2710050026489827,5.2284601987645,1000,2.9478910760347588,2.8820788829994513,163.6835436797866,40.82298366346426,1.0,40.18414769943393,1.921238082457834,114.01185417175292,20260908,a98e57816fab67fb99bb98b427d1d6fe9e3cb9a086267bd2a49019c144d3f9c2,2.0206065926037073,1.0182707217924365,1.921238082457838,1.2732447941578249,0.5721423265523331,1.24722;1.26888;1.29878;1.27871,2.03191;2.00691;2.00882;2.03671,0.9999988019904518,0.0088267744530338,0.0077053239006311,0.571465;0.554533;0.578548;0.584341,1.03044;1.00057;1.01414;1.02779,1.0000537831149354,0.0049831700282046,0.0068853267092289,4,2000,1000,5000,,,,,
performance_chasing,20260908,knots4,pla,True,1.001053210434037,7412.322919752804,4,32.11962373235325,19.87872344020169,21.696145305512037,45.77273019612502,13.619017378875796,25.47064625676575,31.529324099397712,21.352798621724443,44.9663682628691,1000,4.29041791942621,4.149574999118227,5265.968322733133,101.57725102836044,1.0,60.81383084478317,32.129895572789174,114.01185417175292,20260908,a98e57816fab67fb99bb98b427d1d6fe9e3cb9a086267bd2a49019c144d3f9c2,32.42769407033567,20.283848025892645,32.12989557278917,32.17452089274876,19.98382875368097,32.1314;31.9469;32.1933;32.4078,32.3918;32.3441;32.3858;32.6287,1.0002456866688894,0.0645985794939854,0.0645744415741777,19.9774;19.8374;20.0557;20.0767,20.2671;20.2499;20.272;20.3561,1.0000070622652169,0.035996316854554,0.0237413295576076,4,2000,1000,5000,,,,,
performance_chasing,20260908,knots4,tv,True,1.001053210434037,7412.322919752804,4,1.211643219627529,0.5310343880454713,0.2918794970751601,5.971376165649599,0.1014136092010251,2.776493705765827,1.2035727304187125,0.2905784991101492,5.949943893152789,1000,1.6632191141250114,1.6784918424104216,37.65168221735073,9.827790993377318,1.0,9.990275691852602,1.809186100564857,114.01185417175292,20260908,a98e57816fab67fb99bb98b427d1d6fe9e3cb9a086267bd2a49019c144d3f9c2,1.8998665619291664,0.9421449543972992,1.8091861005648568,1.2185614342157705,0.5456206044881409,1.21358;1.1953;1.21288;1.24616,1.87907;1.81758;1.94375;1.96046,1.0006315043497471,0.009654296092982,0.0326615343611423,0.551343;0.535455;0.539876;0.552945,0.933499;0.899991;0.962809;0.972263,1.000528857776691,0.0054395217036849,0.0162937278895898,4,2000,1000,5000,,,,,
performance_chasing,20260909,knots4,meta,True,1.0007638563438743,5711.534086628769,4,1.210217836223074,0.5339821213240448,0.2833961877592303,4.822814161185336,0.0961305003730175,2.423124535410704,1.2060934945437023,0.2817796963382692,4.782443082963097,1000,2.947537489551566,2.880446927917512,148.2425862109442,40.02271027034061,1.0,40.46885274436602,1.7625153626370298,118.36356687545776,20260908,f3ff97ab651609772a1720dfa086c21ea4aeec737dddb31c546a84d44adfd980,1.8417158352839884,0.9157538591791584,1.7625153626370211,1.222109431556312,0.5412679249465668,1.22303;1.21682;1.23736;1.21308,1.81847;1.85824;1.82821;1.86433,1.00016257838842,0.0087925754831741,0.0112022168685068,0.540805;0.532147;0.546062;0.543146,0.9012;0.923701;0.909667;0.928422,1.0000074843782951,0.0045443245935634,0.0062747786472999,4,2000,1000,5000,,,,,
performance_chasing,20260909,knots4,pla,True,1.0007638563438743,5711.534086628769,4,35.1801093753928,21.213274737662076,18.647051354322848,52.24912828286923,11.521014327219854,28.890913329386613,34.70864632488228,18.415326233888884,51.46219305921342,1000,4.295088030025803,4.146574860398926,5436.090399822617,96.17358535555124,1.0,61.19166149772538,34.27208719111912,118.36356687545776,20260908,f3ff97ab651609772a1720dfa086c21ea4aeec737dddb31c546a84d44adfd980,34.54441503778207,21.111778614691957,34.272087191119205,34.715859748653195,21.093711764969548,34.8468;34.5987;34.8239;34.6178,34.6995;34.4275;34.5474;34.478,1.0007669958588394,0.0978607906492463,0.059162080563341,21.1611;21.0962;21.1222;21.0068,21.1576;21.1214;21.1122;21.0496,1.0005879037415784,0.058509299813922,0.0224434234308314,4,2000,1000,5000,,,,,
performance_chasing,20260909,knots4,tv,True,1.0007638563438743,5711.534086628769,4,1.1936212127870602,0.5196959754128263,0.2759730724095673,5.3967725711655685,0.1005057944201382,2.8177156453280574,1.1874198765865902,0.2738239809395985,5.3742108476174595,1000,1.663871333939262,1.6785063568927887,36.76610029382823,9.781943430798083,1.0,9.942057709390667,1.787733328870491,118.36356687545776,20260908,f3ff97ab651609772a1720dfa086c21ea4aeec737dddb31c546a84d44adfd980,1.8640285017483216,0.9244484054825974,1.7877333288705046,1.220733765080738,0.5385861873474459,1.22299;1.21812;1.19361;1.25244,1.87865;1.80007;1.85176;1.93306,1.0002582408864988,0.0084296369958676,0.0276987356685708,0.528116;0.540418;0.524305;0.558148,0.925244;0.896707;0.910281;0.965325,1.0004225731871392,0.0042069367162688,0.0148374624836012,4,2000,1000,5000,,,,,
performance_chasing,20260910,knots4,meta,True,1.00137139459894,6953.482343537081,4,1.2718157783453048,0.5531027853826773,0.2969817404334302,5.282617471802021,0.100807637425898,2.512423761258128,1.2619763217430766,0.2963900244621657,5.26654055608134,1000,2.9477419815247665,2.8820106347014613,156.70226747803085,39.84452996004096,1.0,40.19609013929927,1.8618712860091575,110.43906593322754,20260908,2d52751960481f74609866464b8c9dfd30878c562145aad2c2395db7d4358ca9,1.9577842760781223,0.9745925799069434,1.861871286009156,1.260994266053704,0.5628143263698582,1.26582;1.25274;1.28224;1.24335,1.99709;1.94578;1.95606;1.93719,1.0002366637160849,0.0093119478143272,0.0132607115489974,0.571898;0.556916;0.570316;0.555058,0.998122;0.952348;0.976881;0.970663,1.0001829077170277,0.0052723109491766,0.0094389839182248,4,2000,1000,5000,,,,,
performance_chasing,20260910,knots4,pla,True,1.00137139459894,6953.482343537081,4,34.881360802136214,21.727469703637745,23.900865919057026,48.27984263928205,15.376144688718616,27.6166452838567,34.304366154707346,23.554338608772444,47.47774217100351,1000,4.291209356673342,4.154976297995827,5724.642501129066,103.06331379858403,1.0,60.12854772670989,34.74966985051817,110.43906593322754,20260908,2d52751960481f74609866464b8c9dfd30878c562145aad2c2395db7d4358ca9,35.07921563994032,22.15416982452423,34.74966985051804,34.849491235494,21.833923927927845,34.8547;34.6454;35.0213;34.8724,35.0933;35.0059;35.224;35.0113,1.000515554259425,0.0769054302704397,0.0508903947342164,21.8887;21.7213;21.9102;21.8106,22.1877;22.1152;22.2282;22.0901,1.000125932772783,0.0340997118922565,0.0319108317800934,4,2000,1000,5000,,,,,
performance_chasing,20260910,knots4,tv,True,1.00137139459894,6953.482343537081,4,1.2315471646874738,0.5334424846377586,0.2610269419457712,5.582860190095116,0.0903412561551743,2.816604221417066,1.2204189879865726,0.2604191979434273,5.510924682546339,1000,1.6637237923184611,1.6784783898520508,37.73639252826872,9.91805230638515,1.0,10.034759555097704,1.802257049780204,110.43906593322754,20260908,2d52751960481f74609866464b8c9dfd30878c562145aad2c2395db7d4358ca9,1.891281930098058,0.940109759290394,1.8022570497801993,1.2246846223207082,0.5391392364135474,1.2322;1.24861;1.2046;1.21374,1.85821;1.89794;1.87095;1.93556,1.0002267398719042,0.0091657655277865,0.0171040620069639,0.537679;0.552209;0.535689;0.531762,0.924539;0.94024;0.927489;0.96813,1.000358064004579,0.0063736224542416,0.0099452673338874,4,2000,1000,5000,,,,,
performance_chasing,20260911,knots4,meta,True,1.0005881557586722,4568.825286489495,4,1.1249245518882347,0.5056988480545506,0.2834559541857976,4.8976706979562605,0.1114985510225094,2.467244712414956,1.1172007036326723,0.2814588856498107,4.866390693580103,1000,2.9492075194394087,2.883195957737079,140.7215921077215,39.1436900314691,1.0,39.98822300208582,1.700318507884235,112.80676198005676,20260908,a430382c61a78b49c1c6bc019f4b1be997f441d97722a369498beb01d46ea584,1.7783165692967668,0.8796687717457837,1.7003185078842358,1.1776982636183555,0.5246181528351497,1.19093;1.16951;1.16542;1.18245,1.76692;1.77666;1.72183;1.84672,1.0003430424947168,0.0073641600729494,0.0258238970181546,0.526213;0.513746;0.532669;0.527429,0.867336;0.874525;0.86365;0.91294,1.000151416144949,0.0046405671399992,0.0113363350044561,4,2000,1000,5000,,,,,
performance_chasing,20260911,knots4,pla,True,1.0005881557586722,4568.825286489495,4,26.850477506761692,16.3318936125311,1.874848142366864,42.197742087128894,0.819701439459966,24.889385485962126,26.42808145622572,1.8514311428463763,41.53378891259808,1000,4.295340393857183,4.158485076863498,4056.811059579537,97.19797848204664,1.0,59.679802928232526,25.234955669766023,112.80676198005676,20260908,a430382c61a78b49c1c6bc019f4b1be997f441d97722a369498beb01d46ea584,25.85969168552839,16.02208889650728,25.23495566976627,26.69641190209255,16.54059453587918,26.4246;26.6605;26.9865;26.6383,25.5891;26.0048;26.0299;25.8268,1.0008061076228647,0.1244935340018766,0.10176292613096,16.4269;16.5294;16.6766;16.4967,15.8731;16.0981;16.1376;15.9823,1.0009039857016515,0.0783566509468869,0.0597882226388605,4,2000,1000,5000,,,,,
performance_chasing,20260911,knots4,tv,True,1.0005881557586722,4568.825286489495,4,1.2136546902112573,0.5372383972183157,0.2770482364478392,5.137268579105143,0.0961976843262719,2.5480743046745156,1.2030359227399865,0.276097403280831,5.12027808110617,1000,1.6625159964527418,1.678468232672954,38.3005044909248,10.048575674980416,1.0,10.068216542636993,1.8180136543724832,112.80676198005676,20260908,a430382c61a78b49c1c6bc019f4b1be997f441d97722a369498beb01d46ea584,1.9039071476506528,0.951024144019772,1.8180136543724832,1.219444562120711,0.5470642241215049,1.22737;1.24357;1.19231;1.21952,1.93287;1.88147;1.89278;1.91081,1.0001276104741132,0.0086813971372839,0.0112270037996461,0.542569;0.561956;0.540747;0.545997,0.958275;0.944454;0.946917;0.95437,1.0001756794235015,0.0047878917655218,0.0032119510594809,4,2000,1000,5000,,,,,
performance_chasing,20260912,knots4,meta,True,1.0010142668548383,6108.647360596839,4,1.3390475483603648,0.5830438054573328,0.2791321967291735,5.4075619619723145,0.1059962925971013,2.6423726098604297,1.3296869777729905,0.2743687816292149,5.378743225974069,1000,2.9470246411349903,2.881613063270842,159.73852471166532,40.49176268159532,1.0,40.26559630792459,1.879058933684151,112.44829797744752,20260908,c501c3b7fff683202f2101241e0dbd393b7daf0746b081c8dabf7984e252d93e,1.978005802943544,0.9917726725699484,1.8790589336841503,1.2537304985573974,0.5585821157545131,1.23299;1.23573;1.25813;1.28671,1.98142;1.95466;1.95618;2.02598,1.0001359164264016,0.0105912048930126,0.0166451526617515,0.558743;0.53894;0.568901;0.572199,0.99562;0.969833;0.982824;1.01871,1.000062132451582,0.0047678180934823,0.0104152527261134,4,2000,1000,5000,,,,,
performance_chasing,20260912,knots4,pla,True,1.0010142668548383,6108.647360596839,4,38.32912615971057,23.83459187863813,26.62866892549641,54.9953267897209,16.706501346582158,31.159175964328085,37.64042164016078,26.144455069264467,54.002328489215664,1000,4.289071246287139,4.1483965207909375,6410.665600739534,102.52815882824024,1.0,60.962481595636184,38.809307771016506,112.44829797744752,20260908,c501c3b7fff683202f2101241e0dbd393b7daf0746b081c8dabf7984e252d93e,39.211208568997144,24.590111184194864,38.80930777101658,38.87682639645386,24.23051738352887,39.0262;38.7171;39.127;38.6118,39.2456;39.1067;39.4438;39.0476,1.000466426218754,0.082204773505726,0.0880226799330383,24.2318;24.1829;24.3778;24.1624,24.6198;24.5905;24.6949;24.4545,1.0001589355908531,0.0393396834310983,0.0502190326488164,4,2000,1000,5000,,,,,
performance_chasing,20260912,knots4,tv,True,1.0010142668548383,6108.647360596839,4,1.2989589653753668,0.5609169498299681,0.287280937888454,5.661132264746089,0.1001694328588683,3.046762927589651,1.2827221016476216,0.2863580204440383,5.637323643218201,1000,1.6622360141231436,1.678473536204923,37.38368926251377,9.820595359454828,1.0,10.050760994499086,1.8052564529876869,112.44829797744752,20260908,c501c3b7fff683202f2101241e0dbd393b7daf0746b081c8dabf7984e252d93e,1.8812852327050809,0.9297473581715884,1.8052564529876791,1.2178015063099734,0.5391931503034781,1.23319;1.21036;1.209;1.21916,1.86488;1.83963;1.90296;1.91738,1.0003785157719045,0.0098025633181574,0.0177412690566354,0.533263;0.542461;0.546763;0.534811,0.925025;0.909357;0.937499;0.94709,1.0005371352568555,0.0045896109523957,0.0081595965841212,4,2000,1000,5000,,,,,
none,20260908,knots52,meta,True,1.004327947695336,2759.1738292370974,52,1.2343292191123472,0.5437655340505663,0.3184757589253,5.5174864018405305,0.1102484926052449,2.895035139628653,1.2293061685639983,0.3175943563373702,5.489437104765699,1000,2.9478910760347588,2.8820788829994513,143.91806669444966,39.67604328657123,1.0,40.18414769943393,1.7086710433885532,139.34664487838745,20260908,736d3679e11760c8fe924056505ab728b1a5d031447b2106d96087f394edaee2,1.8021252506104088,0.8953296849059866,1.7086710433885643,1.2006118232905585,0.5349978416877703,1.21503;1.17426;1.20368;1.21181,1.8097;1.76231;1.81079;1.8236,1.000012721886543,0.0078159537229742,0.013470980369781,0.532474;0.533461;0.537285;0.536887,0.898414;0.875514;0.907007;0.900301,1.0000121982923331,0.0041080118009506,0.0068512646540918,4,2000,1000,5000,,,,,
none,20260908,knots52,pla,True,1.004327947695336,2759.1738292370974,52,1.1445678978726597,0.5253552200145,0.2727537796454204,4.6677173008472,0.1048291339482373,2.3687914700353656,1.1378649478254417,0.2708267507701438,4.649730264758023,1000,4.309408624341329,4.154118209407462,213.07081808328977,60.790109659380086,1.0,60.237858000361825,1.6766665581339804,139.34664487838745,20260908,736d3679e11760c8fe924056505ab728b1a5d031447b2106d96087f394edaee2,1.760508931971139,0.8842710768864818,1.6766665581339792,1.1758805565825148,0.5297174344075546,1.16528;1.16978;1.18145;1.18177,1.74092;1.75534;1.7417;1.80215,1.0001466759331448,0.0075131107417929,0.0144255411602805,0.529717;0.527657;0.527193;0.534965,0.884325;0.887239;0.858992;0.906085,1.0001103406285488,0.0045474492900753,0.0096767127978788,4,2000,1000,5000,,,,,
none,20260908,knots52,tv,True,1.004327947695336,2759.1738292370974,52,1.180952221358781,0.5552052220056367,0.287099839950746,4.961328852627969,0.0962638206270913,2.723579802779384,1.1697614515430883,0.2854905100670729,4.9145902117681155,1000,1.6632191141250114,1.6784918424104216,37.48158072883169,9.856366267989358,1.0,9.990275691852602,1.8090315363308211,139.34664487838745,20260908,736d3679e11760c8fe924056505ab728b1a5d031447b2106d96087f394edaee2,1.8885603320033972,0.9379089135701586,1.809031536330819,1.2185848616084063,0.5477419441773579,1.21829;1.21024;1.248;1.20666,1.92035;1.80293;1.94692;1.88767,1.0004776297868516,0.0073755448730685,0.0312866796345394,0.547996;0.539878;0.550929;0.550184,0.948538;0.891808;0.967137;0.944041,1.0004022857434829,0.0038411761577888,0.0161507641030753,4,2000,1000,5000,,,,,
none,20260909,knots52,meta,True,1.0032719933873977,3513.2414046902395,52,1.2263516202496891,0.5381114417857602,0.2909403424541872,4.767317424081087,0.0996347235929667,2.41297011870485,1.2187843797895632,0.2902444964811148,4.718778864289094,1000,2.947537489551566,2.880446927917512,138.7231854129646,39.77925982874575,1.0,40.46885274436602,1.6558700778914015,106.18885684013368,20260908,5d4c83aa5feb5fc2de602cdb7a7801fc2333b44f8c9e1b221370986c629db7b8,1.7286784818344214,0.8569117510581837,1.655870077891405,1.1727075633026534,0.5265772692883175,1.17233;1.15803;1.17184;1.193,1.73911;1.70929;1.66765;1.793,1.0007112314398798,0.0082568248060043,0.0263595813604009,0.520444;0.514527;0.531095;0.53815,0.861948;0.838344;0.843752;0.883171,1.0004949079793155,0.0049695425277735,0.010135939370016,4,2000,1000,5000,,,,,
none,20260909,knots52,pla,True,1.0032719933873977,3513.2414046902395,52,1.1537506472079362,0.5145868570592316,0.265708255191426,4.143498876397842,0.0990787930197699,2.10986729577715,1.149615883271603,0.2648252758890195,4.105545953014719,1000,4.307344100278896,4.147220200695105,209.85421222130955,61.86808964907144,1.0,61.11055535994707,1.6380586782410471,106.18885684013368,20260908,5d4c83aa5feb5fc2de602cdb7a7801fc2333b44f8c9e1b221370986c629db7b8,1.7064280729871442,0.8584697388100969,1.6380586782410476,1.170310934515015,0.5279338386599799,1.15725;1.17086;1.15651;1.19469,1.68333;1.71339;1.68776;1.74958,1.0000245559888494,0.0091301792315293,0.0152081176172554,0.536414;0.529125;0.510345;0.534883,0.856659;0.860317;0.839492;0.877224,1.0002230825727672,0.0049592722416921,0.007738269708172,4,2000,1000,5000,,,,,
none,20260909,knots52,tv,True,1.0032719933873977,3513.2414046902395,52,1.1585801815758714,0.500857267392868,0.2752860663342698,5.018980524849242,0.1063780181605156,2.4884504872628757,1.1531824266731725,0.2744919032446219,5.011816452783627,1000,1.663871333939262,1.6785063568927887,37.353000113064795,9.677389798183423,1.0,9.942057709390667,1.819653637070323,106.18885684013368,20260908,5d4c83aa5feb5fc2de602cdb7a7801fc2333b44f8c9e1b221370986c629db7b8,1.90387624822996,0.9390964053270092,1.819653637070328,1.215489588891884,0.5421100350215085,1.21308;1.22273;1.19853;1.22611,1.91986;1.8702;1.89098;1.9278,1.000241353045474,0.0098710210079282,0.0132825007898946,0.541984;0.550831;0.536316;0.536853,0.943533;0.926112;0.935752;0.951043,1.000233043729187,0.0044429908981145,0.0053400014825016,4,2000,1000,5000,,,,,
none,20260910,knots52,meta,True,1.0051621959536892,2669.627115538429,52,1.250355057003996,0.5414396156377688,0.2866770329379525,5.270645823904937,0.0992410714652133,2.564600929659311,1.2430536961936949,0.2851534457612097,5.2204251282322405,1000,2.9477419815247665,2.8820106347014613,145.7061126805839,39.75917722332774,1.0,40.19609013929927,1.7301099068081784,113.668035030365,20260908,5d3c2219efea4ce5e1e0fccd92793a1b5c723bc19b672d555f0db0c4743247e0,1.8223453874496132,0.90619362294284,1.7301099068081822,1.2111173237255568,0.5403987047303571,1.20848;1.20798;1.21283;1.21768,1.83022;1.81008;1.77864;1.87309,1.000410488065162,0.0087460530950562,0.0197823561349496,0.528162;0.533764;0.547704;0.55121,0.910889;0.900693;0.887328;0.925806,1.0006137562059891,0.0048296660868499,0.0081284648871391,4,2000,1000,5000,,,,,
none,20260910,knots52,pla,True,1.0051621959536892,2669.627115538429,52,1.198449038304469,0.5205995495967763,0.2499733723563402,4.46499172457198,0.0947528478817124,2.4250542287677916,1.185958216383571,0.2469741479757772,4.44480865621675,1000,4.309503497520344,4.158863835444871,213.3570531649853,59.35798243585472,1.0,59.63119106290575,1.7117261879314811,113.668035030365,20260908,5d3c2219efea4ce5e1e0fccd92793a1b5c723bc19b672d555f0db0c4743247e0,1.793079545738738,0.8944812483344481,1.711726187931488,1.2099465431182297,0.5422074349265978,1.21731;1.2235;1.19293;1.2049,1.76713;1.81685;1.75254;1.8371,1.0000686143004676,0.0100297068957201,0.0200398928543585,0.548644;0.55279;0.527398;0.540882,0.884777;0.909627;0.863012;0.920324,1.0000793547718692,0.0045287553653784,0.0128509202828885,4,2000,1000,5000,,,,,
none,20260910,knots52,tv,True,1.0051621959536892,2669.627115538429,52,1.154924771483722,0.5397124161460402,0.3157139349598754,4.737891707645508,0.1143398584635194,2.5113257819863923,1.151773502725001,0.3147607552719729,4.694412478491794,1000,1.6637237923184611,1.6784783898520508,37.928433992291794,10.003372809788344,1.0,10.034759555097704,1.8147275162021512,113.668035030365,20260908,5d3c2219efea4ce5e1e0fccd92793a1b5c723bc19b672d555f0db0c4743247e0,1.8928128281434016,0.9449240119675352,1.8147275162021477,1.2090782117034131,0.5443276978306071,1.18932;1.20537;1.22211;1.21238,1.8575;1.85375;1.91101;1.94782,1.0001860703204328,0.0084040447814316,0.0226001928113488,0.53246;0.545359;0.552469;0.54601,0.926401;0.927196;0.955072;0.971021,1.0000597868567942,0.0042822567069463,0.0109599046208225,4,2000,1000,5000,,,,,
none,20260911,knots52,meta,True,1.0023060300107578,2874.6672478024,52,1.2202054755647025,0.519035496254847,0.3016066261982388,5.110649122883822,0.1097130676636983,2.668325142156063,1.2157170032733524,0.298859249743063,5.025725740314984,1000,2.9492075194394087,2.883195957737079,136.46600834358853,38.94154167400016,1.0,39.98822300208582,1.642955163830493,113.18934893608092,20260908,3c221baea98377492ed18d237d4d81d4661e62c8c31521e43debb69dd19d7f9a,1.728954962726942,0.8530137164691844,1.642955163830494,1.1737182486944682,0.5199448918561549,1.17558;1.19188;1.17512;1.15359,1.726;1.72752;1.732;1.7315,0.9999906121634264,0.0086861925487938,0.0014768220844595,0.514814;0.524602;0.522338;0.522477,0.853244;0.848141;0.858885;0.851717,1.0001476057298009,0.0048042694056611,0.002235200854378,4,2000,1000,5000,,,,,
none,20260911,knots52,pla,True,1.0023060300107578,2874.6672478024,52,1.1429088624329202,0.4979359448588943,0.241518246140679,4.361251338634408,0.0962551736591453,2.1601794493586515,1.126737972037703,0.2386436504365046,4.331618600178776,1000,4.309486860331124,4.158702688140481,196.25555191629277,59.26330710275877,1.0,59.651877675452944,1.5891697368790074,113.18934893608092,20260908,3c221baea98377492ed18d237d4d81d4661e62c8c31521e43debb69dd19d7f9a,1.6503826006941698,0.8224948843198313,1.5891697368790072,1.1366624062302164,0.5082640999242828,1.15344;1.15089;1.11772;1.13219,1.68278;1.66311;1.60439;1.64764,1.0000717562023755,0.0086755441204631,0.0166598686550351,0.525113;0.519767;0.490567;0.50366,0.840426;0.831273;0.793725;0.8245,1.0001597187919369,0.0038266917326891,0.0101256726595278,4,2000,1000,5000,,,,,
none,20260911,knots52,tv,True,1.0023060300107578,2874.6672478024,52,1.14854578065799,0.5183348185435785,0.2877056294314388,5.098050972468147,0.1064932763905781,2.577903395538186,1.1414978465265029,0.2842761942360448,5.075039252337301,1000,1.6625159964527418,1.678468232672954,38.08101584230142,9.949680598616826,1.0,10.068216542636993,1.825813324479818,113.18934893608092,20260908,3c221baea98377492ed18d237d4d81d4661e62c8c31521e43debb69dd19d7f9a,1.9023484621580091,0.9455418568709866,1.8258133244798147,1.2141744455230166,0.5490452597605673,1.197;1.22091;1.21061;1.22499,1.92162;1.86926;1.8886;1.92538,0.9999676008925328,0.0081098711583639,0.0134817493558472,0.545057;0.545311;0.54915;0.558134,0.960168;0.930994;0.940389;0.950567,1.0000040426235142,0.0044795821242991,0.0063071365379509,4,2000,1000,5000,,,,,
none,20260912,knots52,meta,True,1.00667406710581,3246.1869790569585,52,1.2080028547357196,0.5270769563531754,0.3004042039385527,4.93560033274392,0.1035176920355799,2.490256275988014,1.2019436097620968,0.2967396319446947,4.899905195432846,1000,2.9470246411349903,2.881613063270842,139.22222705650427,39.12885881511434,1.0,40.26559630792459,1.6731433211784468,106.40776801109314,20260908,668e83a0bd1cfa11ffe376d00d8bf8dce5ef52249861c46861f0637a5b0d4e1d,1.7535510110970498,0.8642221929552698,1.6731433211784417,1.1882384284017498,0.5257331819324068,1.16745;1.18526;1.19479;1.2023,1.70377;1.74582;1.74544;1.81808,1.000808929578106,0.0088155238438767,0.0237461522927436,0.518168;0.519565;0.530616;0.533357,0.84161;0.866224;0.858754;0.890235,1.0004887039968433,0.0042910036191075,0.0100907414015061,4,2000,1000,5000,,,,,
none,20260912,knots52,pla,True,1.00667406710581,3246.1869790569585,52,1.1345660508018556,0.4799717222634326,0.2579708626862843,4.491465655053869,0.0935113775839651,2.1631418947021293,1.1278716368535526,0.2553373161756482,4.475842725731254,1000,4.308712567815476,4.1518276697393475,209.43622862333677,59.576746366256714,1.0,60.52882510087917,1.6650553389946856,106.40776801109314,20260908,668e83a0bd1cfa11ffe376d00d8bf8dce5ef52249861c46861f0637a5b0d4e1d,1.7437678041492366,0.8649724670070013,1.665055338994686,1.1684095499953049,0.5234341106946139,1.17331;1.16424;1.16824;1.16669,1.72929;1.76453;1.73768;1.75347,1.000038314231661,0.0093427139553048,0.007890901868763,0.528885;0.516499;0.515955;0.532901,0.866343;0.870863;0.849378;0.872932,1.0000085243575831,0.0043125929074379,0.0053468411751788,4,2000,1000,5000,,,,,
none,20260912,knots52,tv,True,1.00667406710581,3246.1869790569585,52,1.1985677178237273,0.5515244026184283,0.2694999506349291,5.318854944362981,0.0974165645266042,2.695534807534922,1.1912381962807737,0.2676569508770385,5.2704333287380445,1000,1.6622360141231436,1.678473536204923,38.53611604834939,9.96570114480912,1.0,10.050760994499086,1.847792719055232,106.40776801109314,20260908,668e83a0bd1cfa11ffe376d00d8bf8dce5ef52249861c46861f0637a5b0d4e1d,1.9252211394876024,0.9585199636515906,1.8477927190552303,1.2123142405616714,0.5440912849735151,1.19621;1.20655;1.22538;1.22984,1.85496;1.90087;1.94983;1.99408,1.0004226087565482,0.0085266222684439,0.030105633151565,0.538247;0.535151;0.552396;0.550937,0.921453;0.942404;0.975121;0.995061,1.0001668324553077,0.0045990387849025,0.0164431461202097,4,2000,1000,5000,,,,,
performance_chasing,20260908,knots52,meta,True,1.0024057299064806,2678.6088785681413,52,1.238942219124319,0.5274945158571767,0.3058716002384947,5.1694463890706785,0.1043700630362852,2.6530338761874037,1.225893898300377,0.3044838836265688,5.155481283852553,1000,2.9478910760347588,2.8820788829994513,144.9571851193306,39.676679172353374,1.0,40.18414769943393,1.7246537768260104,104.46398210525513,20260908,a98e57816fab67fb99bb98b427d1d6fe9e3cb9a086267bd2a49019c144d3f9c2,1.815122517477215,0.9017942436577572,1.7246537768260044,1.2119992541158011,0.534973614366864,1.22317;1.19543;1.224;1.19783,1.82665;1.7821;1.80783;1.8462,1.000020115637923,0.0093231355301318,0.013666071369092,0.536359;0.527984;0.531844;0.543104,0.910085;0.889971;0.896743;0.910279,1.0000875805811318,0.0045009472485935,0.0050501017810101,4,2000,1000,5000,,,,,
performance_chasing,20260908,knots52,pla,True,1.0024057299064806,2678.6088785681413,52,1.3483796367022491,0.5717236145151132,0.3327104517621531,6.0351401928008395,0.111961912742782,3.131447645448077,1.3242108930319882,0.327424874797015,5.96683281095138,1000,4.29041791942621,4.149574999118227,258.6191385201189,58.36699872118682,1.0,60.81383084478317,2.00860641764751,104.46398210525513,20260908,a98e57816fab67fb99bb98b427d1d6fe9e3cb9a086267bd2a49019c144d3f9c2,2.169972632863457,1.062711097734181,2.008606417647513,1.333906911989219,0.5885752022795141,1.37207;1.33067;1.3405;1.30802,2.17619;2.09434;2.16663;2.24057,1.0001939485597005,0.011645758685933,0.0299346655768704,0.592884;0.588228;0.580266;0.591454,1.06905;1.03345;1.0544;1.09387,1.0001327644293578,0.0054297334878675,0.0127024084033504,4,2000,1000,5000,,,,,
performance_chasing,20260908,knots52,tv,True,1.0024057299064806,2678.6088785681413,52,1.19586357597796,0.5528433670047197,0.2885397824239784,5.464389240151997,0.1103198168168168,2.6770900048660446,1.1871024589725545,0.2881361913264894,5.453838738449449,1000,1.6632191141250114,1.6784918424104216,37.44877886035676,9.80809160783718,1.0,9.990275691852602,1.818323152610849,104.46398210525513,20260908,a98e57816fab67fb99bb98b427d1d6fe9e3cb9a086267bd2a49019c144d3f9c2,1.8915084407461995,0.9370514159224508,1.8183231526108503,1.2132741154168447,0.545128340341178,1.20973;1.21499;1.21291;1.21621,1.89058;1.91108;1.88697;1.87734,1.0001921179707332,0.0089506013639518,0.0071007547895831,0.545671;0.535656;0.550065;0.549565,0.937221;0.938052;0.935941;0.936863,1.0002379442899054,0.0047948914089657,0.0004371150821693,4,2000,1000,5000,,,,,
performance_chasing,20260909,knots52,meta,True,1.0032987260262505,3689.472318279826,52,1.1924085716082602,0.5116706763399975,0.2743112706141812,4.855662603629246,0.0944663315490153,2.368425807899235,1.1764306755109375,0.2734255593060534,4.841896675260005,1000,2.947537489551566,2.880446927917512,139.7295513097633,39.471374923878585,1.0,40.46885274436602,1.6622932594156046,104.36330318450928,20260908,f3ff97ab651609772a1720dfa086c21ea4aeec737dddb31c546a84d44adfd980,1.7479253610540988,0.8630575550544625,1.6622932594156103,1.1844653493909003,0.5219422606962987,1.18216;1.18767;1.16945;1.19846,1.79477;1.72725;1.7009;1.77169,1.0005153855593527,0.0081656164807322,0.0212035653796514,0.524495;0.512264;0.519109;0.536403,0.883885;0.848898;0.844828;0.87453,1.0001805366186531,0.0045376134786069,0.0095663751696277,4,2000,1000,5000,,,,,
performance_chasing,20260909,knots52,pla,True,1.0032987260262505,3689.472318279826,52,1.1504234459040423,0.5116703784521159,0.2752658017772472,4.743828929294662,0.0950416627589073,2.3406496812090176,1.138735386895183,0.2709452079421801,4.678586417103722,1000,4.295088030025803,4.146574860398926,208.1199372499315,56.39192373090768,1.0,61.19166149772538,1.6812742725143606,104.36330318450928,20260908,f3ff97ab651609772a1720dfa086c21ea4aeec737dddb31c546a84d44adfd980,1.7699744130548225,0.8488622130610302,1.6812742725143668,1.1941089207109956,0.5153751855001902,1.18079;1.17973;1.18596;1.22785,1.74296;1.77312;1.72432;1.84899,1.000372049916661,0.0096236999741166,0.0274531636970756,0.521522;0.51378;0.504963;0.524298,0.850844;0.847434;0.812386;0.883896,1.0003672336950002,0.0044365426730705,0.0146163297085399,4,2000,1000,5000,,,,,
performance_chasing,20260909,knots52,tv,True,1.0032987260262505,3689.472318279826,52,1.1584834938863766,0.5260690945490419,0.2726165809319749,5.392519426532001,0.0954586087159544,2.6668839807027345,1.1530902372736649,0.2710997611091399,5.366416393221398,1000,1.663871333939262,1.6785063568927887,37.481020551655874,9.71582713294459,1.0,9.942057709390667,1.831189135066324,104.36330318450928,20260908,f3ff97ab651609772a1720dfa086c21ea4aeec737dddb31c546a84d44adfd980,1.906665994448023,0.9423616731050468,1.8311891350663227,1.216190578713157,0.5408960004276401,1.21141;1.2004;1.20145;1.24916,1.89622;1.885;1.89949;1.94686,1.0000573037282534,0.0082909053898817,0.0136779255966173,0.539343;0.53662;0.532556;0.555786,0.936907;0.932392;0.937466;0.962668,1.0000339087102506,0.0045808644424013,0.006864637615079,4,2000,1000,5000,,,,,
performance_chasing,20260910,knots52,meta,True,1.0020069791970947,2775.927282117965,52,1.2952876918755218,0.5803358350251062,0.2768451218431125,5.1975176195787665,0.0993825913764309,2.501592870967976,1.291651934407358,0.2745316310874734,5.178656647750884,1000,2.9477419815247665,2.8820106347014613,145.15148768680723,39.45174397970613,1.0,40.19609013929927,1.7322719120713146,102.21228885650636,20260908,2d52751960481f74609866464b8c9dfd30878c562145aad2c2395db7d4358ca9,1.8224160053107012,0.9026923411595128,1.7322719120713077,1.218820899644291,0.5432805473227413,1.23105;1.22087;1.20172;1.22339,1.83635;1.84351;1.77669;1.8386,1.0000822138331107,0.0084898739288137,0.0157707974706978,0.544487;0.543693;0.541394;0.544772,0.905344;0.911074;0.886315;0.907908,1.00015021440801,0.0041301053028715,0.0055731867568733,4,2000,1000,5000,,,,,
performance_chasing,20260910,knots52,pla,True,1.0020069791970947,2775.927282117965,52,1.2678589228969768,0.531379882779522,0.2725344924387419,5.370046523915099,0.1043412797992419,2.8668496694123777,1.250215072377877,0.2692628554027314,5.279540851995837,1000,4.291209356673342,4.154976297995827,236.19780173111985,56.60994757010276,1.0,60.12854772670989,1.8861112259916624,102.21228885650636,20260908,2d52751960481f74609866464b8c9dfd30878c562145aad2c2395db7d4358ca9,2.023306888876516,0.981161329089514,1.8861112259916604,1.2772968315506723,0.5579182031009541,1.26104;1.29615;1.25662;1.29634,1.93669;2.0984;1.96412;2.09214,1.0001482523188374,0.0121589244741481,0.0422119653204391,0.55107;0.560978;0.544951;0.576483,0.941162;1.01537;0.946716;1.02137,1.000092796241003,0.005242649232286,0.0215512557300355,4,2000,1000,5000,,,,,
performance_chasing,20260910,knots52,tv,True,1.0020069791970947,2775.927282117965,52,1.1917080922001762,0.5337679429527264,0.27794939773155,5.003920029331783,0.1061508451702305,2.8132590030995708,1.1801714171726996,0.2756326437240691,4.95578043492063,1000,1.6637237923184611,1.6784783898520508,38.20332061737993,10.007653378848795,1.0,10.034759555097704,1.8258507269177044,102.21228885650636,20260908,2d52751960481f74609866464b8c9dfd30878c562145aad2c2395db7d4358ca9,1.9061238156945512,0.9517729504586376,1.8258507269177096,1.2126271624277822,0.5480843057831568,1.18769;1.24619;1.21584;1.19998,1.87618;1.88059;1.9248;1.9458,1.0003444002561883,0.0086601981970058,0.0170041596275997,0.548263;0.549819;0.542914;0.552573,0.93915;0.933746;0.958285;0.975844,1.0002467341824766,0.0046839204431243,0.0096007978243686,4,2000,1000,5000,,,,,
performance_chasing,20260911,knots52,meta,True,1.0030946646729562,2887.1266485116885,52,1.207717208011564,0.5339683520045369,0.2862813872703515,4.895398700351115,0.097952851437976,2.454572276312759,1.1940075257323095,0.2821995685494142,4.865368318450071,1000,2.9492075194394087,2.883195957737079,136.21101969192716,38.93517213403445,1.0,39.98822300208582,1.6476390387364304,102.5835828781128,20260908,a430382c61a78b49c1c6bc019f4b1be997f441d97722a369498beb01d46ea584,1.7258636613009637,0.8514179957560362,1.6476390387364357,1.1767157398573405,0.5163512715187931,1.18405;1.16025;1.18442;1.18204,1.72379;1.70199;1.71014;1.76717,1.0002161490020924,0.0086789592435604,0.0145133007133041,0.513228;0.507929;0.524773;0.519797,0.850974;0.837641;0.844596;0.872459,1.0001878175740238,0.0048098386384354,0.0075235045939941,4,2000,1000,5000,,,,,
performance_chasing,20260911,knots52,pla,True,1.0030946646729562,2887.1266485116885,52,1.1488582416313469,0.5066767202736145,0.2796224348855268,4.531021949955692,0.0972799656607999,2.3431838450769877,1.1352927623062876,0.275825751188571,4.476141716391873,1000,4.295340393857183,4.158485076863498,207.58504882969737,55.697445969361695,1.0,59.679802928232526,1.7006161897033858,102.5835828781128,20260908,a430382c61a78b49c1c6bc019f4b1be997f441d97722a369498beb01d46ea584,1.7991852883746977,0.8685423392705158,1.700616189703383,1.2088379239149185,0.5239487974139301,1.19048;1.21894;1.20484;1.23048,1.73218;1.81267;1.80776;1.84427,1.000483361196812,0.0100204011784956,0.0237639563761851,0.518697;0.527967;0.51876;0.531478,0.845055;0.871175;0.864995;0.892766,1.0003571134342677,0.0051803243361081,0.0098231213447287,4,2000,1000,5000,,,,,
performance_chasing,20260911,knots52,tv,True,1.0030946646729562,2887.1266485116885,52,1.2155599762956806,0.5552924679183454,0.2909498527885801,5.2360248273421535,0.0953948093995472,2.7088443532109827,1.2127834286595705,0.2878246206865671,5.218623051428271,1000,1.6625159964527418,1.678468232672954,38.66364183019142,10.021889010353824,1.0,10.068216542636993,1.8414270439960896,102.5835828781128,20260908,a430382c61a78b49c1c6bc019f4b1be997f441d97722a369498beb01d46ea584,1.9245116322664395,0.9600368686621796,1.841427043996098,1.2191414311669848,0.5503867395144117,1.23003;1.20754;1.22463;1.21416,1.94923;1.88582;1.95065;1.91591,1.0000144033350773,0.0067646159615383,0.0154438753404792,0.553934;0.536759;0.55915;0.548986,0.969936;0.94239;0.970715;0.957082,0.9999560381741756,0.00440168371985,0.0066592516155024,4,2000,1000,5000,,,,,
performance_chasing,20260912,knots52,meta,True,1.001125628177732,3232.281413482382,52,1.227201950365273,0.5377197529003876,0.2711696641770187,5.00352397714359,0.0996426414321232,2.4968590537376993,1.2190594397893204,0.2704679813193749,4.940039960683879,1000,2.9470246411349903,2.881613063270842,140.63417772067558,39.23652744421784,1.0,40.26559630792459,1.6842962841718114,103.36662602424622,20260908,c501c3b7fff683202f2101241e0dbd393b7daf0746b081c8dabf7984e252d93e,1.7689361124379492,0.873019577654053,1.684296284171816,1.1868510569476567,0.5206910545626438,1.19504;1.17727;1.19292;1.18258,1.77324;1.80333;1.73338;1.76617,1.000341981376943,0.0075680972105299,0.0143569903208668,0.519969;0.509038;0.532211;0.524112,0.876641;0.882889;0.858664;0.873806,1.0001741132981756,0.0042065571657931,0.0051414722666519,4,2000,1000,5000,,,,,
performance_chasing,20260912,knots52,pla,True,1.001125628177732,3232.281413482382,52,1.2588007296964585,0.5220222927155775,0.3041806160197849,5.430599935497816,0.1006465469989326,2.7665944212918436,1.2419762660918552,0.2994364395900459,5.329665816253822,1000,4.289071246287139,4.1483965207909375,231.6962466796969,55.96828311972724,1.0,60.962481595636184,1.8627491446404048,103.36662602424622,20260908,c501c3b7fff683202f2101241e0dbd393b7daf0746b081c8dabf7984e252d93e,1.981482351917387,0.9484258983538534,1.8627491446404063,1.281065889444097,0.5464305089099665,1.26322;1.28319;1.28334;1.29389,1.93868;1.96346;1.97698;2.04448,1.0004129657551537,0.0098503275158844,0.0226296816843682,0.547955;0.544841;0.542537;0.550438,0.932189;0.937395;0.94187;0.982294,1.0003127259681424,0.0049322592648792,0.0114576816712351,4,2000,1000,5000,,,,,
performance_chasing,20260912,knots52,tv,True,1.001125628177732,3232.281413482382,52,1.1549438351595676,0.5179366307785505,0.2739527084562318,4.869019361619184,0.0970497966760442,2.353177328479081,1.1462272425012707,0.2732372014321491,4.856696761381013,1000,1.6622360141231436,1.678473536204923,37.37719807802122,9.875560889661076,1.0,10.050760994499086,1.803689109200248,103.36662602424622,20260908,c501c3b7fff683202f2101241e0dbd393b7daf0746b081c8dabf7984e252d93e,1.8757700641046613,0.9296387781893668,1.8036891092002436,1.2088507800543309,0.5407527517732532,1.20229;1.21548;1.19598;1.22706,1.88146;1.85764;1.85705;1.90639,1.0006020205728003,0.0087295222213783,0.0117230790185169,0.545603;0.536183;0.541815;0.540662,0.934043;0.920145;0.920311;0.944058,1.000600347428504,0.0045023540033173,0.0058055226706458,4,2000,1000,5000,,,,,
all_four,20260908,step1,meta,True,1.0015294284896608,2432.7736784953267,1,2.2152322950167456,1.9752213490677808,0.3865107931170614,11.415644722779373,0.0926342757174345,28.524971930556177,2.1366643054113297,0.3787699176462,11.431480744899806,1000,2.9039797458623555,2.8043164796987585,854.8471385251756,57.82857995278126,2.3620341324150065,52.235683511709986,3.681646258165387,100.70903515815736,20260908,49ebaf7574e43654e31b0c50bea504b3b2047817427596565c12504aa9aeb3bb,7.204324793126192,9.52565820111584,3.6816462581653777,2.2870833290704695,2.1661015203099816,2.25889;2.25884;2.27391;2.35792,7.34901;7.3711;6.74473;7.33375,1.0010693736860603,0.0472781507307098,0.1518311915065825,2.14575;2.15695;2.13925;2.24811,9.93805;9.62096;8.77378;9.77355,1.0024760005414062,0.079329123881872,0.2591523910424497,4,2000,1000,5000,,,,,
all_four,20260908,step1,pla,True,1.0015294284896608,2432.7736784953267,1,4.885792291621758,17.507643426696426,1.9447236590735155,9.58700205077315,7.037889570923599,24.105498051432328,6.038386900622884,2.6881349773903707,10.01666589727309,1000,4.205673788836491,4.00530153697721,5425.545933534275,148.10918108571164,3.7066346902436154,77.24437018688023,6.235383730326106,100.70903515815736,20260908,49ebaf7574e43654e31b0c50bea504b3b2047817427596565c12504aa9aeb3bb,5.773067595914096,19.639852602907464,6.235383730326133,5.074867121256216,17.56833800535086,5.06326;5.07658;5.11848;5.04071,5.76261;5.83325;5.79494;5.67747,1.001097235448305,0.0287819518663101,0.0331711681630011,17.5853;17.6005;17.6712;17.4567,19.5802;19.8096;19.7831;19.3101,1.0014106501808882,0.055579316592059,0.1155461430791962,4,2000,1000,5000,,,,,
all_four,20260908,step1,tv,True,1.0015294284896608,2432.7736784953267,1,1.246620227960484,0.168437927381307,0.3213676266940918,4.210263881456896,0.0022500802026712,1.2903840223992402,0.9440085354825528,0.2509712668841325,3.201197946468093,1000,1.5617332391065215,1.6684096432081577,54.51767414483977,8.16346411259757,1.9934475742207596,27.750719040269303,1.3184638340933634,100.70903515815736,20260908,49ebaf7574e43654e31b0c50bea504b3b2047817427596565c12504aa9aeb3bb,1.8069258101008656,0.2890046572055672,1.3184638340933603,1.2647153325258045,0.1737472540241005,1.26404;1.24061;1.27178;1.28599,1.80523;1.78078;1.80992;1.83283,1.000420248129707,0.0096030783955908,0.010669890255035,0.175168;0.167664;0.172017;0.178748,0.300988;0.283231;0.277178;0.292272,1.0001943148483927,0.0026252109872083,0.0052129423953332,4,2000,1000,5000,,,,,
all_four,20260909,step1,meta,True,1.0018046448226636,11953.916507292177,1,1.33912428939546,0.8211623316657275,0.2949382326856177,5.589959219059711,0.0296732465437979,6.571480680250657,1.303843021356867,0.2868499293906598,5.434559119147109,1000,2.903441947764001,2.802644360817236,218.57884703635935,43.24336583750703,2.034544623349749,52.46872231392549,1.842417860107832,71.16460180282593,20260908,396b57ad813d87e465cf7b1486325b4dbadb2f6302fe38f595cc008dbeef17bc,2.4874826838250703,2.038997161023333,1.84241786010783,1.2715407886138852,0.8032314962994075,1.26191;1.25478;1.28141;1.29244,2.49817;2.45443;2.43578;2.55616,1.001041072375619,0.0097097976772086,0.0267539329480091,0.784837;0.797841;0.803842;0.827629,2.01889;1.97009;2.03238;2.13698,1.0003356353445625,0.0106189192813718,0.0351140827481377,4,2000,1000,5000,,,,,
all_four,20260909,step1,pla,True,1.0018046448226636,11953.916507292177,1,6.885852994393746,24.922826194469017,3.709386508749216,12.3311401590225,18.30406162480482,31.4592063922721,8.165469760912671,5.405293260536715,12.95025047196688,1000,4.205941503227249,3.997756283104515,7879.302035553103,142.62694229957788,4.0026126591258,78.02760176457576,8.504933036378215,71.16460180282593,20260908,396b57ad813d87e465cf7b1486325b4dbadb2f6302fe38f595cc008dbeef17bc,8.289740639973408,30.45675347048687,8.504933036378235,6.860657073858334,24.838106246225404,6.89118;6.85205;6.8902;6.80388,8.29521;8.30945;8.35695;8.19016,1.0001676547602587,0.0249573703383725,0.0351641694111104,24.8714;24.8639;24.7772;24.8401,30.4855;30.5766;30.4732;30.2975,1.0002625293821232,0.0392355048498025,0.0583256304440856,4,2000,1000,5000,,,,,
all_four,20260909,step1,tv,True,1.0018046448226636,11953.916507292177,1,1.422197790869267,0.2211763484044587,0.3240430126316825,5.658497679486909,0.0035863848780497,1.698130524953404,1.0476451885997964,0.2505658351611449,4.795352321702036,1000,1.5677262364396267,1.668865421114884,64.42533729105865,8.970083966693078,1.9909269660743427,27.197139590153665,1.4962085598852917,71.16460180282593,20260908,396b57ad813d87e465cf7b1486325b4dbadb2f6302fe38f595cc008dbeef17bc,2.1343104016144565,0.4206823637335458,1.496208559885292,1.4368575856356207,0.235232613311733,1.42405;1.43182;1.44224;1.4424,2.1312;2.14309;2.14142;2.12169,1.0000207860405932,0.0090147898997778,0.0049705827645451,0.235512;0.247757;0.222199;0.231829,0.418481;0.437921;0.407812;0.41865,0.9999274683132676,0.0036032951783737,0.0062701585354406,4,2000,1000,5000,,,,,
all_four,20260910,step1,meta,True,1.0004596199783111,12353.0575246439,1,1.5241518815563029,1.1376980972186836,0.3134361875092531,7.137660862176179,0.0695676892592358,9.64968206754522,1.4872671805808728,0.3081110809654785,7.007140824740971,1000,2.907635784884057,2.8070101488634114,278.76039731378046,46.960381403126235,2.069122410911076,51.85846383933048,2.1801159940661985,73.24749898910522,20260908,ba340f7e88c433ec6dbb6411595050c664dfe6c089c5089fbc89a6d8bb091624,2.962612691583701,2.751503709358511,2.180115994066191,1.4755760069354684,1.060157730262128,1.44989;1.46254;1.49224;1.48738,2.96436;2.96987;2.96074;2.952,1.000121173839815,0.0138432608832445,0.0037497912664912,1.02176;1.01534;1.10218;1.08939,2.66144;2.68329;2.85331;2.8,1.0002727184339926,0.0157360466457282,0.0460671447205222,4,2000,1000,5000,,,,,
all_four,20260910,step1,pla,True,1.0004596199783111,12353.0575246439,1,5.951736080330002,20.02138890877673,3.127149155570488,11.027612107765677,13.462025294032156,26.22160341733171,7.030006638339161,4.563610536851751,11.435452306395575,1000,4.211340386105768,4.016354130206488,6196.897552229186,147.95356439056843,3.643029096871656,76.08611184253716,7.376608306349025,73.24749898910522,20260908,ba340f7e88c433ec6dbb6411595050c664dfe6c089c5089fbc89a6d8bb091624,6.634211535338167,22.19995828489203,7.376608306349028,5.994875116673807,20.026391409369,6.02546;5.943;6.03323;5.97659,6.65992;6.57542;6.67714;6.56003,1.000391280393325,0.0222131944737933,0.0294785645540044,20.0936;19.9516;20.0621;19.961,22.1788;22.1984;22.2223;22.0263,1.0002418572078082,0.0346627014232314,0.0442920931595349,4,2000,1000,5000,,,,,
all_four,20260910,step1,tv,True,1.0004596199783111,12353.0575246439,1,1.3481421319706253,0.2161354785705049,0.3157656278488505,4.970819529358773,0.0037400976009559,1.5891611873334934,0.9683733474561882,0.2473867598768498,3.804058335476838,1000,1.5626780211964495,1.6681867785887865,61.22526473650097,8.605443664220044,1.9904937749441811,28.017496774163018,1.4222420927472676,73.24749898910522,20260908,ba340f7e88c433ec6dbb6411595050c664dfe6c089c5089fbc89a6d8bb091624,1.994929163629832,0.34584041373397,1.4222420927472588,1.371984374183163,0.2055197048282372,1.3695;1.37103;1.36675;1.38258,2.02353;1.98335;1.99213;1.98219,1.00016266866731,0.0081348843985418,0.0096677233176941,0.206264;0.205875;0.198327;0.20973,0.351628;0.349554;0.336999;0.343052,1.0000005777461267,0.0027462063689111,0.003318004505336,4,2000,1000,5000,,,,,
all_four,20260911,step1,meta,True,1.0272760256299858,406.2550114768912,1,1.712166598722343,1.280536737606778,0.3081342347759723,11.513342534051946,0.0509140624409293,40.67076270694615,1.6571652472257088,0.302649006731387,12.297335970115633,1000,2.905771249635852,2.807722931957454,727.6722458463619,52.8263428314643,2.241674669868952,51.75826718821224,3.2801047856914165,94.58855104446413,20260908,74ca393eefbdbff4db5a2f4e7cdd3a7a15a1fb08a94bd6b97b24a8c077eec324,6.86862077336537,7.874827801699531,3.2801047856914054,1.7470938036494783,1.370215141509625,1.61624;1.62806;1.93681;1.84628,5.42711;5.90578;7.75108;8.11161,1.0079040858278785,0.0490808717871237,0.6651635228338977,1.26716;1.24454;1.55779;1.44484,5.85958;6.41039;9.75869;9.57426,1.0117089891152746,0.0601900271059355,1.026325603829823,4,2000,1000,5000,,,,,
all_four,20260911,step1,pla,True,1.0272760256299858,406.2550114768912,1,6.688347756731838,22.635483375185604,2.4465083734876623,12.044374993541322,5.52666202572136,29.96635377075885,7.706529799991172,2.7745414274281153,12.398263525443191,1000,4.214994016253593,4.02050855146962,5219.373236129871,131.78822277291604,3.688808841785835,75.6472726293495,7.849860926928043,94.58855104446413,20260908,74ca393eefbdbff4db5a2f4e7cdd3a7a15a1fb08a94bd6b97b24a8c077eec324,7.885139941687613,25.762629482770254,7.849860926928031,6.7061076616199555,22.63382198347951,6.81508;6.81646;6.52021;6.67969,7.90257;7.82076;7.661;8.214,1.0075818204427411,0.0668160817464498,0.1161900270226641,22.8521;22.8199;22.3424;22.4689,25.9578;25.8998;25.2163;26.0911,1.0110336294121398,0.0987291396292739,0.1958034263182856,4,2000,1000,5000,,,,,
all_four,20260911,step1,tv,True,1.0272760256299858,406.2550114768912,1,1.4037314793662783,0.2059210988543664,0.3302287789118831,5.56239609452874,0.00382769646515,1.712991307860064,1.0544364643166793,0.2439254285917146,4.257563308548987,1000,1.5601744465690817,1.6683202265426549,61.90332985243279,8.896269254903313,1.9980047261673528,27.85805547989353,1.4178812714305944,94.58855104446413,20260908,74ca393eefbdbff4db5a2f4e7cdd3a7a15a1fb08a94bd6b97b24a8c077eec324,2.0160343995021366,0.3735360866445414,1.4178812714305848,1.380419166604169,0.2167798830543776,1.3797;1.38764;1.35203;1.39879,1.99506;2.04223;2.00082;2.02668,1.0003619474983512,0.0115481578854488,0.0110692729998094,0.219757;0.206616;0.234139;0.209283,0.384296;0.355393;0.395068;0.358146,1.0011953627087398,0.0052527805058855,0.0097682953117719,4,2000,1000,5000,,,,,
all_four,20260912,step1,meta,True,1.0029717526386426,1651.05712126318,1,4.07300575645392,6.6905432427941545,0.4389984162879942,19.108725328718627,0.1546460161335636,60.86988431074638,4.2295998147501965,0.4384132224279418,19.12264005988741,1000,2.903186020679774,2.8040391267249216,2401.7390695678355,69.16125294884702,2.8810920468200023,52.27439652323443,6.740191154248681,115.26275372505188,20260908,a1b035cc3cd79d0f28990569aaabc6c73ecd56e796241a85bd2958ec27a9ae33,14.180115951410537,28.245240660762462,6.740191154248704,4.239678461581417,6.743534165867213,4.50299;3.89213;4.15292;4.44948,14.1159;14.1895;13.5269;14.8407,1.001476597593426,0.2115742329699514,0.2687480441518693,8.26499;5.37816;6.33234;7.46429,29.1627;27.3316;25.9526;30.4554,1.0019484494965565,0.8056422003774224,0.9923070141141704,4,2000,1000,5000,,,,,
all_four,20260912,step1,pla,True,1.0029717526386426,1651.05712126318,1,5.849573742583725,20.432114288208588,0.9190433086344943,11.566932694650651,1.105975941474644,30.240198306260687,7.241240044224854,0.9689766904246546,12.094473922989827,1000,4.2023129224621805,4.002145007324617,5784.951027645447,142.46127807829916,3.5931183369948982,77.57275544864905,6.9923495345029885,115.26275372505188,20260908,a1b035cc3cd79d0f28990569aaabc6c73ecd56e796241a85bd2958ec27a9ae33,7.5460637230564656,24.37029235969668,6.992349534502951,5.881236990684856,20.70755574695728,5.75358;6.02508;6.00176;5.75767,7.40277;7.70077;7.54075;7.57423,1.0021719549886845,0.0660011227077181,0.0612353783182523,20.2829;21.0602;21.0455;20.3699,23.9411;24.7565;24.4628;24.3823,1.002165276522922,0.2205505489932893,0.1686033981535905,4,2000,1000,5000,,,,,
all_four,20260912,step1,tv,True,1.0029717526386426,1651.05712126318,1,1.4154506541817224,0.2475178077236374,0.3361431355188101,5.2697691187233495,0.0027303868930306,1.6320832062699506,1.0325795967142262,0.2348237139183615,4.092593618628015,1000,1.554977814990789,1.6684888805141709,63.083820963494034,8.985767387763469,1.9814875694519245,27.655260274877385,1.4452579977174589,115.26275372505188,20260908,a1b035cc3cd79d0f28990569aaabc6c73ecd56e796241a85bd2958ec27a9ae33,2.059118703084248,0.3970149994116297,1.4452579977174578,1.3975461457526186,0.2294065049814809,1.39169;1.40093;1.3797;1.41402,2.03295;2.06164;2.0402;2.10206,1.0000795754417986,0.0099390294204098,0.0155249811470235,0.226756;0.226651;0.232551;0.231031,0.391469;0.401253;0.400758;0.393763,1.0000077908152605,0.0041460357567862,0.0024686518636147,4,2000,1000,5000,,,,,
anticipatory_spend,20260908,step1,meta,True,1.0044944985146382,829.5468197243816,1,10.184814079201292,41.0744408039204,1.295977417392711,19.834995081839264,0.68316469973721,53.284476261274854,11.028301081383336,1.245324028142228,19.760940539046064,1000,2.902068726425093,2.803719524735285,3317.689678066713,70.69600577156713,4.422135842312306,52.318977454498125,11.240909899054024,163.61083388328552,20260908,d805b6f9f379fec5168abeec9ffaf7078e1e90725a9c4a53259e741c11dbd6f8,13.250836291362228,46.35246704049587,11.240909899054,10.217364212344426,40.99542323372127,10.3653;10.0641;10.0819;10.3261,13.3166;12.9745;13.4164;13.2169,1.0015239867863062,0.1200783287286437,0.0947413468469211,41.078;40.9483;40.7786;41.1714,47.1633;46.0805;45.2622;46.4922,1.001592175559628,0.1887350798319822,0.3976290142099219,4,2000,1000,5000,,,,,
anticipatory_spend,20260908,step1,pla,True,1.0044944985146382,829.5468197243816,1,1.358819163801124,0.7669697316777431,0.2624307469790291,9.287277904409192,0.0391290705657951,29.965795224501083,1.3243885693712918,0.2564906349642269,9.515016588004729,1000,4.2082778152247355,3.9992683962614737,642.2724156487577,64.42991323922742,2.133460043436913,77.87111187997822,2.3762911277712333,163.61083388328552,20260908,d805b6f9f379fec5168abeec9ffaf7078e1e90725a9c4a53259e741c11dbd6f8,4.946312318406921,4.2242028054313145,2.3762911277712213,1.3009871837135578,0.7601336733290238,1.25994;1.29855;1.37196;1.28867,4.64379;4.80739;5.5019;4.8429,1.0015677482822891,0.0353177931058072,0.1893312581203025,0.727918;0.769432;0.823284;0.738623,3.81628;4.25396;4.91569;3.92128,1.0020167752909015,0.0288072406917564,0.2478546772156649,4,2000,1000,5000,,,,,
anticipatory_spend,20260908,step1,tv,True,1.0044944985146382,829.5468197243816,1,1.2968233446249786,1.003048494219516,0.2672393694968353,5.668605415624576,0.0588214239951222,7.46154237162149,1.2795721686332224,0.2662708955220713,5.660923963618168,1000,1.6632191141250114,1.6784918424104216,62.9095057620038,9.771516897783204,2.014483746862371,9.990275691852602,1.7622680674738922,163.61083388328552,20260908,d805b6f9f379fec5168abeec9ffaf7078e1e90725a9c4a53259e741c11dbd6f8,3.2187403196446884,3.1697616626731877,1.7622680674738926,1.1969285990177885,0.914430415615706,1.20221;1.17627;1.20335;1.2039,2.82967;2.66078;4.7444;2.63353,1.000279444862475,0.0095649415135425,0.5109456834868531,0.903164;0.916356;0.929756;0.903432,2.77923;2.63048;4.68037;2.58634,1.0001145660154565,0.0123283387730276,0.5054423166743267,4,2000,1000,5000,,,,,
anticipatory_spend,20260909,step1,meta,True,1.0013396591323338,8880.48868072677,1,1.1509828143094278,0.6693309111536894,0.2764830056378736,4.9865093568800285,0.0328670980056008,4.8210787104209345,1.1196130458914544,0.2692137855936972,4.820607148671999,1000,2.9022812779279774,2.802292011571141,181.91088979953457,39.89621056553528,1.988275454792357,52.51771991262367,1.643601844977804,72.10943484306335,20260908,11f02ba74dfb6ef40fe93e27ba4d3fe811c6415db29341eeb90348173eb0dbb6,2.19371774058236,1.5993237614797655,1.6436018449778111,1.1566681641068373,0.6452497465031823,1.15375;1.16919;1.15335;1.15089,2.14169;2.39201;2.09849;2.14232,1.000107329543595,0.0076482049155316,0.0669184756745173,0.625609;0.649371;0.656525;0.647152,1.51897;1.7595;1.5683;1.54818,1.0002042234142183,0.0084470166726621,0.0545349216837117,4,2000,1000,5000,,,,,
anticipatory_spend,20260909,step1,pla,True,1.0013396591323338,8880.48868072677,1,9.679850604634794,32.69310843630693,5.156845567402523,17.543676148303057,23.658689309469793,40.78768493787369,10.0924854670106,6.2195764987202224,17.36772879158811,1000,4.194886678532991,3.9836040021972514,4984.287838217034,114.32913487212664,4.108216240820125,79.48104785030948,10.619871063794994,72.10943484306335,20260908,11f02ba74dfb6ef40fe93e27ba4d3fe811c6415db29341eeb90348173eb0dbb6,11.500006976041496,38.58068416315247,10.619871063794958,9.606208126293696,32.623226723779865,9.58359;9.56777;9.69822;9.56982,11.4538;11.4272;11.6328;11.4867,1.0004057098287638,0.0404703850149603,0.0458646041227726,32.664;32.5384;32.7974;32.5531,38.3975;38.1848;38.909;38.7865,1.0005472113418288,0.0395619129947242,0.1683133758068163,4,2000,1000,5000,,,,,
anticipatory_spend,20260909,step1,tv,True,1.0013396591323338,8880.48868072677,1,1.165871934468988,0.9447153779078484,0.2850240056537254,5.602122299385188,0.0695709377635286,7.233708556255692,1.1565071269647205,0.2840916446594287,5.563485004201131,1000,1.663871333939262,1.6785063568927887,53.962099635915216,9.690528907463488,2.010572325793694,9.942057709390667,1.799638529136841,72.10943484306335,20260908,11f02ba74dfb6ef40fe93e27ba4d3fe811c6415db29341eeb90348173eb0dbb6,2.783723577023716,2.7263656568964953,1.7996385291368309,1.2176004414760817,0.9150335603587444,1.23028;1.22629;1.20045;1.21182,2.71371;2.69214;2.8456;2.88867,1.0002863900544137,0.0086673253578279,0.0484126501628225,0.912386;0.945715;0.87773;0.922051,2.66567;2.63987;2.70635;2.89105,1.000121540793547,0.0119871344456968,0.0567771907759684,4,2000,1000,5000,,,,,
anticipatory_spend,20260910,step1,meta,True,1.0003683265793897,8289.295638498485,1,1.1172471043676784,0.6804024738799741,0.2898511146160296,4.758045185936649,0.030590114409926,4.171523259600665,1.095211689578389,0.2815197873854764,4.660053100518971,1000,2.907714705054078,2.807113036828301,162.87058737394332,39.39540970405396,1.9792632427430452,51.84401064171163,1.5966804847311815,69.15814399719238,20260908,d1452e46e0b2cb93a6378ea421773f7026845c5b26670a324af8599fb734d560,1.987417231108408,1.4451221962563372,1.5966804847311704,1.141592288975808,0.6446203723314596,1.14685;1.14232;1.14889;1.13169,2.00387;1.95992;1.95033;2.02372,1.0004019541860618,0.00851609684413,0.0175239291036248,0.625532;0.638843;0.668871;0.648833,1.42333;1.42682;1.479;1.45582,1.0000745710542789,0.0085354591193639,0.0131241181312436,4,2000,1000,5000,,,,,
anticipatory_spend,20260910,step1,pla,True,1.0003683265793897,8289.295638498485,1,9.00604008464877,31.437974773983363,4.725617342148648,16.29838637393535,23.348696988258133,38.83749040727127,9.454235462605263,5.822154057847028,16.142072574924338,1000,4.216531588364098,4.010179465025744,5924.674917341727,120.47075259298047,4.032194798211259,76.73481961683959,10.016047485344323,69.15814399719238,20260908,d1452e46e0b2cb93a6378ea421773f7026845c5b26670a324af8599fb734d560,10.777449152766367,37.39078803685462,10.016047485344322,9.003893654686006,31.45642922783488,8.97718;9.01164;9.04194;8.97688,10.8518;10.5819;10.8985;10.7494,1.0001685009802603,0.0332267078089518,0.0701196221856558,31.4917;31.494;31.4917;31.3563,37.4992;36.7657;37.7279;37.4529,1.000034025519329,0.0342564333327715,0.2074889333344516,4,2000,1000,5000,,,,,
anticipatory_spend,20260910,step1,tv,True,1.0003683265793897,8289.295638498485,1,1.097548577385766,0.8793199265774302,0.2585321611585081,5.290336108624396,0.0631876422242958,6.402547623565098,1.0833031424531123,0.25369794632429,5.246869827742728,1000,1.6637237923184611,1.6784783898520508,52.42679143693349,9.785018940313734,2.0059058152866256,10.034759555097704,1.7338194397771465,69.15814399719238,20260908,d1452e46e0b2cb93a6378ea421773f7026845c5b26670a324af8599fb734d560,2.6782752508274137,2.6182999900875457,1.7338194397771505,1.1850517638627094,0.8876304828684409,1.194;1.18275;1.17507;1.18942,2.61525;2.52525;2.93714;2.63718,1.000418065010759,0.0073563046338929,0.0894844461240246,0.899283;0.899186;0.859977;0.892573,2.55465;2.45559;2.83619;2.62412,1.0000827528860374,0.0113544053992339,0.0806397362402712,4,2000,1000,5000,,,,,
anticipatory_spend,20260911,step1,meta,True,1.026825328494429,783.215265061715,1,10.04257465517946,49.167661678739634,3.412327671774463,18.86181585469252,5.669973874217046,63.41955159225996,11.323510624619916,4.35365313266311,19.268363998508956,1000,2.9043633730733034,2.806527630898091,3450.3642086652794,67.44942738123373,5.676739992602354,51.92620131622419,11.619690272360474,108.59261417388916,20260908,bac1958634e27d71bb400d93130887150fafc18a43ee9deab10baa03c7f3bb3d,12.273304896407042,56.80339395966572,11.619690272360486,9.935028789842985,48.57807959788788,9.98047;9.71964;9.804;10.1518,12.3748;12.2521;12.3566;12.0616,1.0037300391300683,0.0913773776794055,0.0718310845396258,48.7884;48.3747;48.4356;48.7239,57.1032;55.5142;56.021;58.3135,1.0044499910668705,0.1998104567159551,0.6209817117839277,4,2000,1000,5000,,,,,
anticipatory_spend,20260911,step1,pla,True,1.026825328494429,783.215265061715,1,1.1928354223668538,0.6618756455707464,0.2677599204210087,7.555214842022158,0.0205308433014929,23.71930467350255,1.1530790845706953,0.2539983231338589,7.905118215318491,1000,4.210414986892154,4.006532826791804,461.6005120964843,60.65758195802202,2.0744975680274744,77.11598910265505,2.0684477879926018,108.59261417388916,20260908,bac1958634e27d71bb400d93130887150fafc18a43ee9deab10baa03c7f3bb3d,3.723122967779089,2.9195780976968715,2.068447787992603,1.2171084703640092,0.6824395717089141,1.21274;1.28106;1.26003;1.14195,3.53511;4.1588;4.96876;2.11527,1.004053560759573,0.0235345508592825,0.6026802337268742,0.674828;0.738345;0.708498;0.627806,2.77782;3.44038;4.02744;1.54198,1.0049007335241953,0.0207143469320219,0.533343486883412,4,2000,1000,5000,,,,,
anticipatory_spend,20260911,step1,tv,True,1.026825328494429,783.215265061715,1,1.2283947987048274,1.0224078571081294,0.2846762169709315,5.058865482459467,0.0620017498588056,6.667837698461527,1.2190093454421504,0.2833797692564301,4.965021089634806,1000,1.6625159964527418,1.678468232672954,56.47871547799641,10.025395148446986,2.007700676109502,10.068216542636993,1.8023070727663373,108.59261417388916,20260908,bac1958634e27d71bb400d93130887150fafc18a43ee9deab10baa03c7f3bb3d,2.8168029562877193,2.8155502760366797,1.8023070727663295,1.220566823619344,0.944951765695256,1.20605;1.22011;1.22755;1.22983,2.91418;2.72144;2.64974;2.96483,1.0004321012076942,0.0097724013345744,0.0754580228866102,0.944885;0.967252;0.933383;0.937874,2.8688;2.80429;2.62701;2.96372,1.0000150716628058,0.0131269203278302,0.0709813530749344,4,2000,1000,5000,,,,,
anticipatory_spend,20260912,step1,meta,True,1.0333859293314576,423.6645342187953,1,12.91970396635978,52.84358508173485,2.7258964603106413,22.963152795784595,3.2337224257538604,66.71865374649023,14.280060180847856,3.1823459660978655,23.148688658526577,1000,2.9023714275065187,2.8039695350082185,5376.52718898666,75.44195346567871,4.5816382980965455,52.28410645673309,14.333272973536872,155.0774359703064,20260908,0d747ea871353e7f7028d8ea071f079df47a4b1da5c87cb1d5370b657397ed67,16.155206941596298,62.38908231639206,14.333272973536808,12.927917216161362,53.17075656621291,12.9512;13.1124;12.5689;13.0395,15.9324;15.9787;16.3878;16.1552,1.0111955229811096,0.1112246113304236,0.1032641383064225,53.3327;53.502;52.3281;53.4321,62.7893;63.6151;60.0105;62.4305,1.012954682104285,0.2332609596468202,0.7744042380918197,4,2000,1000,5000,,,,,
anticipatory_spend,20260912,step1,pla,True,1.0333859293314576,423.6645342187953,1,1.1836385253016188,0.7621909132926143,0.2732256458923705,8.299600259308558,0.039135467275986,33.474981068841316,1.1572323188652758,0.2716813306875066,9.00556414279874,1000,4.207688416877283,3.9963323967825857,626.409078904204,63.17807440167134,2.0797946381688357,78.17474633029582,2.1783077828847546,155.0774359703064,20260908,0d747ea871353e7f7028d8ea071f079df47a4b1da5c87cb1d5370b657397ed67,4.879616101578588,3.968432527773043,2.178307782884758,1.2259293336661097,0.7229960600741596,1.20591;1.15541;1.35843;1.21738,3.95154;2.873;7.4117;4.93562,1.01209902441274,0.0333722830013939,0.9692088324614522,0.691607;0.656374;0.830864;0.732799,3.05477;2.17874;7.0063;3.98528,1.0134547684229611,0.0298642114707164,1.0502312911682146,4,2000,1000,5000,,,,,
anticipatory_spend,20260912,step1,tv,True,1.0333859293314576,423.6645342187953,1,1.1830989805531598,0.9346775480615716,0.2476050916427059,5.123189414901682,0.0498437074831181,6.585816514407053,1.1722129426502177,0.2437707223976809,5.111412605542542,1000,1.6622360141231436,1.678473536204923,51.815803551743926,9.81001102857465,2.00707301565581,10.050760994499086,1.7612648269598985,155.0774359703064,20260908,0d747ea871353e7f7028d8ea071f079df47a4b1da5c87cb1d5370b657397ed67,2.6404104868429092,2.585290814620556,1.7612648269599125,1.1920997066183152,0.9048135891753002,1.2077;1.19992;1.17841;1.18338,2.75664;2.50568;2.65541;2.64739,1.0003069482429086,0.0083480756292088,0.0515854068052136,0.887798;0.896707;0.890164;0.942343,2.70742;2.44572;2.57825;2.60543,1.000104653068011,0.0104529324114725,0.0538879745279193,4,2000,1000,5000,,,,,
budget_feedback,20260908,step1,meta,True,1.0004797468481876,8271.839573037287,1,1.2017752447771712,0.9321986910842308,0.277048028436609,5.361841966290166,0.0577976931348602,6.3013422781549595,1.185649569685972,0.276236482696956,5.314417227883598,1000,2.946887871859854,2.881461021336181,213.37508295960544,39.756516341429474,2.019554273935118,40.29214899918812,1.8107698308859137,53.25691795349121,20260908,3c7b34779c1b5b47fda037a238a12854a4dfb68c2c6e41a08b4d77b6788156ee,2.683629494300693,2.6732495392379314,1.810769830885914,1.26123404847044,0.974378539693461,1.25313;1.23462;1.27366;1.2885,2.70937;2.90361;2.45664;2.66776,1.0005881922687518,0.010390872187083,0.0916622968811448,0.977004;0.93366;0.993408;0.991751,2.72675;2.8563;2.43839;2.66514,1.0005264854565752,0.0134501969384224,0.0873605928699628,4,2000,1000,5000,,,,,
budget_feedback,20260908,step1,pla,True,1.0004797468481876,8271.839573037287,1,1.2124423542384766,0.7612132225570356,0.2832987916194744,5.015574605677081,0.0510083910484646,5.041506221315483,1.193233161662877,0.2813119398846807,4.984484628483792,1000,4.307267671937496,4.152710652363556,235.7889155109106,56.67899224392579,1.9909903659748205,60.4168005695642,1.6151012715471855,53.25691795349121,20260908,3c7b34779c1b5b47fda037a238a12854a4dfb68c2c6e41a08b4d77b6788156ee,2.075244301917414,1.9347312137654864,1.615101271547186,1.1551260166336117,0.8597295934590394,1.12394;1.15444;1.15925;1.18158,2.08303;2.06071;2.02965;2.12723,1.0004405912555698,0.0107310050431045,0.0205200478917437,0.872725;0.850251;0.84101;0.867857,1.94587;1.92533;1.88948;1.97765,1.0002938138245197,0.0125124589647898,0.0184889498686835,4,2000,1000,5000,,,,,
budget_feedback,20260908,step1,tv,True,1.0004797468481876,8271.839573037287,1,1.181562515238339,0.910505588962584,0.2364585905560618,5.299220060945559,0.0720774018805361,5.403951426440923,1.1708312641774707,0.236117210982846,5.264400992535986,1000,1.6630242060065947,1.678482919527451,49.57633529725051,9.562933380625449,2.001360418395058,10.019803202443066,1.751934546692847,53.25691795349121,20260908,3c7b34779c1b5b47fda037a238a12854a4dfb68c2c6e41a08b4d77b6788156ee,2.589367334301558,2.4702090694404557,1.751934546692847,1.1896518768255735,0.8749286055629761,1.21889;1.16888;1.18808;1.18721,2.49737;2.66134;2.60276;2.60158,1.0001707367568395,0.0083739849860131,0.0341124227837981,0.909428;0.85927;0.848504;0.88188,2.37839;2.53875;2.46694;2.49421,1.0002558627286289,0.0117944541927259,0.033804220661863,4,2000,1000,5000,,,,,
budget_feedback,20260909,step1,meta,True,1.0118995237617137,1438.0685348251852,1,1.157423010804581,0.8587840754736351,0.2802891789024208,4.566224822991966,0.0477675501648723,5.073402152772199,1.140995547090239,0.2784857753873652,4.521532279745552,1000,2.9476928434369194,2.88028435391783,201.22537389176247,38.85666775704594,2.000108106679906,40.49711690948701,1.708828400138476,54.46652102470398,20260908,6e9523eb5d5792776ce76348477bf76033c6e7de9fb8da6537a468d608dd4aa2,2.5871221062135277,2.4803310024760767,1.7088284001384753,1.1898018880309775,0.8693356127604015,1.1799;1.14055;1.21316;1.22397,2.55982;2.70077;2.40725;2.70914,1.001122224931006,0.0117224248148632,0.0711209180805456,0.874132;0.800701;0.917707;0.889841,2.45055;2.48265;2.38848;2.5822,1.0018909198518406,0.0125902546432801,0.0404444562626837,4,2000,1000,5000,,,,,
budget_feedback,20260909,step1,pla,True,1.0118995237617137,1438.0685348251852,1,1.2532375979758794,0.8421007038668678,0.2883814556028808,6.233863095803714,0.0621183416025541,5.908907844011258,1.243325205487487,0.2848593009865897,6.204242275977498,1000,4.307067362636533,4.1469609959965315,309.6787418577537,59.90825073750162,2.0144597272229374,61.14314302347835,1.8683502990494405,54.46652102470398,20260908,6e9523eb5d5792776ce76348477bf76033c6e7de9fb8da6537a468d608dd4aa2,2.584443961736055,2.5496397651338216,1.8683502990494416,1.236484597312542,0.9690237284080692,1.19821;1.25089;1.25945;1.23634,2.48527;2.79165;2.60387;2.45579,1.0025304449482162,0.0123869049689028,0.0762116743150952,0.972345;0.974491;0.967966;0.957122,2.49824;2.71282;2.56387;2.41854,0.9999898336302216,0.0126829674375905,0.0623507578931798,4,2000,1000,5000,,,,,
budget_feedback,20260909,step1,tv,True,1.0118995237617137,1438.0685348251852,1,1.2077579991369176,0.951125642200704,0.2511050548059433,5.702910290784054,0.0782690293468229,6.14025942146573,1.193139130827239,0.245449534729426,5.651008096083924,1000,1.6645042781615726,1.6785026198927973,53.78371823599037,9.774428578237693,2.0221603946780853,9.954494501556823,1.80665753434291,54.46652102470398,20260908,6e9523eb5d5792776ce76348477bf76033c6e7de9fb8da6537a468d608dd4aa2,2.751334058085054,2.730481798206902,1.806657534342908,1.217472647472651,0.9394132781722384,1.22499;1.20069;1.23986;1.2128,2.64138;2.90639;2.84831;2.62078,1.0007103080970143,0.0082144318236102,0.0721955972676455,0.960835;0.974053;0.898289;0.927603,2.60015;2.94759;2.73503;2.64319,1.0002528867799982,0.0102703586035118,0.0773309747888043,4,2000,1000,5000,,,,,
budget_feedback,20260910,step1,meta,True,1.005223225266093,4763.110904821166,1,1.1841441639792605,0.84339687574349,0.286276482947343,4.868596391204519,0.0459974170924517,4.886841842515729,1.1724932006411066,0.2803654285892035,4.709549145428707,1000,2.946798646796758,2.8814402405787205,177.95773952356174,37.7827887969684,1.9959645731626023,40.295776948862944,1.6878500023244545,65.81035590171814,20260908,8077cf22e698747e81f30a26e824f485e32651319ee756bfec3af1b183c30c54,2.3498508756661347,2.194612725471929,1.6878500023244436,1.178606634028348,0.8540282328391391,1.19454;1.15592;1.184;1.17365,2.38696;2.358;2.22055;2.44827,1.0003685044006805,0.0096172594177986,0.0481278460528518,0.879325;0.814522;0.867448;0.848605,2.2663;2.19996;2.068;2.23763,1.0004981029206026,0.0117813822284468,0.0438156392169158,4,2000,1000,5000,,,,,
budget_feedback,20260910,step1,pla,True,1.005223225266093,4763.110904821166,1,1.3103944434302284,1.0261198465524175,0.2521150607719221,6.04858870780597,0.0669694514303287,7.571276358891312,1.2979181634855357,0.2511778990350187,5.984564781198007,1000,4.3087329769087805,4.158490371573706,361.51672129661154,60.955321828081054,2.0406617600897485,59.679123609575655,1.9119469100514213,65.81035590171814,20260908,8077cf22e698747e81f30a26e824f485e32651319ee756bfec3af1b183c30c54,2.9634577447157087,3.0889763537337274,1.911946910051427,1.3106136036258935,1.063023491026564,1.28021;1.2839;1.35436;1.33229,2.7777;2.87289;3.31315;2.91155,1.0009743038031391,0.0144389840679651,0.1181715822434072,1.04417;1.05883;1.09557;1.05011,2.95145;2.99502;3.37732;3.01586,1.0005976122596667,0.0189193346276183,0.0983880271721648,4,2000,1000,5000,,,,,
budget_feedback,20260910,step1,tv,True,1.005223225266093,4763.110904821166,1,1.202081894888839,0.89183245847568,0.247919164411324,5.122893874709731,0.066305527427801,5.903821738910353,1.1951686643849102,0.2473611864830575,5.000274214582305,1000,1.6636298388937405,1.678473688837916,50.06909959837437,9.583617924690266,2.0061205508742144,10.050258154604991,1.7836120076915687,65.81035590171814,20260908,8077cf22e698747e81f30a26e824f485e32651319ee756bfec3af1b183c30c54,2.6096353807934274,2.4928853115780383,1.7836120076915678,1.2094486029591387,0.8935384758258798,1.21467;1.20051;1.2311;1.19416,2.54818;2.58545;2.63063;2.65305,1.0003841826980475,0.0104051926228617,0.0234060225146219,0.891121;0.894479;0.886058;0.915176,2.43359;2.50861;2.44082;2.59025,0.9999983402410634,0.0114119050747418,0.0364607207588794,4,2000,1000,5000,,,,,
budget_feedback,20260911,step1,meta,True,1.0013187169436004,10628.160395546694,1,1.0796873837324537,0.7538887904379804,0.2687492858167085,4.1327273804621205,0.0513180237922928,4.381423213762033,1.0691539916441826,0.2656728486315036,4.083825064390938,1000,2.949104827921867,2.883373548797492,167.0569476657127,37.12883440367504,1.9720492531143363,39.95699599093332,1.5775866266926852,51.55527901649475,20260908,023b02245b160fa7eb22f3e904f8347acf5d9825682dc0afeb7d91b7fe2dd12d,2.241511323820968,2.0504821988293784,1.5775866266926757,1.1204250644127132,0.8022621649888131,1.11339;1.09818;1.14272;1.13006,2.21355;2.31941;2.13543;2.3018,1.000701192787785,0.0077100262099331,0.0425582223847096,0.826166;0.77842;0.818815;0.78834,2.05565;2.10997;1.9763;2.05745,1.0004334671678703,0.0094523125280487,0.027562192242951,4,2000,1000,5000,,,,,
budget_feedback,20260911,step1,pla,True,1.0013187169436004,10628.160395546694,1,1.0611160490306033,0.6135034416735813,0.2615296443946483,4.3105027105549665,0.0338569843296837,3.6584807850675727,1.0504242393865195,0.2565286496618676,4.303760144813319,1000,4.309191437741639,4.159250179758789,207.4780913226591,53.239143731858064,1.9663975754598864,59.58157081925982,1.4437920784028944,51.55527901649475,20260908,023b02245b160fa7eb22f3e904f8347acf5d9825682dc0afeb7d91b7fe2dd12d,1.93301919001376,1.691079826999548,1.4437920784028913,1.0466738230405168,0.7078953873743629,1.04103;1.04478;1.05298;1.04701,1.86064;1.82566;2.16131;1.88087,1.000084724251465,0.0074326058795016,0.0772423560784155,0.714226;0.712271;0.706201;0.69729,1.65301;1.5853;1.8698;1.65454,1.000020555029509,0.0083711803883732,0.0618569636762276,4,2000,1000,5000,,,,,
budget_feedback,20260911,step1,tv,True,1.0013187169436004,10628.160395546694,1,1.1588371157552522,0.9162821099343272,0.2694446757105179,5.2423931828545225,0.0752675066727617,5.8335928709573075,1.145720431854461,0.2672274727587383,5.2306450315752,1000,1.6628615399989153,1.6784665725527228,55.03029099968588,9.82085988245314,2.015906692254374,10.073674314947365,1.7809357725933703,51.55527901649475,20260908,023b02245b160fa7eb22f3e904f8347acf5d9825682dc0afeb7d91b7fe2dd12d,2.801351373647073,2.7513087447139526,1.7809357725933606,1.207298832201141,0.9130367073052555,1.21124;1.19847;1.22272;1.19767,2.77605;2.80969;2.97767;2.64314,1.0000995090726672,0.007113895077058,0.0688175340562713,0.936227;0.919666;0.885515;0.914432,2.7062;2.77217;2.91609;2.60794,1.0002914922815114,0.0092446162579115,0.0646633681402792,4,2000,1000,5000,,,,,
budget_feedback,20260912,step1,meta,True,1.0010554286534945,9372.855729955963,1,1.30246662360927,1.0043280986080436,0.3185123557330491,5.311825853855054,0.0573084445085678,7.23879949995276,1.287764698509454,0.3155023208220874,5.291784679883577,1000,2.9464748398077996,2.8811393261099396,243.24163168498,40.37590694028863,2.032015781871978,40.34827857889146,1.9365464967723107,53.14510798454285,20260908,862f168881e95a34484abfc2577eea038c76d083119f50becaa71b457a712aa5,3.0121788705472823,3.0625259160698324,1.9365464967723052,1.288526402228619,1.0166160030868254,1.27284;1.2876;1.29776;1.30083,3.19153;2.95692;2.91213;2.99394,1.0004628813051104,0.0108621768098414,0.061613002506142,1.02767;0.978079;1.04275;1.01172,3.19462;3.0096;3.00731;3.04156,1.0001685673527905,0.01112656864213,0.0444751908988685,4,2000,1000,5000,,,,,
budget_feedback,20260912,step1,pla,True,1.0010554286534945,9372.855729955963,1,1.139589251044161,0.6908321522158527,0.2765530158780415,4.6466044063402325,0.0425917379418017,4.6992668513726255,1.1296850188901786,0.2758328520382167,4.615485585401342,1000,4.307305966340155,4.150442629352347,248.84405804276648,57.183195398980345,1.9930187745575736,60.70419317186872,1.5838916261955387,53.14510798454285,20260908,862f168881e95a34484abfc2577eea038c76d083119f50becaa71b457a712aa5,2.1715450077769813,2.0352656310829835,1.583891626195543,1.1376600160066936,0.8244263835527559,1.13961;1.12562;1.13351;1.15009,2.09791;2.1565;2.26354;2.16059,1.0002419035769805,0.007645835447397,0.0344197906876706,0.852847;0.832458;0.792501;0.820186,2.00243;2.03146;2.05914;2.04659,1.000020298807397,0.0104133736047019,0.0122146404721573,4,2000,1000,5000,,,,,
budget_feedback,20260912,step1,tv,True,1.0010554286534945,9372.855729955963,1,1.1782336469082622,0.8942044837998377,0.2651017663007585,5.689651893813311,0.069481698556619,6.384726898969535,1.1709388900047195,0.2659361809971915,5.561616930977781,1000,1.662024240961589,1.678463465169645,55.39185367839844,9.772539019088756,2.011618523627454,10.08388217525023,1.7853027530979166,53.14510798454285,20260908,862f168881e95a34484abfc2577eea038c76d083119f50becaa71b457a712aa5,2.833163125541974,2.7597624675068597,1.7853027530979244,1.210378123201612,0.9114894581508022,1.22291;1.19367;1.21582;1.21038,2.68832;2.72806;3.30428;2.6133,1.0000938811325932,0.0066374163821859,0.158721247632949,0.943149;0.915407;0.8906;0.892527,2.62468;2.64675;3.2311;2.5437,1.0000785193548891,0.0116078068005687,0.1580739098369378,4,2000,1000,5000,,,,,
none,20260908,step1,meta,True,1.0315503052636452,610.004246311278,1,1.4738456042308823,1.1912904569574687,0.3137642217920216,9.090578302866437,0.0556676307590833,16.046651479043554,1.4596175817677235,0.3118674255206242,9.070336762572673,1000,2.9478910760347588,2.8820788829994513,539.9105867215857,44.13544203893461,2.114261493987725,40.18414769943393,2.656141249819496,66.20201802253723,20260908,736d3679e11760c8fe924056505ab728b1a5d031447b2106d96087f394edaee2,6.054051329397354,7.032397893354274,2.6561412498194934,1.4739668625773503,1.2824893434396412,1.45243;1.46221;1.50587;1.47829,6.58888;5.54552;6.30542;5.77547,1.004972361955585,0.0227421050174331,0.2389981588985109,1.26715;1.20442;1.33116;1.32623,7.75422;6.37378;7.30443;6.663,1.004327026907442,0.0324167977372034,0.3115779861651775,4,2000,1000,5000,,,,,
none,20260908,step1,pla,True,1.0315503052636452,610.004246311278,1,1.3783913671778605,1.0363393844798374,0.2814594405219892,6.8773909992022455,0.0693667535220428,9.024157684437975,1.3709357910771824,0.2804642333811961,6.806620682560323,1000,4.309408624341329,4.154118209407462,400.8485816844208,62.818045406062794,2.0474244420849157,60.237858000361825,2.0904683776616917,66.20201802253723,20260908,736d3679e11760c8fe924056505ab728b1a5d031447b2106d96087f394edaee2,3.1844456061126487,3.3998389999859935,2.090468377661703,1.3424497864979703,1.1034479337454492,1.34405;1.33438;1.34909;1.34401,3.12497;3.0011;3.49288;3.1221,1.003169072686908,0.0228878218510218,0.1065246740068076,1.11335;1.06537;1.11798;1.12524,3.27937;3.18842;3.78394;3.35567,1.0022108875706313,0.0238607630997167,0.1318696575222687,4,2000,1000,5000,,,,,
none,20260908,step1,tv,True,1.0315503052636452,610.004246311278,1,1.1760982777834723,0.8880514288090092,0.2696231417042333,5.200687635739639,0.0585611719229373,6.251692054186882,1.1728861148840466,0.2684998616722711,5.161016140458949,1000,1.6632191141250114,1.6784918424104216,54.20867708151225,9.63766619321273,2.007627828501368,9.990275691852602,1.791426824434768,66.20201802253723,20260908,736d3679e11760c8fe924056505ab728b1a5d031447b2106d96087f394edaee2,2.810890905433179,2.7198792849223477,1.7914268244347538,1.2058703781472682,0.8919373213468771,1.24473;1.20679;1.16987;1.2008,2.63782;2.8958;2.82407;2.89449,1.0005029566627055,0.0137742146295154,0.0607637987826063,0.971109;0.888577;0.787144;0.919547,2.59309;2.80117;2.60675;2.87603,1.005691746788605,0.0177366928091767,0.0706303921362127,4,2000,1000,5000,,,,,
none,20260909,step1,meta,True,1.001723360812595,7506.442529937423,1,1.1327062861548878,0.8969934932005368,0.266507077878353,4.901286165094171,0.0590597040093054,5.525758811646925,1.1285462233414796,0.2655161810494562,4.872239797425969,1000,2.947537489551566,2.880446927917512,205.6197119702973,39.45829014965848,1.997673325036688,40.46885274436602,1.699574985751786,52.62003827095032,20260908,5d4c83aa5feb5fc2de602cdb7a7801fc2333b44f8c9e1b221370986c629db7b8,2.6046248703996056,2.535895042678775,1.6995749857517832,1.1964814523983638,0.8951466895219972,1.19492;1.18249;1.18749;1.22461,2.60874;2.73829;2.42015;2.65946,1.0005488385161252,0.0082056790215241,0.0676400926577444,0.890591;0.864999;0.911782;0.916553,2.54101;2.64579;2.36944;2.57225,1.000187560391306,0.0118954725612352,0.0585073915077739,4,2000,1000,5000,,,,,
none,20260909,step1,pla,True,1.001723360812595,7506.442529937423,1,1.243549187185922,0.873227354013528,0.2947914530162336,5.800485441929147,0.0605635891343021,6.548441281488323,1.2327656776189115,0.2934642135277705,5.789626687680641,1000,4.307344100278896,4.147220200695105,329.53318088646785,61.303227704733686,2.024280007878935,61.11055535994707,1.8020524279871115,52.62003827095032,20260908,5d4c83aa5feb5fc2de602cdb7a7801fc2333b44f8c9e1b221370986c629db7b8,2.687614728533658,2.7289093286207855,1.8020524279871248,1.2429158350499585,1.0083579049950666,1.23143;1.22384;1.27079;1.25203,2.666;2.4401;2.99467;2.65822,1.0004384392056245,0.0124135314460417,0.1143307538308065,1.01676;0.999599;0.989456;1.02535,2.73989;2.51033;2.99718;2.67266,1.0001885822935557,0.0118672814893888,0.1012539895643817,4,2000,1000,5000,,,,,
none,20260909,step1,tv,True,1.001723360812595,7506.442529937423,1,1.18766247302118,0.9515650727477502,0.263518955352031,5.7399725729288775,0.0833531925487054,6.433941296686186,1.1823635184458927,0.2581491448040627,5.72038824171198,1000,1.663871333939262,1.6785063568927887,55.18453593745516,9.654760949681496,2.021019853208872,9.942057709390667,1.8366235785957192,52.62003827095032,20260908,5d4c83aa5feb5fc2de602cdb7a7801fc2333b44f8c9e1b221370986c629db7b8,2.8575187466644905,2.8020149594845027,1.8366235785957168,1.220576787103767,0.9237392929918908,1.22878;1.20368;1.22713;1.22382,2.82021;2.93763;2.82847;2.82911,1.000152024298216,0.0092611001546326,0.0279990212719187,0.95569;0.929753;0.886714;0.914885,2.77654;2.88659;2.73364;2.8111,1.0001169117095172,0.0111535096963925,0.0323522172223457,4,2000,1000,5000,,,,,
none,20260910,step1,meta,True,1.001497699247484,4163.767416767463,1,1.1744707953829303,0.847288432975469,0.2717618433458959,4.64509757276025,0.0510971421001377,5.96026522817672,1.1604882398858518,0.2692032188599401,4.628369158149138,1000,2.9477419815247665,2.8820106347014613,206.9375879245824,39.17329417173883,2.008651695862649,40.19609013929927,1.8127442511129992,68.48922872543335,20260908,5d3c2219efea4ce5e1e0fccd92793a1b5c723bc19b672d555f0db0c4743247e0,2.6407192097251793,2.583504571413088,1.812744251112987,1.245739077627614,0.9392248482981306,1.25192;1.24054;1.23759;1.25077,2.69356;2.64964;2.5775;2.64115,1.000475541806636,0.0096201899685207,0.0239246302513591,0.929774;0.935924;0.923861;0.970488,2.58692;2.59572;2.56222;2.58185,1.0005932754950877,0.0150223877395165,0.0070910953469275,4,2000,1000,5000,,,,,
none,20260910,step1,pla,True,1.001497699247484,4163.767416767463,1,1.718421897473278,1.5108814596929854,0.3314107949580819,8.54413230990482,0.0820014639124185,18.94084939188002,1.7101534556285969,0.3281765025237462,8.592766541887865,1000,4.309503497520344,4.158863835444871,907.0895927463772,68.27108039715722,2.176587704101008,59.63119106290575,2.6315409713321993,68.48922872543335,20260908,5d3c2219efea4ce5e1e0fccd92793a1b5c723bc19b672d555f0db0c4743247e0,6.4938658230125474,8.10045754898396,2.631540971332216,1.6543563405948984,1.547298495037074,1.62395;1.67731;1.67628;1.64172,6.03428;5.99406;6.70526;7.22567,1.000626378715699,0.0235086447644441,0.294558190811837,1.54054;1.56576;1.57079;1.51007,7.58383;7.38754;8.37629;9.06181,0.9998872767278308,0.0344342036225121,0.3846453205554657,4,2000,1000,5000,,,,,
none,20260910,step1,tv,True,1.001497699247484,4163.767416767463,1,1.1433223338499154,1.0069821384159194,0.2653444114840822,5.569418645546126,0.0623073739590994,7.040577099811165,1.1327438832094443,0.2627027659584666,5.512421369592956,1000,1.6637237923184611,1.6784783898520508,56.262626343141775,10.004602962596152,2.0129274855668617,10.034759555097704,1.8428956131601633,68.48922872543335,20260908,5d3c2219efea4ce5e1e0fccd92793a1b5c723bc19b672d555f0db0c4743247e0,2.8118788406621396,2.821481350728764,1.8428956131601484,1.2352445643727352,0.941353374691404,1.26019;1.21495;1.25889;1.19922,2.64589;2.89895;2.91723;2.78623,1.00018908687942,0.0093498315769015,0.0625098597272808,0.961477;0.928005;0.967539;0.909085,2.65814;2.88918;2.95197;2.78768,0.9999953581059036,0.0143801638216718,0.0641819086419817,4,2000,1000,5000,,,,,
none,20260911,step1,meta,True,1.0049099026717545,5534.422483863017,1,1.1356777664221438,0.8098138480643204,0.2649721909291731,4.113863602624439,0.0548196237243987,4.547946968956866,1.1244658251151602,0.2635477418726095,4.092066290215492,1000,2.9492075194394087,2.883195957737079,171.34505901536903,38.34418045389377,1.9793930033930835,39.98822300208582,1.6186497242469835,53.04312086105347,20260908,3c221baea98377492ed18d237d4d81d4661e62c8c31521e43debb69dd19d7f9a,2.231410644193176,2.1167130181802847,1.6186497242469815,1.1416392956938743,0.8347361477899901,1.13084;1.12117;1.16055;1.1585,2.20079;2.24305;2.12174;2.36307,1.0003213156608264,0.008858248249545,0.0503585950561084,0.851733;0.805783;0.850706;0.830857,2.11313;2.09333;2.05443;2.20057,1.0001540593059346,0.0108801853290276,0.030908858318965,4,2000,1000,5000,,,,,
none,20260911,step1,pla,True,1.0049099026717545,5534.422483863017,1,1.0840186944225465,0.6180678220359794,0.2684715997357298,4.549728392957931,0.0426289003716519,4.099393797193086,1.0750439610090752,0.2676819785126962,4.532780476569185,1000,4.309486860331124,4.158702688140481,225.54267929781855,54.23786627567401,1.9755592839835487,59.651877675452944,1.5466298863554753,53.04312086105347,20260908,3c221baea98377492ed18d237d4d81d4661e62c8c31521e43debb69dd19d7f9a,2.0676448939134073,1.85099071202813,1.5466298863554775,1.0823110161330076,0.7437427163135111,1.07621;1.09066;1.08085;1.0834,1.97564;2.09379;2.18484;2.01786,1.00079287454368,0.0070320404874948,0.0459727285290154,0.76121;0.746514;0.723973;0.747755,1.7923;1.85584;1.95217;1.80218,1.0000303174643674,0.0104867363631296,0.0366134425419596,4,2000,1000,5000,,,,,
none,20260911,step1,tv,True,1.0049099026717545,5534.422483863017,1,1.1587977904951114,0.916317449271446,0.2745311080117362,5.493713044995625,0.0745963405933196,6.2249802434103705,1.1447264656957006,0.2704337682534247,5.423496314652586,1000,1.6625159964527418,1.678468232672954,60.51838653144858,9.90128382338166,2.018822331803587,10.068216542636993,1.8109032539276848,53.04312086105347,20260908,3c221baea98377492ed18d237d4d81d4661e62c8c31521e43debb69dd19d7f9a,3.056133532021128,3.0328380062911093,1.8109032539276944,1.2224854843783146,0.9408913900948596,1.22788;1.21444;1.2336;1.21442,2.85006;3.09534;3.51542;2.78922,1.0000404553940965,0.0077356787324193,0.1648306617615788,0.963297;0.960825;0.905981;0.926729,2.8363;3.08508;3.42727;2.78229,1.0000786550616916,0.0117403352923526,0.147112724568091,4,2000,1000,5000,,,,,
none,20260912,step1,meta,True,1.0096742974213724,2254.052769796633,1,1.321809608706328,1.0903101472338046,0.3197186269107642,6.579630173217647,0.069417205270183,11.753956356297254,1.3032469572008338,0.3123526487753958,6.628876191228955,1000,2.9470246411349903,2.881613063270842,393.20308973047736,42.67426234898264,2.068539667904874,40.26559630792459,2.338345887766695,53.02127003669739,20260908,668e83a0bd1cfa11ffe376d00d8bf8dce5ef52249861c46861f0637a5b0d4e1d,4.589576526002582,5.031754671665089,2.3383458877667,1.4194310142517828,1.1759579019643525,1.46844;1.36815;1.38368;1.47326,4.71938;4.15148;4.05839;5.4263,1.003594871008967,0.0155940419626047,0.3150432858446483,1.23466;1.11426;1.14782;1.20833,5.20631;4.45187;4.48098;5.99157,1.0027288807990031,0.018322639853062,0.3641585708533313,4,2000,1000,5000,,,,,
none,20260912,step1,pla,True,1.0096742974213724,2254.052769796633,1,1.2004729522664008,0.8160660664158401,0.2812376506571548,5.29915789612118,0.0537709757394783,5.608254145318324,1.1881959101906898,0.2861089079904083,5.25359806096271,1000,4.308712567815476,4.1518276697393475,354.263371136187,58.17438980489256,1.9985259931775996,60.52882510087917,1.7492983431482598,53.02127003669739,20260908,668e83a0bd1cfa11ffe376d00d8bf8dce5ef52249861c46861f0637a5b0d4e1d,3.0423593460981,2.91965405385118,1.7492983431482574,1.1959003406816897,0.9022260733648246,1.22372;1.18035;1.18272;1.19692,2.50722;2.42019;4.85018;2.39726,1.000541103569445,0.0121955107934119,0.60262072211127,0.908076;0.90155;0.879178;0.917939,2.4151;2.30217;4.68989;2.30921,0.9999714654368774,0.0123193940415773,0.5875001129920693,4,2000,1000,5000,,,,,
none,20260912,step1,tv,True,1.0096742974213724,2254.052769796633,1,1.148892253123107,0.93580860527263,0.2545458578715788,5.498052168719561,0.0777751199877707,6.39919766425757,1.1426205608321478,0.2513733460395469,5.409383504232145,1000,1.6622360141231436,1.678473536204923,54.37121416903449,9.783514735925904,2.008672569420872,10.050760994499086,1.8028770327314043,53.02127003669739,20260908,668e83a0bd1cfa11ffe376d00d8bf8dce5ef52249861c46861f0637a5b0d4e1d,2.778022914277095,2.7145704805513096,1.802877032731405,1.206030194987263,0.92186028655989,1.24805;1.18792;1.21318;1.18685,2.66712;2.92462;2.77929;2.74979,1.000206077705455,0.0088027598563202,0.0536721530299731,0.954084;0.908129;0.885055;0.944535,2.57432;2.87366;2.67742;2.73954,1.0003969431037636,0.0119407743722488,0.0625634483482261,4,2000,1000,5000,,,,,
performance_chasing,20260908,step1,meta,True,1.0010559254668947,3532.3020008641915,1,1.3777342903261047,1.1659259391193633,0.3189146352192243,7.188851982912285,0.0717788880066863,11.866572684456068,1.3594660377993066,0.3107706466719743,7.135678681140246,1000,2.9478910760347588,2.8820788829994513,385.9370208369689,42.87884419401351,2.084763101295459,40.18414769943393,2.3124666170003754,91.9783968925476,20260908,a98e57816fab67fb99bb98b427d1d6fe9e3cb9a086267bd2a49019c144d3f9c2,4.477705105855306,4.982782788236337,2.312466617000373,1.4034571439396573,1.1821275851452255,1.40426;1.3814;1.40897;1.4138,4.65693;4.12283;4.26145;4.87906,1.0001055191166357,0.0130692465261409,0.174616581262071,1.18705;1.15051;1.20487;1.18224,5.20655;4.5304;4.81567;5.39315,1.0005857580682045,0.0194706147864114,0.1938627950925702,4,2000,1000,5000,,,,,
performance_chasing,20260908,step1,pla,True,1.0010559254668947,3532.3020008641915,1,6.84095854771044,16.258099976884225,0.7989247081946961,19.151384212215437,4.625006595194713,24.852377070901746,7.219626080180358,2.407900067709326,18.26743736914107,1000,4.29041791942621,4.149574999118227,3988.9839241205377,113.98324711742823,2.982977723770291,60.81383084478317,8.350323503522798,91.9783968925476,20260908,a98e57816fab67fb99bb98b427d1d6fe9e3cb9a086267bd2a49019c144d3f9c2,8.729070766108304,22.573441059460393,8.350323503522807,6.630153238854653,15.94405662405416,6.45507;6.56142;6.84859;6.67971,8.5563;8.65759;9.12973;8.54352,1.0010530270756854,0.0749826007703409,0.1383543841503333,15.7777;15.8595;16.2198;15.9077,22.3353;22.6637;23.1933;22.0823,1.0004694737062552,0.0751599120381412,0.2398275898995981,4,2000,1000,5000,,,,,
performance_chasing,20260908,step1,tv,True,1.0010559254668947,3532.3020008641915,1,1.1774822599563204,0.9086103967937768,0.2571948305729177,5.546063630738891,0.0616287224895316,6.905529282253273,1.1637525466240262,0.2541141989870722,5.531894210842411,1000,1.6632191141250114,1.6784918424104216,53.44781722636932,9.833716286869024,2.01996177991843,9.990275691852602,1.7920182722052898,91.9783968925476,20260908,a98e57816fab67fb99bb98b427d1d6fe9e3cb9a086267bd2a49019c144d3f9c2,2.71766242560758,2.701003456085041,1.7920182722052902,1.195496063817545,0.910528090119924,1.17331;1.22244;1.18833;1.20725,2.57104;2.68461;2.81309;2.8039,1.0000793548214506,0.0092974393770219,0.0571056764906799,0.914229;0.902354;0.900108;0.931648,2.58894;2.60582;2.72898;2.87667,0.9999901041556356,0.0114599978040424,0.0666185864962166,4,2000,1000,5000,,,,,
performance_chasing,20260909,step1,meta,True,1.0008296697993742,5916.540120890821,1,1.162624584468705,0.9181681028746324,0.297533651398407,5.0394219263499505,0.0743175926660347,5.863127845070173,1.1529830451174736,0.2935219479691483,5.010866176822756,1000,2.947537489551566,2.880446927917512,218.07757488921467,39.695878020130706,1.992907766107917,40.46885274436602,1.743826509722434,91.37565326690674,20260908,f3ff97ab651609772a1720dfa086c21ea4aeec737dddb31c546a84d44adfd980,2.746159231925379,2.6838420602212407,1.7438265097224317,1.2088048892974437,0.919038202882026,1.19963;1.18892;1.23658;1.21547,2.92799;2.44275;2.45407;3.17126,1.000276728374389,0.0093635772645525,0.1805345118431119,0.948302;0.894526;0.918735;0.917275,2.85294;2.40426;2.40879;3.07458,1.0000497392977366,0.0125121307771316,0.1671050386317571,4,2000,1000,5000,,,,,
performance_chasing,20260909,step1,pla,True,1.0008296697993742,5916.540120890821,1,13.35223586992111,25.1220579093565,5.403405751763618,29.70141098932871,14.601867741507178,36.51115613153552,13.083741309372916,5.751561480727499,28.484065876643548,1000,4.295088030025803,4.146574860398926,2653.425630274026,76.77364359221214,2.935489108852659,61.19166149772538,14.350854983989256,91.37565326690674,20260908,f3ff97ab651609772a1720dfa086c21ea4aeec737dddb31c546a84d44adfd980,14.717751087529916,28.53992430983393,14.350854983989214,13.197213499018996,24.840604152393027,13.0208;13.0693;13.6246;13.1045,14.522;14.6584;15.0957;14.5439,1.0004889597647486,0.0814659010156759,0.1336332491982768,24.7355;24.9453;25.1491;24.5358,28.351;28.6596;29.1137;27.9812,1.000283017692057,0.0597914445709388,0.2399063048772972,4,2000,1000,5000,,,,,
performance_chasing,20260909,step1,tv,True,1.0008296697993742,5916.540120890821,1,1.224160937744,0.9423206387163218,0.2602148063807622,5.586339116428971,0.0767190801474167,6.751194888886928,1.2197712795145197,0.2593915876797542,5.524029956009087,1000,1.663871333939262,1.6785063568927887,53.904554239831725,9.662423711916595,2.00915659268708,9.942057709390667,1.8365124586353951,91.37565326690674,20260908,f3ff97ab651609772a1720dfa086c21ea4aeec737dddb31c546a84d44adfd980,2.7886099368498902,2.721111221978697,1.8365124586353871,1.2257378998197153,0.9211648710811262,1.21531;1.25433;1.20404;1.23264,2.66085;2.81566;2.69303;2.98288,1.0004643508449658,0.0092525952286038,0.0729885632395806,0.932748;0.933674;0.896472;0.916909,2.59145;2.73733;2.60178;2.96037,1.0003114018321335,0.0116381488626767,0.0859037228563208,4,2000,1000,5000,,,,,
performance_chasing,20260910,step1,meta,True,1.0014005038332623,5793.605922799906,1,1.1863024476015651,0.9150696101565616,0.3181923340601941,5.741281197589659,0.0499555885228722,6.370162698098729,1.17283519762781,0.3125702781776449,5.7137162247593425,1000,2.9477419815247665,2.8820106347014613,235.48888511620623,39.25430352647008,2.0133946423050677,40.19609013929927,1.8932760938785955,80.0546932220459,20260908,2d52751960481f74609866464b8c9dfd30878c562145aad2c2395db7d4358ca9,2.99915156473308,2.94719007007751,1.8932760938785913,1.2586015706922966,0.9581402355506532,1.25073;1.24391;1.26056;1.27567,2.78702;2.91689;2.84864;3.45168,1.0003440662051943,0.0121565535235342,0.1525302061744491,0.970867;0.929154;0.981313;0.951622,2.74965;2.80666;2.84927;3.39167,1.000282724332395,0.0130297236761323,0.1488593589870495,4,2000,1000,5000,,,,,
performance_chasing,20260910,step1,pla,True,1.0014005038332623,5793.605922799906,1,7.785501404068185,18.679326029224903,2.3917096106025553,19.408033773295035,9.417479090767884,26.373777755748115,8.245172169451713,3.531024994002472,18.974815966658085,1000,4.291209356673342,4.154976297995827,3473.8947465721913,109.21828840188216,2.933602742134921,60.12854772670989,9.25600603071151,80.0546932220459,20260908,2d52751960481f74609866464b8c9dfd30878c562145aad2c2395db7d4358ca9,8.546345457732624,21.362843584519123,9.256006030711536,7.763262745098917,18.53843265245125,7.65065;7.69583;8.0171;7.65773,8.30579;8.50328;8.83245;8.47929,1.0007639040640008,0.0667336165727552,0.1099361470588559,18.3852;18.6265;18.7436;18.4264,20.973;21.3881;21.7044;21.2852,1.0006253279651969,0.0624836109159474,0.1507722034508203,4,2000,1000,5000,,,,,
performance_chasing,20260910,step1,tv,True,1.0014005038332623,5793.605922799906,1,1.1579806501313086,0.8984168327143742,0.2851893266117131,5.741799521719311,0.0684806379662007,7.049363812023073,1.145968792114422,0.2792065956058723,5.700346970120507,1000,1.6637237923184611,1.6784783898520508,55.001676720655816,9.934407412430836,1.99663256070654,10.034759555097704,1.8057780267213988,80.0546932220459,20260908,2d52751960481f74609866464b8c9dfd30878c562145aad2c2395db7d4358ca9,2.7680552591335106,2.7356680160836895,1.8057780267213883,1.2118033054735968,0.9131042952852756,1.22796;1.22694;1.19296;1.2074,2.5734;2.70998;2.89436;2.91091,1.0003951508427893,0.0092166913696338,0.0803932926894202,0.923531;0.928169;0.878004;0.92146,2.56312;2.62467;2.78834;2.97384,1.00008068901558,0.0117546477297802,0.0920046375063542,4,2000,1000,5000,,,,,
performance_chasing,20260911,step1,meta,False,1.0638395745678948,350.9748419351178,1,1.14823810356229,0.8574160671070079,0.279759917115307,4.677097684064056,0.0550502356708053,5.549376719473118,1.1400290269063402,0.2772021846220351,4.6498442818335475,1000,2.9492075194394087,2.883195957737079,181.7522311859259,38.19766183103691,1.973474788273764,39.98822300208582,1.6451574132149964,69.99214792251587,20260908,a430382c61a78b49c1c6bc019f4b1be997f441d97722a369498beb01d46ea584,2.3752294060959738,2.2378559921884844,1.645157413214994,1.1600749779249613,0.852115164686742,1.17449;1.14931;1.16018;1.1534,2.3977;2.39562;2.16427;2.53992,1.0002091629661694,0.0137813176334489,0.0777522032165986,0.859763;0.844915;0.852419;0.846921,2.28371;2.24731;2.02484;2.40365,1.0004786381416118,0.0149193217944783,0.0790772166459939,4,2000,1000,5000,,,,,
performance_chasing,20260911,step1,pla,False,1.0638395745678948,350.9748419351178,1,3.8460676104759104,13.305936065545072,0.9534491782095024,13.12407225721823,5.550781185192676,22.629730691982218,4.8820894833335045,2.45791203179785,12.975821020233294,1000,4.295340393857183,4.158485076863498,4021.5624023260616,116.79936089077992,3.858015096328594,59.679802928232526,6.062604376159234,69.99214792251587,20260908,a430382c61a78b49c1c6bc019f4b1be997f441d97722a369498beb01d46ea584,4.700227505213656,16.86871260930227,6.062604376159267,3.669520779229919,12.839730212246096,3.67366;3.82026;3.63152;3.5564,4.54409;5.24118;4.7006;4.43068,1.0110610739613293,0.062412941471942,0.179426047586851,12.7875;13.2285;12.7359;12.6429,16.4943;18.2886;16.7678;16.2352,1.0052495840271376,0.1177784026814876,0.4604051377670997,4,2000,1000,5000,,,,,
performance_chasing,20260911,step1,tv,False,1.0638395745678948,350.9748419351178,1,1.2161540235945838,0.965566166929835,0.2562679647937997,6.035776034360534,0.0606713265309327,7.091874859482459,1.204208471242728,0.2556925471748553,5.943512627596289,1000,1.6625159964527418,1.678468232672954,67.44073733571079,9.928363548332904,2.035665673071513,10.068216542636993,1.7636932676991877,69.99214792251587,20260908,a430382c61a78b49c1c6bc019f4b1be997f441d97722a369498beb01d46ea584,3.39687026367284,3.408224504414141,1.763693267699195,1.1808486146289128,0.9326996888168636,1.21227;1.16063;1.18389;1.17678,2.6735;4.58936;3.01197;3.25661,1.000719778723934,0.0104931770295082,0.4195567998093401,0.939668;0.971614;0.911432;0.910336,2.63926;4.91397;2.92425;3.25043,1.0007741926860878,0.0159086882452126,0.5095306460506974,4,2000,1000,5000,,,,,
performance_chasing,20260912,step1,meta,True,1.0003832496112453,6992.7677153425375,1,1.3309857485443284,1.0557503201216052,0.2990971157469843,7.152920091257025,0.0657244904330329,10.232629852383797,1.3216427926332148,0.295440817505816,7.133385072683011,1000,2.9470246411349903,2.881613063270842,366.83118063731735,41.83722311834244,2.0419657252106047,40.26559630792459,2.10415876341926,69.0932629108429,20260908,c501c3b7fff683202f2101241e0dbd393b7daf0746b081c8dabf7984e252d93e,4.377162949946166,4.643623888825095,2.1041587634192567,1.3380381006807045,1.0796388643402115,1.34912;1.32233;1.34504;1.33639,3.57501;4.65319;3.71762;5.58782,0.9999647871263436,0.0119900779022191,0.4672777919847549,1.07667;1.05403;1.10617;1.08465,3.77312;4.86443;4.02845;5.89746,1.000004055093958,0.0135863954416585,0.4793266402077943,4,2000,1000,5000,,,,,
performance_chasing,20260912,step1,pla,True,1.0003832496112453,6992.7677153425375,1,8.760149318521743,21.085838471313455,2.7642384900357975,22.60573605381743,11.15145708315296,30.488863246187176,9.175335062986765,4.0911810134399795,21.83364997766312,1000,4.289071246287139,4.1483965207909375,3435.554296732416,103.32696780115472,3.014442170536185,60.962481595636184,10.29373024917522,69.0932629108429,20260908,c501c3b7fff683202f2101241e0dbd393b7daf0746b081c8dabf7984e252d93e,9.54138965002503,23.89233636125392,10.293730249175274,8.623449370991741,20.897766257290115,8.61761;8.50585;8.87877;8.55056,9.50418;9.47568;9.76993;9.44017,1.0002900439596567,0.0646802917276891,0.0752932887504321,20.914;20.8407;21.0902;20.7616,23.7845;23.8527;24.2526;23.7151,1.000414720231761,0.0586011035552829,0.1204483712396578,4,2000,1000,5000,,,,,
performance_chasing,20260912,step1,tv,True,1.0003832496112453,6992.7677153425375,1,1.164347183321532,0.9585773647473884,0.287699880305525,5.95620409970886,0.0706557998413441,7.138278929860534,1.1514216765554617,0.2843312350397917,5.94333740521178,1000,1.6622360141231436,1.678473536204923,53.91274891864093,9.737457851840205,2.0070850574304844,10.050760994499086,1.7842614714856646,69.0932629108429,20260908,c501c3b7fff683202f2101241e0dbd393b7daf0746b081c8dabf7984e252d93e,2.767230464722724,2.6888077712877063,1.7842614714856515,1.212191274744609,0.907584249423637,1.22702;1.22595;1.19623;1.20369,2.64185;2.58219;2.96039;2.91167,1.0005474600231068,0.0079196959832805,0.0948450988541104,0.91671;0.918403;0.873061;0.912754,2.55566;2.49632;2.80514;2.89191,1.000157775380032,0.0115983264557349,0.0955485340979388,4,2000,1000,5000,,,,,
tv_bursts,20260908,step1,meta,False,1.3260335634676004,41.78081294228125,1,1.4288292609115762,1.2294610362033886,0.3054971081921364,23.00416385758852,0.0722258169680209,32.756635184331344,1.4200813533426344,0.301997551180434,22.916057815543144,1000,2.9478910760347588,2.8820788829994513,668.492558200241,44.09882512328839,2.094757342175279,40.18414769943393,3.8965305931859344,65.92609810829163,20260908,4415bca36729f1ecc65ae1d232519ea12db60f78fd02fe8dc82d66c703ef5510,7.510545524387911,8.629883925812182,3.896530593185955,1.51782878382052,1.3222590697226222,1.43551;2.29159;1.20524;1.46609,5.51694;13.8622;4.23341;5.44633,1.0720036915797555,0.1696193818967437,2.218805466473581,1.20632;2.37629;0.934191;1.31766,6.26777;18.1586;4.27813;6.21595,1.0673638671363082,0.1962566430512793,3.176745513257878,4,2000,1000,5000,,,,,
tv_bursts,20260908,step1,pla,False,1.3260335634676004,41.78081294228125,1,1.3986911425155286,1.2357770097553946,0.285811335934318,11.422374047273651,0.0572034364631556,14.903282727729437,1.383240769140172,0.2837048615990429,11.38306327117872,1000,4.309408624341329,4.154118209407462,532.2165731404177,65.70845296601665,2.038594577444351,60.237858000361825,2.7708303092268984,65.92609810829163,20260908,4415bca36729f1ecc65ae1d232519ea12db60f78fd02fe8dc82d66c703ef5510,4.027227143027136,4.467707133932232,2.770830309226931,1.3450786493267528,1.2178180114281747,1.29637;1.1177;1.73502;1.34257,3.17558;2.31583;7.04098;3.42565,1.0419910369210104,0.0914251253956878,1.0445519950337012,1.0821;1.23791;1.55986;1.07088,3.37704;2.9134;7.61983;3.65124,1.040495094876953,0.0871052193565793,1.0871991824149227,4,2000,1000,5000,,,,,
tv_bursts,20260908,step1,tv,False,1.3260335634676004,41.78081294228125,1,1.8372576723833032,0.3420582357362661,0.3710005905094118,8.035640992552203,0.0066954869630658,3.664508029529719,1.335673262340901,0.2893452710058928,5.649520137114927,1000,1.5611617572810204,1.6686396936866597,90.98447339123116,10.330109676167764,2.1122092816509777,27.47267302660226,1.9383505334352755,65.92609810829163,20260908,4415bca36729f1ecc65ae1d232519ea12db60f78fd02fe8dc82d66c703ef5510,2.9394221941226384,0.6981303210788495,1.93835053343528,1.8748558801702455,0.3680312653761163,1.74518;2.14097;2.00067;1.69697,2.88343;3.05331;3.01981;2.78899,1.006757821648866,0.0883044052687315,0.0613458319797954,0.349524;0.410392;0.397646;0.321306,0.702135;0.641606;0.799988;0.645394,1.0044094754387802,0.0211217763906245,0.0369282243431432,4,2000,1000,5000,,,,,
tv_bursts,20260909,step1,meta,True,1.0026472584876145,7607.344754411286,1,1.1848172847075908,0.8921049216620557,0.2906337969379355,5.129984212472555,0.0445032669367836,5.5189042178618175,1.1755077378445415,0.288244221906692,5.045187471139366,1000,2.947537489551566,2.880446927917512,214.93764185156152,39.74136570584024,2.006565363868577,40.46885274436602,1.741941975837554,53.881152868270874,20260908,b93190b855545943d98a3537562142d3f2647334eacf8d834fa3a894422a8fc5,2.7039187513380907,2.6634286467454587,1.741941975837553,1.2154402039976722,0.913704157511243,1.19843;1.1801;1.22277;1.25543,2.84238;2.6437;2.55677;2.76969,1.000205999249142,0.0106894282643286,0.0637530123270795,0.908564;0.872344;0.911546;0.947375,2.83793;2.56297;2.52553;2.71919,1.0004049160735982,0.0116554995872138,0.0722560974942435,4,2000,1000,5000,,,,,
tv_bursts,20260909,step1,pla,True,1.0026472584876145,7607.344754411286,1,1.2718381246063313,0.89954388804834,0.2879383078446336,5.73615290507489,0.0590806758995532,6.337427213771996,1.2680694227464635,0.2845614467451727,5.664208023657191,1000,4.307344100278896,4.147220200695105,319.2899331149409,61.618584072342266,2.017652858317617,61.11055535994707,1.7853626075632294,53.881152868270874,20260908,b93190b855545943d98a3537562142d3f2647334eacf8d834fa3a894422a8fc5,2.5905777635748595,2.635270235654966,1.7853626075632305,1.252439911471626,0.9948656562555408,1.22874;1.23145;1.27722;1.27123,2.55562;2.49428;2.65244;2.66654,1.000460308867244,0.0119042059114214,0.04090799564642,0.972474;0.997755;0.991321;1.01372,2.61191;2.54318;2.67561;2.71956,1.000207477585254,0.0129936945650667,0.038444694399204,4,2000,1000,5000,,,,,
tv_bursts,20260909,step1,tv,True,1.0026472584876145,7607.344754411286,1,1.961456739474869,0.4692660673775296,0.341942209352306,10.597550452360084,0.0074044300141819,5.15050378465164,1.4002419933608523,0.2402972076498052,7.233153061638475,1000,1.5644408725123478,1.6691579947055617,105.54419796149588,10.70458419670163,2.084951730650672,26.83587652394724,2.2387624500633105,53.881152868270874,20260908,b93190b855545943d98a3537562142d3f2647334eacf8d834fa3a894422a8fc5,3.4284142086938805,0.9169885172812988,2.238762450063299,1.955674163154383,0.4349745706638651,2.01014;1.95452;1.9315;1.91962,3.3845;3.4526;3.36877;3.5073,1.000220217062671,0.0217921321820696,0.0320071761029784,0.459077;0.447435;0.428573;0.414412,0.924593;0.941335;0.88713;0.913481,1.0001790003497175,0.0079673157850942,0.0113794424611404,4,2000,1000,5000,,,,,
tv_bursts,20260910,step1,meta,True,1.000478236530426,4205.495609542309,1,1.2452574324511538,1.0016738656689363,0.2663654410078253,5.332064839448921,0.0646565795978043,6.181327892029593,1.237427494730981,0.2640653687613499,5.261275371913311,1000,2.9477419815247665,2.8820106347014613,217.62894108459352,39.353104669474874,1.9913107356629536,40.19609013929927,1.79688416524659,65.24659562110901,20260908,db50cbb7b15b71cd181a78ef74133900780ef04a46ed0fdf2dcbd6114843bf5c,2.7642095729260516,2.694129656824395,1.7968841652465872,1.2341403025063178,0.9243514450924796,1.21474;1.24374;1.22994;1.24552,2.98865;2.53501;2.60578;2.94143,1.0002305822012032,0.0089429927301882,0.115240901745014,0.890425;0.934035;0.949925;0.938227,2.90773;2.46651;2.53837;2.86988,1.0001401155841023,0.0116538569039476,0.1127589297075723,4,2000,1000,5000,,,,,
tv_bursts,20260910,step1,pla,True,1.000478236530426,4205.495609542309,1,1.6587924568407204,1.5443793798631802,0.3494459103150206,9.241629441634949,0.0933095030076708,19.149750256146696,1.639079890899212,0.3461325449587281,9.20966478907481,1000,4.309503497520344,4.158863835444871,983.3620038371952,68.11765947353692,2.178062663485707,59.63119106290575,2.7219905294845494,65.24659562110901,20260908,db50cbb7b15b71cd181a78ef74133900780ef04a46ed0fdf2dcbd6114843bf5c,7.058872112564831,8.79352685887876,2.72199052948455,1.6480225388915744,1.5346428843653863,1.64534;1.6781;1.64692;1.6236,6.22564;7.34917;7.31285;7.35875,1.0006917891096108,0.0187176291603941,0.2788298274216658,1.51897;1.5828;1.50127;1.53501,7.76019;9.18827;9.09085;9.16472,1.0003872703326908,0.0304699436900968,0.3475581527845193,4,2000,1000,5000,,,,,
tv_bursts,20260910,step1,tv,True,1.000478236530426,4205.495609542309,1,2.1891016110155173,0.5187014879200738,0.4039868205019233,11.931850221624526,0.0060597827139738,6.353525110516027,1.529404938024585,0.3021717696652747,7.977708050996434,1000,1.5626211877353788,1.6684767320221985,122.21166383318489,11.43080291691071,2.1057787328715785,27.66991678782274,2.441400314930866,65.24659562110901,20260908,db50cbb7b15b71cd181a78ef74133900780ef04a46ed0fdf2dcbd6114843bf5c,3.8226307714692656,1.0828259647930218,2.441400314930857,2.2246033479798077,0.5128708259910877,2.21785;2.27551;2.21352;2.19834,3.87271;3.84814;3.77947;3.79464,0.999995935578288,0.025863032323609,0.0219856966757359,0.529465;0.528552;0.520064;0.47665,1.09147;1.0778;1.08999;1.06736,1.0001333822628358,0.0097306376960664,0.0056640164241029,4,2000,1000,5000,,,,,
tv_bursts,20260911,step1,meta,True,1.0017034986681064,6261.779392192462,1,1.1381161799740624,0.8052410853412388,0.269807975488442,4.7548790632545135,0.0482088247895513,4.9162981318329955,1.127041746129012,0.2677442398741654,4.73658053546885,1000,2.9492075194394087,2.883195957737079,178.77039883916768,38.43083110125882,1.9882241721316536,39.98822300208582,1.6475194586169777,65.67005586624146,20260908,fc7db5c014b687ef68ee64e6a065988f30aebee0d4be983d6baaeb5bca94d6c4,2.3235161420628905,2.218665022985052,1.64751945861697,1.159765465461696,0.8448697826880917,1.1655;1.1195;1.15895;1.20147,2.34377;2.36305;2.13708;2.44956,1.0006198891329374,0.0122297841241012,0.066219321990663,0.827712;0.803391;0.862471;0.876888,2.21917;2.22789;2.08758;2.33686,1.0004116593510566,0.0112925598189302,0.0510185501504898,4,2000,1000,5000,,,,,
tv_bursts,20260911,step1,pla,True,1.0017034986681064,6261.779392192462,1,1.0839328369606616,0.6939693784409816,0.2436375393044522,4.582365906668303,0.0398859793012972,4.041245211507692,1.0712226992626714,0.2412108026517004,4.557237036004644,1000,4.309486860331124,4.158702688140481,216.33320080126364,54.36916965610779,1.9738656369069263,59.651877675452944,1.4891558188720462,65.67005586624146,20260908,fc7db5c014b687ef68ee64e6a065988f30aebee0d4be983d6baaeb5bca94d6c4,1.9787827038323544,1.7746976414790854,1.4891558188720455,1.0691485128531273,0.7535241628033889,1.06169;1.06802;1.07109;1.07696,1.94635;1.97599;2.00145;1.98319,1.0005580997699557,0.0078212757081961,0.0114626257864209,0.760206;0.752141;0.744453;0.762454,1.7865;1.75413;1.78736;1.76471,1.0000758040217568,0.0093595921591275,0.0082327304697958,4,2000,1000,5000,,,,,
tv_bursts,20260911,step1,tv,True,1.0017034986681064,6261.779392192462,1,2.924240658374961,0.7946238568721198,0.42700023722586,15.580324670451756,0.0117723702425595,8.195000932954041,2.066919914513188,0.3094907796549416,9.309055159280488,1000,1.5573972904735005,1.6685555740207183,163.61267254278957,12.663561822689044,2.1838829475675716,27.574661837693583,3.078787886702342,65.67005586624146,20260908,fc7db5c014b687ef68ee64e6a065988f30aebee0d4be983d6baaeb5bca94d6c4,5.016489287278181,1.6930497514703264,3.078787886702343,2.701048591396402,0.7429917992240068,2.67009;2.81245;2.67087;2.66887,4.87389;5.1807;4.8738;5.13142,1.0005523974814576,0.0439876133638015,0.0820861827782834,0.728945;0.802471;0.715725;0.735543,1.64128;1.81105;1.62237;1.70803,1.0006942754096768,0.0197717894658207,0.0426193230735661,4,2000,1000,5000,,,,,
tv_bursts,20260912,step1,meta,True,1.001282152970289,4293.48860155688,1,1.4197376224051057,1.1613841530291094,0.3051386024402404,6.470874133826084,0.0617740761767357,10.941990197908002,1.4151166281028589,0.3036806306983543,6.473593907508403,1000,2.9470246411349903,2.881613063270842,377.420722066055,42.4711853677092,2.0700786417303196,40.26559630792459,2.2029471900997253,65.06638097763062,20260908,56319c2d7762442e1e831d0ff1d9c852cb70ed7b0c68e81cec951bf1c9c362f5,4.428213936116458,4.836107653815166,2.2029471900997373,1.3889413971815814,1.1705782743785766,1.41294;1.34896;1.35988;1.44055,4.48346;4.43501;3.99158;4.79496,1.000528829920782,0.012986960382017,0.1653868571514632,1.19289;1.12666;1.13806;1.21603,4.92072;4.81959;4.33239;5.27157,1.0008257968119347,0.0194428776614814,0.1938189798699909,4,2000,1000,5000,,,,,
tv_bursts,20260912,step1,pla,True,1.001282152970289,4293.48860155688,1,1.25143375283363,0.8553795754460651,0.2879732857284945,5.405901461675409,0.0541795582697363,5.944640009243952,1.2406104713457382,0.2842352243501422,5.3577235310698885,1000,4.308712567815476,4.1518276697393475,273.39110180647674,57.9202121065841,2.005044234623688,60.52882510087917,1.661219305422476,65.06638097763062,20260908,56319c2d7762442e1e831d0ff1d9c852cb70ed7b0c68e81cec951bf1c9c362f5,2.3580286781238047,2.259640160507822,1.6612193054224758,1.171956632755811,0.8725536844433335,1.17223;1.14208;1.19704;1.17821,2.38278;2.29669;2.39116;2.36194,1.000682000126096,0.0115765712376024,0.0213846196810788,0.894072;0.857697;0.864232;0.873781,2.31938;2.18396;2.29028;2.24734,1.0000046352206182,0.0130598483589933,0.0294180642877584,4,2000,1000,5000,,,,,
tv_bursts,20260912,step1,tv,True,1.001282152970289,4293.48860155688,1,3.276577990244609,1.1624122804079209,0.4626545782030886,20.13834319234267,0.0161476055998892,11.325739928591949,2.2068085665646713,0.348266554291672,12.144998438548134,1000,1.5556373052427983,1.6688381995375352,215.4741297620367,13.200551128420138,2.273226507126015,27.230512709620488,3.983085348685675,65.06638097763062,20260908,56319c2d7762442e1e831d0ff1d9c852cb70ed7b0c68e81cec951bf1c9c362f5,6.6338295890201975,2.4377248190210143,3.983085348685684,3.3616328394747823,1.0351957104181024,3.3997;3.3295;3.59445;3.1743,6.86563;6.54304;6.70196;6.42245,1.0005049310904326,0.0825325147623594,0.0963052597922521,1.0561;1.03879;1.08551;0.958263,2.46187;2.49186;2.46081;2.33811,1.0003690458353809,0.0371642889805154,0.0341198344906473,4,2000,1000,5000,,,,,
