set,row,seed,config,channel,converged,max_rhat,min_ess_bulk,est_avg,est_marg,avg_lo,avg_hi,marg_lo,marg_hi,true_avg,true_marg
calibration,none,20260908,arm1_strong,meta,True,1.0065831763162945,1455.5520499596623,2.2768691402709944,1.141552492158714,0.3778053903626496,6.192295617476764,0.11879180853990676,3.2491497930028514,2.9478910760347588,2.8820788829994513
calibration,none,20260908,arm1_strong,pla,True,1.0065831763162945,1455.5520499596623,4.270657295307011,2.159419748563999,3.7886724068998148,4.431020553180511,0.7959677660797739,2.8195304213905867,4.309408624341329,4.154118209407462
calibration,none,20260908,arm1_strong,tv,True,1.0065831763162945,1455.5520499596623,1.8926807562655035,0.9349692192928373,0.25949690689011384,5.737587752988216,0.11355155110164042,2.967405756761218,1.6632191141250114,1.6784918424104216
calibration,none,20260909,arm1_strong,meta,True,1.0031613375277857,8199.205888166662,1.8967670295347192,0.9401084176029842,0.32657185125062277,4.542474141250442,0.12380443506601345,2.461900967819257,2.947537489551566,2.880446927917512
calibration,none,20260909,arm1_strong,pla,True,1.0031613375277857,8199.205888166662,4.141445060028444,2.0826953169132825,3.1634046176821284,4.693201042291035,0.7000946762464069,2.8189552432159046,4.307344100278896,4.147220200695105
calibration,none,20260909,arm1_strong,tv,True,1.0031613375277857,8199.205888166662,1.9169847441496661,0.9466364300907884,0.3312529338701997,4.883562623394109,0.1187604536946677,3.046960244696134,1.663871333939262,1.6785063568927887
calibration,none,20260910,arm1_strong,meta,True,1.0325955891075291,768.4096214683666,2.1933775247937053,1.0852571772674304,0.34140616218305997,6.7959920975752635,0.11319917847565569,3.193427829223849,2.9477419815247665,2.8820106347014613
calibration,none,20260910,arm1_strong,pla,True,1.0325955891075291,768.4096214683666,4.337052076949843,2.2009014003765563,3.686467160871847,4.722375847773173,0.7203229327198334,2.931400999135875,4.309503497520344,4.158863835444871
calibration,none,20260910,arm1_strong,tv,True,1.0325955891075291,768.4096214683666,1.9251763341182182,0.9600875645167591,0.30907204670173927,4.751764484931244,0.1308496202960903,2.516226113320327,1.6637237923184611,1.6784783898520508
calibration,none,20260911,arm1_strong,meta,True,1.0016315476593691,12481.255493918045,1.7930357770192884,0.8840593285234234,0.31515008515141646,4.6181421922556645,0.09570632151428365,2.4374106331992853,2.9492075194394087,2.883195957737079
calibration,none,20260911,arm1_strong,pla,True,1.0016315476593691,12481.255493918045,5.684066830134219,2.7088558585504674,4.850522892678422,6.029458660594897,0.8306238885870625,3.682104503511062,4.309486860331124,4.158702688140481
calibration,none,20260911,arm1_strong,tv,True,1.0016315476593691,12481.255493918045,1.9143976578627024,0.9537150028771203,0.3413971028067027,4.859615376271607,0.10925813735169858,2.5381054731585637,1.6625159964527418,1.6784682326729539
calibration,none,20260912,arm1_strong,meta,True,1.0007960867506167,13914.134056886634,2.0150140709014708,1.001733142629507,0.3199298470235973,7.347053792628534,0.11620674730666486,3.4396327225018273,2.9470246411349903,2.881613063270842
calibration,none,20260912,arm1_strong,pla,True,1.0007960867506167,13914.134056886634,3.6760430724470337,1.8037083043761692,3.051672951721492,4.046824357310039,0.5779210272222074,2.49348030938537,4.308712567815476,4.1518276697393475
calibration,none,20260912,arm1_strong,tv,True,1.0007960867506167,13914.134056886634,1.9029769602129134,0.9399753265891351,0.26600975745350575,5.346365420977798,0.1298405710167344,2.9683909214253803,1.6622360141231436,1.678473536204923
calibration,performance_chasing,20260908,arm1_strong,meta,True,1.0067158293861205,3972.488772013741,2.0871210842480883,1.0467120181624914,0.3180708286271112,5.520549757414765,0.10658338834226254,2.6075079094327447,2.9478910760347588,2.8820788829994513
calibration,performance_chasing,20260908,arm1_strong,pla,True,1.0067158293861205,3972.488772013741,4.193885480528015,2.402573547141231,3.8814202844831205,4.436898677399786,1.2912136887392724,2.9317336724318537,4.29041791942621,4.149574999118227
calibration,performance_chasing,20260908,arm1_strong,tv,True,1.0067158293861205,3972.488772013741,1.8953050514820877,0.939253595870374,0.24685713188944408,5.84233420416723,0.09809603569995179,2.8601552619706,1.6632191141250114,1.6784918424104216
calibration,performance_chasing,20260909,arm1_strong,meta,True,1.0014075640510236,8366.931676381893,1.8847098751425924,0.9331476333668972,0.35111226811091145,4.058794696683738,0.10834111474162528,2.292967832047425,2.947537489551566,2.880446927917512
calibration,performance_chasing,20260909,arm1_strong,pla,True,1.0014075640510236,8366.931676381893,4.159518884185335,2.271227332217589,3.3444395586414686,4.924697467140354,0.9016274051752656,3.0455943711639684,4.295088030025803,4.146574860398926
calibration,performance_chasing,20260909,arm1_strong,tv,True,1.0014075640510236,8366.931676381893,1.9202870297243582,0.9428637685699944,0.2962922786171658,5.029004353766394,0.11996519639677487,2.8345314154750416,1.663871333939262,1.6785063568927887
calibration,performance_chasing,20260910,arm1_strong,meta,True,1.0025929874274428,4815.81237990443,1.9082737009537796,0.9376589889322895,0.31433337904850633,5.837432109361443,0.08239324335522406,2.7888290077791043,2.9477419815247665,2.8820106347014613
calibration,performance_chasing,20260910,arm1_strong,pla,True,1.0025929874274428,4815.81237990443,4.287664768187167,2.434875386966197,3.798416510883413,4.73851537833639,1.0638016660143053,2.955447948623697,4.291209356673342,4.154976297995827
calibration,performance_chasing,20260910,arm1_strong,tv,True,1.0025929874274428,4815.81237990443,1.9377281282345171,0.9630944488827388,0.24916019423369623,5.351599752277808,0.10749961292845084,3.1616653563724566,1.6637237923184611,1.6784783898520508
calibration,performance_chasing,20260911,arm1_strong,meta,True,1.000339510962002,15956.403380132111,1.7817436075976092,0.8767814657943251,0.27152063272664057,4.774868164523886,0.10625881649530941,2.5945168098083617,2.9492075194394087,2.883195957737079
calibration,performance_chasing,20260911,arm1_strong,pla,True,1.000339510962002,15956.403380132111,5.395946899258911,3.0600863372755818,4.8138993861463435,5.8923169032624365,1.5166114946562668,3.75252173277538,4.295340393857183,4.158485076863498
calibration,performance_chasing,20260911,arm1_strong,tv,True,1.000339510962002,15956.403380132111,1.9296574049901136,0.9568696873641924,0.2757844791490611,5.7180893483988,0.10932646736113862,3.5534188127769233,1.6625159964527418,1.6784682326729539
calibration,performance_chasing,20260912,arm1_strong,meta,True,1.0033000610326757,4003.1022189678642,2.102053414099536,1.050357956324216,0.33442213344751104,5.975905928333365,0.12555339143379096,2.896358640939219,2.9470246411349903,2.881613063270842
calibration,performance_chasing,20260912,arm1_strong,pla,True,1.0033000610326757,4003.1022189678642,3.6988927558270426,2.021808194587073,3.181559672564268,4.027891814596134,0.885564424439524,2.5500963331267266,4.289071246287139,4.1483965207909375
calibration,performance_chasing,20260912,arm1_strong,tv,True,1.0033000610326757,4003.1022189678642,1.9422849926860835,0.9555693532319136,0.3093263195581824,6.41901585080565,0.11610822514283886,3.1364378892511318,1.6622360141231436,1.678473536204923
calibration,none,20260908,arm1_weak,meta,True,1.000308437418596,13762.88175206204,1.984186501576338,0.9922303979405088,0.2545817471429154,4.870338347369719,0.10269373516265275,2.3490461816262584,2.9478910760347588,2.8820788829994513
calibration,none,20260908,arm1_weak,pla,True,1.000308437418596,13762.88175206204,3.6406745231141806,1.8375130702314335,2.8754605470755563,4.28544769911775,0.6140080951838552,2.5390103735664877,4.309408624341329,4.154118209407462
calibration,none,20260908,arm1_weak,tv,True,1.000308437418596,13762.88175206204,1.895879219965464,0.9391180840833352,0.1927077498289097,5.8451875347010835,0.09945798473709018,2.978439626192758,1.6632191141250114,1.6784918424104216
calibration,none,20260909,arm1_weak,meta,True,1.043189764871856,824.163845778528,2.0319222241757156,1.004299727881156,0.35750280740066703,5.5311522777238755,0.14353059651592226,2.536916079126173,2.947537489551566,2.880446927917512
calibration,none,20260909,arm1_weak,pla,True,1.043189764871856,824.163845778528,5.15319646813281,2.5817991735087418,3.5398973842721433,6.5554443999450305,0.7210506630824411,3.8602389224209603,4.307344100278896,4.147220200695105
calibration,none,20260909,arm1_weak,tv,True,1.043189764871856,824.163845778528,1.9282093682495296,0.9472651637993528,0.3379748420407991,4.8732809433988855,0.12278397408325536,2.34992647101962,1.663871333939262,1.6785063568927887
calibration,none,20260910,arm1_weak,meta,True,1.0220523001985344,2744.8289951751735,1.9919234575354572,0.9866615108818031,0.2648081028753584,5.703367883067601,0.10133024057331028,2.3147459112040845,2.9477419815247665,2.8820106347014613
calibration,none,20260910,arm1_weak,pla,True,1.0220523001985344,2744.8289951751735,2.932587002958905,1.4769743277166092,1.8642108960781445,3.9846919070491484,0.503817019461338,2.4591069486739046,4.309503497520344,4.158863835444871
calibration,none,20260910,arm1_weak,tv,True,1.0220523001985344,2744.8289951751735,1.9356599153117573,0.9603489891129129,0.26781441902086817,4.8995866624489635,0.12380550943096437,2.784912427414208,1.6637237923184611,1.6784783898520508
calibration,none,20260911,arm1_weak,meta,True,1.0051322630237203,4643.632937278272,1.8986558243959784,0.9365764152932257,0.293230655368937,5.421782751452098,0.1280739204761072,2.6870810219824466,2.9492075194394087,2.883195957737079
calibration,none,20260911,arm1_weak,pla,True,1.0051322630237203,4643.632937278272,5.462388468839971,2.614220362315196,4.166298841952098,6.457471575577236,0.8545206616675766,3.626391766735127,4.309486860331124,4.158702688140481
calibration,none,20260911,arm1_weak,tv,True,1.0051322630237203,4643.632937278272,1.902463530021822,0.9403058050684896,0.3853158847751402,4.719141857011221,0.15896568282541082,2.3957307316549015,1.6625159964527418,1.6784682326729539
calibration,none,20260912,arm1_weak,meta,True,1.002049453397679,16699.23823421933,1.9980487962011895,0.9921800565681241,0.34535669772870237,5.099808199373354,0.1218089151030695,2.7934279190795714,2.9470246411349903,2.881613063270842
calibration,none,20260912,arm1_weak,pla,True,1.002049453397679,16699.23823421933,4.078115708134068,2.009987223081802,2.986209085591117,4.8642424892570775,0.6537435809021074,2.8118043716369185,4.308712567815476,4.1518276697393475
calibration,none,20260912,arm1_weak,tv,True,1.002049453397679,16699.23823421933,1.890733282912606,0.9375546264022098,0.25268905888243254,6.169562995577059,0.10443125309276792,2.886584344503844,1.6622360141231436,1.678473536204923
calibration,performance_chasing,20260908,arm1_weak,meta,True,1.0007308884778747,7384.538251808848,2.009763432197888,1.0038827050386185,0.28959135336849795,5.168964359897673,0.10852789924920139,2.6349799868709582,2.9478910760347588,2.8820788829994513
calibration,performance_chasing,20260908,arm1_weak,pla,True,1.0007308884778747,7384.538251808848,3.6771374912342734,2.062927336546607,2.8766290162559676,4.46311076128881,0.8006576616384933,2.7627532428045267,4.29041791942621,4.149574999118227
calibration,performance_chasing,20260908,arm1_weak,tv,True,1.0007308884778747,7384.538251808848,1.9197871790688317,0.9547194953408444,0.2864963377325399,4.852336221596882,0.12730261114958452,2.636958567153859,1.6632191141250114,1.6784918424104216
calibration,performance_chasing,20260909,arm1_weak,meta,True,1.001258193435138,11794.798229664162,1.8492124551952034,0.9157785511040092,0.2678048078556323,4.502262447420707,0.12113745848176867,2.4225773356727345,2.947537489551566,2.880446927917512
calibration,performance_chasing,20260909,arm1_weak,pla,True,1.001258193435138,11794.798229664162,5.599494206350253,3.1715596640770287,3.9268861410337825,7.711500523494278,1.4100402458546146,4.746822038610815,4.295088030025803,4.146574860398926
calibration,performance_chasing,20260909,arm1_weak,tv,True,1.001258193435138,11794.798229664162,1.9220931746398755,0.9443751485929465,0.30263741346162015,4.744840230019502,0.10372977820892768,2.5438705498545215,1.663871333939262,1.6785063568927887
calibration,performance_chasing,20260910,arm1_weak,meta,True,1.012274156913993,2843.607632927394,2.0297990903036482,1.004166254051787,0.3097928133785454,6.129262174218326,0.11453320563468095,2.676135414024543,2.9477419815247665,2.8820106347014613
calibration,performance_chasing,20260910,arm1_weak,pla,True,1.012274156913993,2843.607632927394,3.2135568836608703,1.7510500426302418,1.9529206831336603,4.852213883210237,0.5556383823717969,2.776233325236074,4.291209356673342,4.154976297995827
calibration,performance_chasing,20260910,arm1_weak,tv,True,1.012274156913993,2843.607632927394,1.9172170105964015,0.9589503088199072,0.3565127258663246,5.626875150426314,0.1301146686331156,2.7576655553014104,1.6637237923184611,1.6784783898520508
calibration,performance_chasing,20260911,arm1_weak,meta,True,1.0006359122375734,15408.961231439393,1.7778380020454843,0.8772895247225768,0.3020194076555811,4.031211864796423,0.117875489115621,2.1480756920491735,2.9492075194394087,2.883195957737079
calibration,performance_chasing,20260911,arm1_weak,pla,True,1.0006359122375734,15408.961231439393,5.821256990634445,3.3298948250825284,4.493002324136775,7.12199922421043,1.3440082630588233,4.462157542988225,4.295340393857183,4.158485076863498
calibration,performance_chasing,20260911,arm1_weak,tv,True,1.0006359122375734,15408.961231439393,1.8951368661478603,0.9418611687211363,0.3355950776852275,4.714358133780297,0.11339783469873395,2.3937900804242394,1.6625159964527418,1.6784682326729539
calibration,performance_chasing,20260912,arm1_weak,meta,True,1.0028999551615008,6401.802809353551,2.082995438361578,1.0373427566892741,0.35163064770121794,6.115936664960498,0.10934826534363713,2.6126100684262408,2.9470246411349903,2.881613063270842
calibration,performance_chasing,20260912,arm1_weak,pla,True,1.0028999551615008,6401.802809353551,4.312363110139313,2.408038924770013,2.9713036624029345,5.637096617829369,1.0243458117271127,3.5041749623544263,4.289071246287139,4.1483965207909375
calibration,performance_chasing,20260912,arm1_weak,tv,True,1.0028999551615008,6401.802809353551,1.9012440559365213,0.9441401816738934,0.34144910730056627,5.264339235218569,0.11572282588811635,3.0486656709609874,1.6622360141231436,1.678473536204923
calibration,none,20260908,arm2a_strong,meta,True,1.0061639051141227,1428.8913241513815,2.5992771043756306,1.329875626650912,0.4145976000462508,6.842415824551651,0.1755730831646549,3.3043762324826664,2.9478910760347588,2.8820788829994513
calibration,none,20260908,arm2a_strong,pla,True,1.0061639051141227,1428.8913241513815,4.2398235352377025,2.2613166147230275,3.8384269082458085,4.462311796901787,0.7152802812642479,2.9521584644228374,4.309408624341329,4.154118209407462
calibration,none,20260908,arm2a_strong,tv,True,1.0061639051141227,1428.8913241513815,2.016478875167798,1.005484954761827,0.22191071023715697,6.702472766660663,0.08067783574140755,2.9729008434520696,1.6632191141250114,1.6784918424104216
calibration,none,20260909,arm2a_strong,meta,True,1.0030238292591172,2284.8706161709365,1.8363840827098243,0.9098959838700278,0.2953065376125062,4.405786017837836,0.1184499018447281,2.4748275928666703,2.947537489551566,2.880446927917512
calibration,none,20260909,arm2a_strong,pla,True,1.0030238292591172,2284.8706161709365,4.1391523692600325,2.2124681636000045,3.327979907251591,4.964357916395294,0.7738201140960081,3.068442906157657,4.307344100278896,4.147220200695105
calibration,none,20260909,arm2a_strong,tv,True,1.0030238292591172,2284.8706161709365,1.9110158857724504,0.9464347872069676,0.2567931746264302,6.305903947070758,0.09456023083180361,3.385478436343842,1.663871333939262,1.6785063568927887
calibration,none,20260910,arm2a_strong,meta,True,1.010753982276428,1162.3943627050808,2.697676287454818,1.372703024000038,0.3517049858273512,6.444991249812747,0.1301564981917372,3.2703317238757585,2.9477419815247665,2.8820106347014613
calibration,none,20260910,arm2a_strong,pla,True,1.010753982276428,1162.3943627050808,4.324545302787551,2.226896163081317,3.7250928091029025,4.772150187103189,0.6692810268678754,3.038742425101903,4.309503497520344,4.158863835444871
calibration,none,20260910,arm2a_strong,tv,True,1.010753982276428,1162.3943627050808,1.9351368407650522,0.9680917601432458,0.24289059458743953,6.5129183942722815,0.089589719141231,3.1243228854807654,1.6637237923184611,1.6784783898520508
calibration,none,20260911,arm2a_strong,meta,True,1.0037025405804152,1197.2819798454364,2.0632590214837245,1.0301695103556183,0.30327081111771387,5.730913699123098,0.1222510634737622,2.940599152902661,2.9492075194394087,2.883195957737079
calibration,none,20260911,arm2a_strong,pla,True,1.0037025405804152,1197.2819798454364,5.654538877799785,2.7392415559948837,4.912688981371913,6.085238579933462,0.7667955244986303,3.953499439958798,4.309486860331124,4.158702688140481
calibration,none,20260911,arm2a_strong,tv,True,1.0037025405804152,1197.2819798454364,1.9018315513303001,0.947506566222659,0.2188307157877375,6.14253012972354,0.07626325838921824,2.6423776524959393,1.6625159964527418,1.6784682326729539
calibration,none,20260912,arm2a_strong,meta,True,1.0042265629684288,1466.9080045318008,1.6866650259549776,0.8242822366383605,0.28976844665977053,3.846939216462742,0.11071711406322302,1.9088908682902939,2.9470246411349903,2.881613063270842
calibration,none,20260912,arm2a_strong,pla,True,1.0042265629684288,1466.9080045318008,3.650157429998748,1.768252197483933,3.0986059520336777,4.036881735485447,0.4952795918983401,2.472949540028308,4.308712567815476,4.1518276697393475
calibration,none,20260912,arm2a_strong,tv,True,1.0042265629684288,1466.9080045318008,1.9795036026615742,0.9859671261346102,0.21767353452302607,6.81514295382107,0.08418781767137785,3.922765481055794,1.6622360141231436,1.678473536204923
calibration,performance_chasing,20260908,arm2a_strong,meta,True,1.0043113196537186,2257.363327826854,2.5740407482719467,1.3169621904977262,0.3703947185933381,6.2209243955363975,0.16500664144672147,3.516379180334852,2.9478910760347588,2.8820788829994513
calibration,performance_chasing,20260908,arm2a_strong,pla,True,1.0043113196537186,2257.363327826854,4.226383648496993,2.2081259380510008,3.8486121147408188,4.428432504100627,0.8370768678613755,2.8492243266532555,4.29041791942621,4.149574999118227
calibration,performance_chasing,20260908,arm2a_strong,tv,True,1.0043113196537186,2257.363327826854,2.0317531857567297,1.0153364798796927,0.22993863429653114,6.901618694440289,0.09789823785593625,3.2075482145713776,1.6632191141250114,1.6784918424104216
calibration,performance_chasing,20260909,arm2a_strong,meta,True,1.0045552544111782,2989.9695632158327,1.8014040509342983,0.8855391045427644,0.3424430988529621,4.238105195570396,0.1469856430137403,2.0792923372997114,2.947537489551566,2.880446927917512
calibration,performance_chasing,20260909,arm2a_strong,pla,True,1.0045552544111782,2989.9695632158327,4.127409018236287,2.062793065123954,3.291103029243093,4.678553943422698,0.6407368943589422,2.9003475483811174,4.295088030025803,4.146574860398926
calibration,performance_chasing,20260909,arm2a_strong,tv,True,1.0045552544111782,2989.9695632158327,1.9199245589921738,0.9446618609496451,0.2886568970012864,5.842453795563361,0.10657164862664241,3.337128420299796,1.663871333939262,1.6785063568927887
calibration,performance_chasing,20260910,arm2a_strong,meta,True,1.0054538511387343,1370.519554979816,2.5607950753630058,1.3005485233283356,0.29099392182664335,7.166728768718547,0.11435373040142004,3.5782576495041756,2.9477419815247665,2.8820106347014613
calibration,performance_chasing,20260910,arm2a_strong,pla,True,1.0054538511387343,1370.519554979816,4.301645122353611,2.072508783719674,3.790725936608932,4.614183356556336,0.7011915383511655,2.8383670106537404,4.291209356673342,4.154976297995827
calibration,performance_chasing,20260910,arm2a_strong,tv,True,1.0054538511387343,1370.519554979816,1.9789244731687232,0.9951847203008951,0.22154587648507945,5.97693726931841,0.09294463857025363,3.2104630220489514,1.6637237923184611,1.6784783898520508
calibration,performance_chasing,20260911,arm2a_strong,meta,True,1.010034276202937,1151.4219511944411,2.0706079260360655,1.03930363059545,0.3083652669052901,5.639003389081834,0.10976873310574244,3.0249166781638794,2.9492075194394087,2.883195957737079
calibration,performance_chasing,20260911,arm2a_strong,pla,True,1.010034276202937,1151.4219511944411,5.428859777917261,2.665031186373116,4.815744521565455,5.847225787861497,0.8767992130327186,3.6110315601864147,4.295340393857183,4.158485076863498
calibration,performance_chasing,20260911,arm2a_strong,tv,True,1.010034276202937,1151.4219511944411,1.8972037274471265,0.9448328911520841,0.25425213131820046,5.3721797812726875,0.0820856502334562,2.741937620668029,1.6625159964527418,1.6784682326729539
calibration,performance_chasing,20260912,arm2a_strong,meta,True,1.0062534069221258,1848.9607633998028,1.673481070138099,0.8165553348713886,0.28768419777037196,3.912743082777644,0.1252457968163001,1.8715560895739907,2.9470246411349903,2.881613063270842
calibration,performance_chasing,20260912,arm2a_strong,pla,True,1.0062534069221258,1848.9607633998028,3.710156105675431,1.7450422145676534,3.195619559488372,4.034884697048474,0.4972043977088532,2.498340996347497,4.289071246287139,4.1483965207909375
calibration,performance_chasing,20260912,arm2a_strong,tv,True,1.0062534069221258,1848.9607633998028,1.9741571912862752,0.9814557255710976,0.23933339439038412,6.099486628406153,0.09144107701907948,3.069797922062273,1.6622360141231436,1.678473536204923
calibration,none,20260908,arm2a_weak,meta,True,1.0056565855880888,1313.8636021287462,2.671672264136879,1.367439354281094,0.41709372821258867,6.6507015575847195,0.13107749809381508,3.4887941249450884,2.9478910760347588,2.8820788829994513
calibration,none,20260908,arm2a_weak,pla,True,1.0056565855880888,1313.8636021287462,3.632425656585546,1.927995856974217,2.9245083502017213,4.2259780981106285,0.6477570817022641,2.649041530619905,4.309408624341329,4.154118209407462
calibration,none,20260908,arm2a_weak,tv,True,1.0056565855880888,1313.8636021287462,2.0162136799222847,1.0066244078353426,0.2275760318055561,6.593784612561013,0.07293940369947416,2.7165873410305394,1.6632191141250114,1.6784918424104216
calibration,none,20260909,arm2a_weak,meta,True,1.0027338813266913,2669.4093555207332,1.8469414660203385,0.9109432353688371,0.21572153160886162,4.408351903847602,0.11685990559741587,2.491738339914342,2.947537489551566,2.880446927917512
calibration,none,20260909,arm2a_weak,pla,True,1.0027338813266913,2669.4093555207332,5.2494666335416325,2.8349609189779845,3.696749403074271,6.8718836739342475,0.9767101520901489,4.126607111023836,4.307344100278896,4.147220200695105
calibration,none,20260909,arm2a_weak,tv,True,1.0027338813266913,2669.4093555207332,1.9011474800423316,0.9393323091952229,0.2583367271320037,5.609212902273124,0.08871583067691571,2.727584368245743,1.663871333939262,1.6785063568927887
calibration,none,20260910,arm2a_weak,meta,True,1.0097935639732873,1416.140241798496,2.7039057157166475,1.3805587649910878,0.34290119812367875,7.447490639854656,0.13421039046196792,4.019186080981018,2.9477419815247665,2.8820106347014613
calibration,none,20260910,arm2a_weak,pla,True,1.0097935639732873,1416.140241798496,2.956459258449828,1.4988614521069186,1.896288904800286,4.104717071037618,0.44249306444964714,2.2869466239804743,4.309503497520344,4.158863835444871
calibration,none,20260910,arm2a_weak,tv,True,1.0097935639732873,1416.140241798496,1.9250115642498136,0.9662467462803437,0.20296752355151607,5.827964885288909,0.086453379334363,2.5819163779200154,1.6637237923184611,1.6784783898520508
calibration,none,20260911,arm2a_weak,meta,True,1.0075028204636216,1312.403119425405,2.0873182622496373,1.0466182805633262,0.33388257112030556,5.023226163051471,0.12812829049721594,2.5990417153269063,2.9492075194394087,2.883195957737079
calibration,none,20260911,arm2a_weak,pla,True,1.0075028204636216,1312.403119425405,5.466530176363961,2.646073193238568,4.279764869448663,6.572578718226428,0.7387645982920801,4.042974215492111,4.309486860331124,4.158702688140481
calibration,none,20260911,arm2a_weak,tv,True,1.0075028204636216,1312.403119425405,1.8978330653801325,0.9436648641624463,0.23885029783831507,6.353010054023321,0.08780489290366598,2.9454112312735483,1.6625159964527418,1.6784682326729539
calibration,none,20260912,arm2a_weak,meta,True,1.0086941614262055,1618.1483705464561,1.6894736672249793,0.8233118942284952,0.2744592233670204,3.8091043481332916,0.130810857570281,1.8151207061402064,2.9470246411349903,2.881613063270842
calibration,none,20260912,arm2a_weak,pla,True,1.0086941614262055,1618.1483705464561,4.072078168121514,1.9644118049182975,3.109589652488761,5.006491612477621,0.5769098178721329,3.0568948788721753,4.308712567815476,4.1518276697393475
calibration,none,20260912,arm2a_weak,tv,True,1.0086941614262055,1618.1483705464561,1.9729273301179602,0.9820126232595292,0.23192545892436178,7.282920779566229,0.08321396931740213,3.734208791653374,1.6622360141231436,1.678473536204923
calibration,performance_chasing,20260908,arm2a_weak,meta,True,1.0097082732866935,1627.163299703473,2.62371081101433,1.340733979543888,0.3377496429624756,8.192286431270736,0.132622925666409,4.307342248534551,2.9478910760347588,2.8820788829994513
calibration,performance_chasing,20260908,arm2a_weak,pla,True,1.0097082732866935,1627.163299703473,3.60786149472792,1.8891153714219266,2.783767292333708,4.301959058251464,0.6927657117540622,2.585327906991732,4.29041791942621,4.149574999118227
calibration,performance_chasing,20260908,arm2a_weak,tv,True,1.0097082732866935,1627.163299703473,2.0187544673480966,1.0075853540302473,0.2466948853362697,6.456750293115254,0.09374399530204551,2.6630562167280964,1.6632191141250114,1.6784918424104216
calibration,performance_chasing,20260909,arm2a_weak,meta,True,1.0052296559075682,3113.1953759384355,1.7737893493616652,0.8720906805816886,0.32978434253545447,4.512799590820613,0.11328106518651551,2.373516830792233,2.947537489551566,2.880446927917512
calibration,performance_chasing,20260909,arm2a_weak,pla,True,1.0052296559075682,3113.1953759384355,5.151426411518681,2.5153973968147225,3.5201794726778406,6.530668581877974,0.8161146992673163,3.6347226440143774,4.295088030025803,4.146574860398926
calibration,performance_chasing,20260909,arm2a_weak,tv,True,1.0052296559075682,3113.1953759384355,1.9014357779894868,0.9372331272332212,0.2355416105905595,5.202415875407916,0.09185536141943887,2.265810095971974,1.663871333939262,1.6785063568927887
calibration,performance_chasing,20260910,arm2a_weak,meta,True,1.0048538375502547,1412.855133063279,2.551244492006563,1.2991209098807783,0.2856804968114558,7.04910308374318,0.12752141649357063,4.347676198216684,2.9477419815247665,2.8820106347014613
calibration,performance_chasing,20260910,arm2a_weak,pla,True,1.0048538375502547,1412.855133063279,2.877270100005148,1.402909530044842,1.8487605515659746,4.096167521383546,0.39362442313725715,2.2018956146724915,4.291209356673342,4.154976297995827
calibration,performance_chasing,20260910,arm2a_weak,tv,True,1.0048538375502547,1412.855133063279,2.015979631565305,1.0084498634765329,0.1974876755346343,6.0727665966226825,0.08195997523548762,2.9769827099491804,1.6637237923184611,1.6784783898520508
calibration,performance_chasing,20260911,arm2a_weak,meta,True,1.0048128932117257,1407.2186819490616,2.1125989692530593,1.0625094070131842,0.3287780160631894,5.265514476014671,0.1508351441800364,2.9774221277687483,2.9492075194394087,2.883195957737079
calibration,performance_chasing,20260911,arm2a_weak,pla,True,1.0048128932117257,1407.2186819490616,5.599631178804842,2.7255621111756927,4.319711346614274,6.884914956927879,0.8839254855506408,4.041098102719068,4.295340393857183,4.158485076863498
calibration,performance_chasing,20260911,arm2a_weak,tv,True,1.0048128932117257,1407.2186819490616,1.8999610997443137,0.9505027340231944,0.26027521621695904,6.338877187332837,0.09268372399775737,2.9940392045166653,1.6625159964527418,1.6784682326729539
calibration,performance_chasing,20260912,arm2a_weak,meta,True,1.0083974207297963,1752.1964159988052,1.6966533407074895,0.8285820139896144,0.2943691792265851,3.9059758285734376,0.1308758319385442,2.0884480427731478,2.9470246411349903,2.881613063270842
calibration,performance_chasing,20260912,arm2a_weak,pla,True,1.0083974207297963,1752.1964159988052,4.031867033048416,1.8906309243936845,2.9656039822962437,5.077321409936523,0.517772193092605,2.9755748572909337,4.289071246287139,4.1483965207909375
calibration,performance_chasing,20260912,arm2a_weak,tv,True,1.0083974207297963,1752.1964159988052,1.9749015687864622,0.9818880535982975,0.2559691932317032,5.744287821080732,0.09014630711039488,2.6907341833887286,1.6622360141231436,1.678473536204923
knots,none,20260908,knots13,meta,True,1.002474666935679,4118.775151487837,2.2201390472085585,1.1192386115374,0.3152992299601718,5.928342230811259,0.1403661110382858,3.2044027140860214,2.9478910760347588,2.8820788829994513
knots,none,20260908,knots13,pla,True,1.002474666935679,4118.775151487837,2.332043978689135,1.1884989219036841,0.3312411369402367,6.639424296019938,0.12321847142803344,3.0310877142820116,4.309408624341329,4.154118209407462
knots,none,20260908,knots13,tv,True,1.002474666935679,4118.775151487837,1.9153240290735456,0.9489539046272876,0.23356636347266027,5.159885778235276,0.10196840137362928,2.846804430239893,1.6632191141250114,1.6784918424104216
knots,none,20260909,knots13,meta,True,1.0016374242901622,4663.32123915017,1.919366293371464,0.9533639653437852,0.31368314287710364,5.4830837842058315,0.1288474814628428,2.9027216054153238,2.947537489551566,2.880446927917512
knots,none,20260909,knots13,pla,True,1.0016374242901622,4663.32123915017,2.0585134856526723,1.0404887752244611,0.3089863952650364,4.800960173536816,0.1315052227972377,2.5387991648200345,4.307344100278896,4.147220200695105
knots,none,20260909,knots13,tv,True,1.0016374242901622,4663.32123915017,1.923917071404768,0.9508515651005567,0.2731309582199668,4.818232055856364,0.11010105778228321,2.4725398116859525,1.663871333939262,1.6785063568927887
knots,none,20260910,knots13,meta,True,1.0019210473590703,4585.650606118043,1.966196414206787,0.9746774215226504,0.3230517255458705,5.751091047874193,0.1365793868803402,3.2960363001053725,2.9477419815247665,2.8820106347014613
knots,none,20260910,knots13,pla,True,1.0019210473590703,4585.650606118043,2.3095114007067865,1.1581209120224127,0.3557213226909699,5.376245344314035,0.12898413087478514,2.6340589612529284,4.309503497520344,4.158863835444871
knots,none,20260910,knots13,tv,True,1.0019210473590703,4585.650606118043,1.9483626951345343,0.974066388106756,0.2718790074871479,4.861463368902798,0.10232420309045535,2.5000474489810562,1.6637237923184611,1.6784783898520508
knots,none,20260911,knots13,meta,True,1.0021783549748662,4441.4751628731565,1.8897198996490432,0.9365457825537346,0.3347765434197028,5.812685131671568,0.1207034192623157,3.388347970196704,2.9492075194394087,2.883195957737079
knots,none,20260911,knots13,pla,True,1.0021783549748662,4441.4751628731565,1.7876437053601975,0.8853076307688458,0.3061167621840451,4.910069863160629,0.11442874894764703,1.8957997216934075,4.309486860331124,4.158702688140481
knots,none,20260911,knots13,tv,True,1.0021783549748662,4441.4751628731565,1.9452389367196048,0.9709605185103473,0.26828939452380945,4.8625958344084,0.08933845856221763,2.248628775204217,1.6625159964527418,1.6784682326729539
knots,none,20260912,knots13,meta,True,1.0019114671558231,4461.939453215881,2.1371045811937823,1.0715221388038787,0.3020620471234759,6.176246856825462,0.11723714814012698,3.1548969374708022,2.9470246411349903,2.881613063270842
knots,none,20260912,knots13,pla,True,1.0019114671558231,4461.939453215881,1.9596162633721521,0.9717654545476737,0.2792186492432586,5.019313411540985,0.13413611870309766,2.1844889463755988,4.308712567815476,4.1518276697393475
knots,none,20260912,knots13,tv,True,1.0019114671558231,4461.939453215881,1.955039451013639,0.9650342931584852,0.2901728628984924,5.031999933601384,0.10453295099772893,2.669980462729661,1.6622360141231436,1.678473536204923
knots,performance_chasing,20260908,knots13,meta,True,1.001666904866521,3807.2869554944336,1.9599118024042272,0.9842703006126708,0.3061301626956612,5.829280791970662,0.09036915700123273,2.5935593532444643,2.9478910760347588,2.8820788829994513
knots,performance_chasing,20260908,knots13,pla,True,1.001666904866521,3807.2869554944336,27.815041239420907,17.764114609017774,15.58707336883945,38.70096897697889,11.336986866185445,23.209817126241123,4.29041791942621,4.149574999118227
knots,performance_chasing,20260908,knots13,tv,True,1.001666904866521,3807.2869554944336,1.878920751527623,0.9306481870209585,0.2339194200900847,4.504477705755076,0.09422598276076262,2.14862580091026,1.6632191141250114,1.6784918424104216
knots,performance_chasing,20260909,knots13,meta,True,1.00227025544813,2256.6339891938023,1.7900784387617579,0.8855803078384795,0.23312171931199463,4.1781408448196835,0.11773774665738941,2.176572650657766,2.947537489551566,2.880446927917512
knots,performance_chasing,20260909,knots13,pla,True,1.00227025544813,2256.6339891938023,20.113062308879737,12.017481440998496,1.0158953362612753,41.72370358095101,0.44561321232766393,24.412710781051935,4.295088030025803,4.146574860398926
knots,performance_chasing,20260909,knots13,tv,True,1.00227025544813,2256.6339891938023,1.9038899825913118,0.9405766456969379,0.2665972863793104,6.138954453778321,0.09099779254258773,2.7827363126776063,1.663871333939262,1.6785063568927887
knots,performance_chasing,20260910,knots13,meta,True,1.003054251226036,3832.0398991907987,1.822236343145512,0.907032282425724,0.3253378848864052,4.777316319195204,0.10353308362543301,2.4559216698084643,2.9477419815247665,2.8820106347014613
knots,performance_chasing,20260910,knots13,pla,True,1.003054251226036,3832.0398991907987,29.506890574505114,18.948639076166028,15.318698858256006,41.47679158463232,10.494505120785362,24.611662115193443,4.291209356673342,4.154976297995827
knots,performance_chasing,20260910,knots13,tv,True,1.003054251226036,3832.0398991907987,1.8925956627463523,0.9410838398680994,0.23324120413100272,4.653460072780991,0.11132917200576084,2.55426794708758,1.6637237923184611,1.6784783898520508
knots,performance_chasing,20260911,knots13,meta,True,1.0028529783315259,1995.618709881266,1.8738036464790184,0.9356636829658213,0.2993876771585511,5.062232771345144,0.1295915072919107,2.6042009322463704,2.9492075194394087,2.883195957737079
knots,performance_chasing,20260911,knots13,pla,True,1.0028529783315259,1995.618709881266,8.278587503251218,4.549706990363007,0.3991261299950523,25.41347304867482,0.14558102483889876,14.410534168097659,4.295340393857183,4.158485076863498
knots,performance_chasing,20260911,knots13,tv,True,1.0028529783315259,1995.618709881266,1.9251921080854708,0.961958068316872,0.2647658497000447,5.239018946032166,0.11685197223515506,2.312219517778312,1.6625159964527418,1.6784682326729539
knots,performance_chasing,20260912,knots13,meta,True,1.0018750463026986,4552.291186988583,1.9309710220207321,0.9653655763137925,0.256965786567588,5.325790208866009,0.11123299315025564,2.549551175393677,2.9470246411349903,2.881613063270842
knots,performance_chasing,20260912,knots13,pla,True,1.0018750463026986,4552.291186988583,28.185529435972953,17.736971188076083,7.153452718236795,44.911297754217685,3.896263971921299,26.936291587995402,4.289071246287139,4.1483965207909375
knots,performance_chasing,20260912,knots13,tv,True,1.0018750463026986,4552.291186988583,1.8728700776447402,0.9323040774994775,0.21654772458783164,5.23738501134374,0.09102058999925448,2.439582700575743,1.6622360141231436,1.678473536204923
knots,none,20260908,knots26,meta,True,1.0026662008657863,3683.425276739702,2.104131219493728,1.0513292729802894,0.2635969846108466,8.372146136631073,0.11478684630389756,3.7651916352356065,2.9478910760347588,2.8820788829994513
knots,none,20260908,knots26,pla,True,1.0026662008657863,3683.425276739702,2.005105832831953,1.009798443685416,0.2791745866315262,4.947938236949783,0.11586596544358108,2.468675185622587,4.309408624341329,4.154118209407462
knots,none,20260908,knots26,tv,True,1.0026662008657863,3683.425276739702,1.898422607430071,0.9415701158973483,0.3103011270205538,4.612944332600445,0.12324389279957494,2.3902753693403467,1.6632191141250114,1.6784918424104216
knots,none,20260909,knots26,meta,True,1.0019001602480868,4392.452807081991,1.8561905038532047,0.9197675967531804,0.2971888965854991,5.284014730759426,0.13778160823078772,2.342230926774165,2.947537489551566,2.880446927917512
knots,none,20260909,knots26,pla,True,1.0019001602480868,4392.452807081991,1.9376495432188094,0.977767049481834,0.268028011663707,5.508519406118536,0.10599862534483381,2.239829445243615,4.307344100278896,4.147220200695105
knots,none,20260909,knots26,tv,True,1.0019001602480868,4392.452807081991,1.919970849217469,0.9484196468421874,0.2956914723344072,4.525463752103647,0.11575856831467399,2.197644574669589,1.663871333939262,1.6785063568927887
knots,none,20260910,knots26,meta,True,1.0021244088470387,3839.6072483991147,2.0303730408819414,1.0076208906192332,0.30144455537757364,5.697195764360585,0.11506999802209993,2.475514681255919,2.9477419815247665,2.8820106347014613
knots,none,20260910,knots26,pla,True,1.0021244088470387,3839.6072483991147,1.9895791616767067,0.990669482096962,0.30603185780231706,4.296167011818924,0.10345430891212229,2.1322471871443858,4.309503497520344,4.158863835444871
knots,none,20260910,knots26,tv,True,1.0021244088470387,3839.6072483991147,1.9463929704294298,0.9678480015798205,0.28852130517645747,5.306623475692223,0.11470468929107237,2.539708121400851,1.6637237923184611,1.6784783898520508
knots,none,20260911,knots26,meta,True,1.0022785186118166,4015.025853673138,1.8089287663217757,0.8950421917258755,0.2625777848712254,4.829655895545046,0.10678453718966825,2.1577968608398357,2.9492075194394087,2.883195957737079
knots,none,20260911,knots26,pla,True,1.0022785186118166,4015.025853673138,1.7433703791724693,0.8631281944399669,0.2605841461890089,3.941620990884272,0.08518223809617934,1.8479874552439808,4.309486860331124,4.158702688140481
knots,none,20260911,knots26,tv,True,1.0022785186118166,4015.025853673138,1.9190389853108312,0.9524975734563299,0.25341511364372993,5.050641796548288,0.11841501195144778,2.3636549598722176,1.6625159964527418,1.6784682326729539
knots,none,20260912,knots26,meta,True,1.0036915473059538,3888.119125524709,1.982071123680836,0.9875989893198179,0.3469686174549236,5.586275858368323,0.1258399651044951,2.730229051500496,2.9470246411349903,2.881613063270842
knots,none,20260912,knots26,pla,True,1.0036915473059538,3888.119125524709,1.8878886330184694,0.9377524900693628,0.2594743628302495,4.46899235478847,0.09589794431145982,2.0916091840477704,4.308712567815476,4.1518276697393475
knots,none,20260912,knots26,tv,True,1.0036915473059538,3888.119125524709,1.907160676992995,0.9444117850252461,0.2648128463267847,5.4953832909166795,0.10973758774818974,2.6397919942976884,1.6622360141231436,1.678473536204923
knots,performance_chasing,20260908,knots26,meta,True,1.0029758305635537,945.3834916099512,1.8830611175813174,0.94492325478516,0.233177946374975,5.3898214786005205,0.11142882239284073,2.5349643933558355,2.9478910760347588,2.8820788829994513
knots,performance_chasing,20260908,knots26,pla,True,1.0029758305635537,945.3834916099512,11.058407408801212,6.3934956092954005,0.6224012188595365,25.985024309483627,0.20469758724768172,16.253096416753976,4.29041791942621,4.149574999118227
knots,performance_chasing,20260908,knots26,tv,True,1.0029758305635537,945.3834916099512,1.8832804362039084,0.9407294253488343,0.21923139674836548,5.8231045453903345,0.08517247120499682,3.0831976982375116,1.6632191141250114,1.6784918424104216
knots,performance_chasing,20260909,knots26,meta,True,1.0042452243858064,3050.9957825689394,1.8522955247623107,0.9180795035038499,0.2760174548254834,4.7000310840965955,0.11321600547923469,2.5635401132507183,2.947537489551566,2.880446927917512
knots,performance_chasing,20260909,knots26,pla,True,1.0042452243858064,3050.9957825689394,4.150307840347344,2.122136510948366,0.29930657592675447,11.639948334290741,0.09735925240269484,6.628870088641011,4.295088030025803,4.146574860398926
knots,performance_chasing,20260909,knots26,tv,True,1.0042452243858064,3050.9957825689394,1.9052326145928882,0.9398874400622111,0.2793127409729483,4.971292000750828,0.12685314498869127,2.500963855023034,1.663871333939262,1.6785063568927887
knots,performance_chasing,20260910,knots26,meta,True,1.0083928972340446,823.066419973755,1.9629402917911423,0.9853326304757537,0.3086220333161176,5.060888304827184,0.12254063420483792,2.960719822138528,2.9477419815247665,2.8820106347014613
knots,performance_chasing,20260910,knots26,pla,True,1.0083928972340446,823.066419973755,6.909101589806647,3.743235158801116,0.332456348533069,20.938134829623642,0.14791043316676114,13.899301526438203,4.291209356673342,4.154976297995827
knots,performance_chasing,20260910,knots26,tv,True,1.0083928972340446,823.066419973755,1.9560505558741756,0.9793398806858529,0.3070183364116215,4.821627898305458,0.1118314621756007,2.484961084069237,1.6637237923184611,1.6784783898520508
knots,performance_chasing,20260911,knots26,meta,True,1.0038535174719656,3605.999084202226,1.8019877098633283,0.8910914980306754,0.31941535429208656,4.633679169712956,0.13235990686540594,2.292259894812678,2.9492075194394087,2.883195957737079
knots,performance_chasing,20260911,knots26,pla,True,1.0038535174719656,3605.999084202226,2.849476960386043,1.4283884505227198,0.27754989888746917,8.562388877084821,0.10749815800858888,3.9391500732495044,4.295340393857183,4.158485076863498
knots,performance_chasing,20260911,knots26,tv,True,1.0038535174719656,3605.999084202226,1.91990493873034,0.9535358413524574,0.2757559744321344,4.411887925223955,0.12035617943993619,2.4110535549243295,1.6625159964527418,1.6784682326729539
knots,performance_chasing,20260912,knots26,meta,True,1.0047315374403216,3961.0303397159196,1.937786873516056,0.9723449321739074,0.3025646450804182,5.327945273477985,0.13609157188337265,2.624112231158654,2.9470246411349903,2.881613063270842
knots,performance_chasing,20260912,knots26,pla,True,1.0047315374403216,3961.0303397159196,7.908829712836919,4.316042093682927,0.33733551095770414,23.346728472099468,0.1104665836567013,14.713708517344077,4.289071246287139,4.1483965207909375
knots,performance_chasing,20260912,knots26,tv,True,1.0047315374403216,3961.0303397159196,1.9043648753022437,0.947754659156499,0.24812737115714747,4.912890292865196,0.08761049573623143,2.7928847728570703,1.6622360141231436,1.678473536204923
knots,none,20260908,knots4,meta,True,1.0010364933613345,4913.223554430664,2.165664855824822,1.0848440233162455,0.3461841756500975,4.625067224670822,0.09251408486565464,2.495136093892004,2.9478910760347588,2.8820788829994513
knots,none,20260908,knots4,pla,True,1.0010364933613345,4913.223554430664,2.143066086896983,1.0754834179578106,0.2954015920435667,5.627531884128212,0.10936924816820315,2.556021195843555,4.309408624341329,4.154118209407462
knots,none,20260908,knots4,tv,True,1.0010364933613345,4913.223554430664,1.9162607609393083,0.950956450015797,0.26491333923786436,5.460123066073182,0.10753024338662673,2.5631159108205663,1.6632191141250114,1.6784918424104216
knots,none,20260909,knots4,meta,True,1.0007561038225035,3866.9079032494205,1.8632436356660957,0.9258456273375576,0.3453599330416362,5.599255407729179,0.11451601952782213,2.297987177711867,2.947537489551566,2.880446927917512
knots,none,20260909,knots4,pla,True,1.0007561038225035,3866.9079032494205,2.0130573435100714,1.0092196603873154,0.2902137392038054,5.374294727795508,0.11979804650036417,2.551928947775425,4.307344100278896,4.147220200695105
knots,none,20260909,knots4,tv,True,1.0007561038225035,3866.9079032494205,1.908622349800597,0.9442034015783178,0.2624931768403905,5.34893898946805,0.0958245721658718,2.649130455882941,1.663871333939262,1.6785063568927887
knots,none,20260910,knots4,meta,True,1.0005795360765322,4576.592067509893,2.0034923699655693,0.9954418364618367,0.37861542270377846,6.160915963336552,0.12255772862198643,2.4665125973718416,2.9477419815247665,2.8820106347014613
knots,none,20260910,knots4,pla,True,1.0005795360765322,4576.592067509893,2.337310561612009,1.169832162931901,0.314554511111028,7.842604661801625,0.11930923516935107,3.0419911742065784,4.309503497520344,4.158863835444871
knots,none,20260910,knots4,tv,True,1.0005795360765322,4576.592067509893,1.9535580779398796,0.9724151721060148,0.253530705641563,5.378129013124854,0.10110063201892236,2.734886188515279,1.6637237923184611,1.6784783898520508
knots,none,20260911,knots4,meta,True,1.0004722739067455,3943.944727003784,1.804061820127072,0.8963224077112442,0.32945530371820225,4.8974535295557295,0.1148001572138947,2.031959327928854,2.9492075194394087,2.883195957737079
knots,none,20260911,knots4,pla,True,1.0004722739067455,3943.944727003784,1.7429689916491349,0.8592658085920537,0.31881963849665096,4.495029749185816,0.13314277198639304,2.0086115937367284,4.309486860331124,4.158702688140481
knots,none,20260911,knots4,tv,True,1.0004722739067455,3943.944727003784,1.9014366506435618,0.9481447344158433,0.26600367176650264,5.397264656576273,0.11386165255772537,2.7945784015974278,1.6625159964527418,1.6784682326729539
knots,none,20260912,knots4,meta,True,1.0005522499085906,4069.1556836194745,2.1100699853124225,1.0567797465894961,0.34188264486570796,5.9870480398273465,0.10774603203973981,3.220399034142804,2.9470246411349903,2.881613063270842
knots,none,20260912,knots4,pla,True,1.0005522499085906,4069.1556836194745,1.9147449509821823,0.946659299008881,0.2898465781586699,5.044733101559587,0.12819383902209347,2.4237940571115044,4.308712567815476,4.1518276697393475
knots,none,20260912,knots4,tv,True,1.0005522499085906,4069.1556836194745,1.8953643498901178,0.9373290198907807,0.2444351050867775,5.316232772135906,0.0965408579435761,2.687360627396651,1.6622360141231436,1.678473536204923
knots,performance_chasing,20260908,knots4,meta,True,1.000861370607828,8280.521587669593,2.0196239596603505,1.0150454496251926,0.24589214166613613,5.17638610340204,0.10153466314624224,2.49336163446684,2.9478910760347588,2.8820788829994513
knots,performance_chasing,20260908,knots4,pla,True,1.000861370607828,8280.521587669593,32.44430150797211,20.317932330024533,22.410675134815673,45.90213125846989,14.447822740686476,25.554618840324736,4.29041791942621,4.149574999118227
knots,performance_chasing,20260908,knots4,tv,True,1.000861370607828,8280.521587669593,1.8943820551421684,0.939749720413422,0.28880791972678643,6.4675157720131145,0.09982153854129117,3.146484198940251,1.6632191141250114,1.6784918424104216
knots,performance_chasing,20260909,knots4,meta,True,1.000931876847531,5863.853477836506,1.8421027606665628,0.9140591196298118,0.25469681442077974,4.280642045694199,0.09493383678305035,2.347540682662935,2.947537489551566,2.880446927917512
knots,performance_chasing,20260909,knots4,pla,True,1.000931876847531,5863.853477836506,34.68758336721049,21.16886876194372,21.85053201759157,54.29995314099255,13.26000712440132,29.277854132270253,4.295088030025803,4.146574860398926
knots,performance_chasing,20260909,knots4,tv,True,1.000931876847531,5863.853477836506,1.8807007968422464,0.9267894882261746,0.3193642795516404,6.120110777159148,0.11984216159843923,3.07570988296039,1.663871333939262,1.6785063568927887
knots,performance_chasing,20260910,knots4,meta,True,1.000391230070623,7811.317206331937,1.9812418565676198,0.9845702680101751,0.32701525274102583,4.896032472437329,0.119144503481017,2.831320919254898,2.9477419815247665,2.8820106347014613
knots,performance_chasing,20260910,knots4,pla,True,1.000391230070623,7811.317206331937,34.90907603768751,22.09823916917525,24.428427715824277,48.487655132967184,15.542162664505822,28.122452594117803,4.291209356673342,4.154976297995827
knots,performance_chasing,20260910,knots4,tv,True,1.000391230070623,7811.317206331937,1.9405650158187382,0.9654631829259593,0.24394523560155665,5.547851590888016,0.09865572526853088,2.861063576065216,1.6637237923184611,1.6784783898520508
knots,performance_chasing,20260911,knots4,meta,True,1.0005042172582423,4581.366434579964,1.7819982494250117,0.8844681619255954,0.2857605744618057,4.489460186354447,0.10840995657728357,2.154210935512301,2.9492075194394087,2.883195957737079
knots,performance_chasing,20260911,knots4,pla,True,1.0005042172582423,4581.366434579964,26.017959111977675,16.13168632297743,2.625531631531445,44.61826280839215,0.8688111977673632,25.070330395482138,4.295340393857183,4.158485076863498
knots,performance_chasing,20260911,knots4,tv,True,1.0005042172582423,4581.366434579964,1.888203656321766,0.9432742111488921,0.28914844118052374,6.2703836234125045,0.10643029114289496,3.413473428769753,1.6625159964527418,1.6784682326729539
knots,performance_chasing,20260912,knots4,meta,True,1.0006296869555262,5998.852686869748,1.9875073347843675,0.9934368777524756,0.353842841325022,5.2313099696463885,0.1108169506545792,2.60880133245125,2.9470246411349903,2.881613063270842
knots,performance_chasing,20260912,knots4,pla,True,1.0006296869555262,5998.852686869748,39.027499550421965,24.544889244620965,28.7426870975637,55.33209059688284,17.852033445469427,32.03120596425124,4.289071246287139,4.1483965207909375
knots,performance_chasing,20260912,knots4,tv,True,1.0006296869555262,5998.852686869748,1.8911352149556961,0.9345470758650359,0.2818774443408071,4.881628693812728,0.09657527185859681,2.4393716110164054,1.6622360141231436,1.678473536204923
knots,none,20260908,knots52,meta,True,1.0026732553831148,2564.765846111623,1.7937616996059649,0.8919012849146964,0.21684539750424733,4.122790177232365,0.09075859760306161,2.2096948903715994,2.9478910760347588,2.8820788829994513
knots,none,20260908,knots52,pla,True,1.0026732553831148,2564.765846111623,1.7482091697355437,0.8790170148419407,0.2624591185309742,3.7732499227627097,0.10409527153188383,1.943421657593541,4.309408624341329,4.154118209407462
knots,none,20260908,knots52,tv,True,1.0026732553831148,2564.765846111623,1.9151613517459019,0.9507358245441702,0.3075226319822522,5.158482264623427,0.09115624022690795,2.7750444339118028,1.6632191141250114,1.6784918424104216
knots,none,20260909,knots52,meta,True,1.0017723164458103,4310.6864069144585,1.7565557607124882,0.8671024478381987,0.3306503507064485,4.198758120975006,0.11906232900773393,2.178289695265835,2.947537489551566,2.880446927917512
knots,none,20260909,knots52,pla,True,1.0017723164458103,4310.6864069144585,1.7524156619976976,0.874983529275095,0.2979096935915832,5.0199356078128226,0.10168956087430979,2.629757863366319,4.307344100278896,4.147220200695105
knots,none,20260909,knots52,tv,True,1.0017723164458103,4310.6864069144585,1.8957817055768449,0.9389060128612071,0.2853239706028487,6.450707943197532,0.09934224688486061,2.7450987739534716,1.663871333939262,1.6785063568927887
knots,none,20260910,knots52,meta,True,1.0033723087230997,3279.2654422347105,1.8274277018852179,0.9041656175876761,0.28015203907680103,3.925690043911424,0.1063201237918551,2.4399432462015453,2.9477419815247665,2.8820106347014613
knots,none,20260910,knots52,pla,True,1.0033723087230997,3279.2654422347105,1.8018976904112407,0.897172465326312,0.30727557278706213,4.23156023969685,0.09387564353267014,2.1159423783612734,4.309503497520344,4.158863835444871
knots,none,20260910,knots52,tv,True,1.0033723087230997,3279.2654422347105,1.9048328391538438,0.946213548709277,0.279330878399647,4.55763354068409,0.12018992807625781,2.3369415969740106,1.6637237923184611,1.6784783898520508
knots,none,20260911,knots52,meta,True,1.002174524383563,2914.7745303303573,1.7197855633900614,0.8553341981795167,0.36577407407718676,4.990758765999336,0.12852653547415557,2.6765523665245636,2.9492075194394087,2.883195957737079
knots,none,20260911,knots52,pla,True,1.002174524383563,2914.7745303303573,1.6494603440304816,0.8216061834490158,0.2600433849487968,3.7226084769324173,0.11080788905447504,1.6561383007232895,4.309486860331124,4.158702688140481
knots,none,20260911,knots52,tv,True,1.002174524383563,2914.7745303303573,1.8887201163686,0.9409953609953128,0.39425454013698724,5.57089402150182,0.10925619689439343,2.6669984719090056,1.6625159964527418,1.6784682326729539
knots,none,20260912,knots52,meta,True,1.0027777513618603,3125.8726393396005,1.7621474344315464,0.8695427032074278,0.24933627563001645,4.08667444421444,0.09044793448288142,2.3578969435494566,2.9470246411349903,2.881613063270842
knots,none,20260912,knots52,pla,True,1.0027777513618603,3125.8726393396005,1.7302464068815446,0.8590472410077001,0.26763749655487745,4.007174517885382,0.09883963178359285,2.08233586926365,4.308712567815476,4.1518276697393475
knots,none,20260912,knots52,tv,True,1.0027777513618603,3125.8726393396005,1.898701425088025,0.9429790616999765,0.25104507506978774,4.844623398893136,0.0866525301454778,2.384322764889546,1.6622360141231436,1.678473536204923
knots,performance_chasing,20260908,knots52,meta,True,1.0049679083820413,2515.1938605304967,1.7887962131992579,0.8900972755887915,0.25394749597691896,4.444301250653712,0.10636883366817824,2.345081199264751,2.9478910760347588,2.8820788829994513
knots,performance_chasing,20260908,knots52,pla,True,1.0049679083820413,2515.1938605304967,2.2150329226210106,1.084748120888994,0.32630249270677686,5.110313204015541,0.1087654106205117,2.7286651768702406,4.29041791942621,4.149574999118227
knots,performance_chasing,20260908,knots52,tv,True,1.0049679083820413,2515.1938605304967,1.8904380178969813,0.9364325889676752,0.2898052338419552,4.930692009994717,0.10426969258520172,2.447946656175043,1.6632191141250114,1.6784918424104216
knots,performance_chasing,20260909,knots52,meta,True,1.001703856164466,4147.081613257852,1.7562990447774147,0.8713492103085734,0.37471837014122383,5.226519315528155,0.13580712870506975,2.5571785825257254,2.947537489551566,2.880446927917512
knots,performance_chasing,20260909,knots52,pla,True,1.001703856164466,4147.081613257852,1.778068139479422,0.8475759916772132,0.2770410582970752,3.906801090802838,0.10313218495796275,1.8755433394823215,4.295088030025803,4.146574860398926
knots,performance_chasing,20260909,knots52,tv,True,1.001703856164466,4147.081613257852,1.8931085099170255,0.93318157358285,0.31974453851476997,6.715717649937478,0.126163188576479,2.7210607724790887,1.663871333939262,1.6785063568927887
knots,performance_chasing,20260910,knots52,meta,True,1.0038498946912502,2910.421644882188,1.827137490072186,0.9047047798497223,0.3113998694053493,5.192604284110199,0.13013949896228338,2.266799223537955,2.9477419815247665,2.8820106347014613
knots,performance_chasing,20260910,knots52,pla,True,1.0038498946912502,2910.421644882188,2.0314727456161563,0.9823346480318332,0.30212345441979,4.951508810916312,0.08738813846820907,2.4705456072106764,4.291209356673342,4.154976297995827
knots,performance_chasing,20260910,knots52,tv,True,1.0038498946912502,2910.421644882188,1.9139484483295324,0.9612154266454315,0.26979325121702585,5.557063943111447,0.09749678912769061,2.507528459365787,1.6637237923184611,1.6784783898520508
knots,performance_chasing,20260911,knots52,meta,True,1.0035180252427685,2841.2649034676656,1.7217081867742503,0.8537986985326028,0.2688722316462475,4.2457319103107265,0.117284838239318,2.0512934597692425,2.9492075194394087,2.883195957737079
knots,performance_chasing,20260911,knots52,pla,True,1.0035180252427685,2841.2649034676656,1.8162978013634683,0.8789571205412119,0.3082765282281323,4.727861231517414,0.10691086073513285,1.9843497789914752,4.295340393857183,4.158485076863498
knots,performance_chasing,20260911,knots52,tv,True,1.0035180252427685,2841.2649034676656,1.8912190985035595,0.9384776464397118,0.33291032862585307,4.484159180407414,0.08579954543909936,2.2442123754091816,1.6625159964527418,1.6784682326729539
knots,performance_chasing,20260912,knots52,meta,True,1.0026751548634043,2742.8037891078784,1.759189969535506,0.870093154298711,0.28453582660012194,5.156433149531457,0.1464377553244568,2.590323707969292,2.9470246411349903,2.881613063270842
knots,performance_chasing,20260912,knots52,pla,True,1.0026751548634043,2742.8037891078784,1.9526956676717635,0.9391492744279862,0.27409349202285177,4.9924582220001135,0.09607247671062767,2.2085583718192576,4.289071246287139,4.1483965207909375
knots,performance_chasing,20260912,knots52,tv,True,1.0026751548634043,2742.8037891078784,1.890228640532291,0.936677791874616,0.2642544117319018,5.762851039988216,0.08826513953789183,2.9768541399033035,1.6622360141231436,1.678473536204923
mechanisms,all_four,20260908,arm1,meta,True,1.0073658731302744,5983.718376471427,2.724031656380047,1.2884652258309657,0.29987974752364216,7.259408112963324,0.12472459439824117,4.2250697492101965,2.9039797458623555,2.8043164796987585
mechanisms,all_four,20260908,arm1,pla,True,1.0073658731302744,5983.718376471427,33.52083228042449,21.95803088131861,25.51861951646007,42.13554431096936,16.686561753831644,26.866723151852327,4.205673788836491,4.00530153697721
mechanisms,all_four,20260908,arm1,tv,True,1.0073658731302744,5983.718376471427,1.6454804046722122,0.4048056657716384,0.35450026267481904,5.019983743877268,0.0502329077713624,1.3886030909744018,1.5617332391065217,1.6684096432081577
mechanisms,all_four,20260909,arm1,meta,False,1.2219953687269007,82.46502079733531,,,,,,,2.903441947764001,2.802644360817236
mechanisms,all_four,20260909,arm1,pla,False,1.2219953687269007,82.46502079733531,,,,,,,4.205941503227249,3.997756283104515
mechanisms,all_four,20260909,arm1,tv,False,1.2219953687269007,82.46502079733531,,,,,,,1.5677262364396267,1.6688654211148841
mechanisms,all_four,20260910,arm1,meta,True,1.0003049618165925,10605.144242198065,2.070405818908053,0.9649417097470426,0.31297571252041073,6.0495243713085145,0.11653259347274622,2.412837476440077,2.907635784884057,2.8070101488634114
mechanisms,all_four,20260910,arm1,pla,True,1.0003049618165925,10605.144242198065,37.41194825439386,24.664015364541957,29.520712749504696,48.81081978542524,19.323111306615793,29.262936425920117,4.211340386105768,4.016354130206488
mechanisms,all_four,20260910,arm1,tv,True,1.0003049618165925,10605.144242198065,1.8161999842963008,0.45732963139820243,0.34021091340003073,5.803956743036519,0.05401897819445062,1.2502144518065836,1.5626780211964497,1.6681867785887865
mechanisms,all_four,20260911,arm1,meta,True,1.0007355341787294,11553.772498678412,2.284846577857493,1.063010701036903,0.3272230654481186,6.182997181172702,0.11087855298212458,2.8681453957144756,2.905771249635852,2.807722931957454
mechanisms,all_four,20260911,arm1,pla,True,1.0007355341787294,11553.772498678412,38.92795054760289,25.485549071286805,28.396717068497455,49.979517483234886,18.504134070656402,30.62471048078932,4.214994016253593,4.02050855146962
mechanisms,all_four,20260911,arm1,tv,True,1.0007355341787294,11553.772498678412,1.7829530381755327,0.4497751197929842,0.30390587400575125,4.3040462127542,0.04771273016211221,1.1674258205409238,1.5601744465690817,1.6683202265426549
mechanisms,all_four,20260912,arm1,meta,True,1.0012324280323983,11595.332226807504,2.456330736607653,1.138245721095492,0.3620188364646302,6.805997183675963,0.11428714905369006,4.191842804219237,2.903186020679774,2.8040391267249216
mechanisms,all_four,20260912,arm1,pla,True,1.0012324280323983,11595.332226807504,41.74415840119683,27.158631770865103,30.986195319885795,52.73811458394565,20.572021752870633,33.27719382109533,4.2023129224621805,4.002145007324617
mechanisms,all_four,20260912,arm1,tv,True,1.0012324280323983,11595.332226807504,1.8077890097362082,0.46421644402881274,0.39712461921200576,4.128964231584255,0.07024049682134782,1.1939414550250071,1.5549778149907887,1.6684888805141709
mechanisms,anticipatory_spend,20260908,arm1,meta,False,1.4985427669563647,48.34312629562911,,,,,,,2.902068726425093,2.803719524735285
mechanisms,anticipatory_spend,20260908,arm1,pla,False,1.4985427669563647,48.34312629562911,,,,,,,4.2082778152247355,3.9992683962614737
mechanisms,anticipatory_spend,20260908,arm1,tv,False,1.4985427669563647,48.34312629562911,,,,,,,1.6632191141250114,1.6784918424104216
mechanisms,anticipatory_spend,20260909,arm1,meta,True,1.0016442565451986,11114.27958660473,1.9640794076255634,0.8823385046511191,0.3220103444563928,6.82384385830235,0.08326530575989975,3.1958655996410155,2.9022812779279774,2.802292011571141
mechanisms,anticipatory_spend,20260909,arm1,pla,True,1.0016442565451986,11114.27958660473,46.98922527000994,29.057622115932993,33.928015221975166,63.8831979928496,21.053054729101216,35.836004941112186,4.194886678532991,3.9836040021972514
mechanisms,anticipatory_spend,20260909,arm1,tv,True,1.0016442565451986,11114.27958660473,1.902961553063208,0.9375880411141536,0.27997111731358193,4.60390576654535,0.09640574183456604,2.7046364207205875,1.663871333939262,1.6785063568927887
mechanisms,anticipatory_spend,20260910,arm1,meta,True,1.0004586838551965,9045.772249949467,1.7976823650705098,0.8083924026895275,0.2813719156313092,4.020504404564535,0.09840965942093031,1.9435721923866822,2.907714705054078,2.807113036828301
mechanisms,anticipatory_spend,20260910,arm1,pla,True,1.0004586838551965,9045.772249949467,50.54501479075717,32.11977970543898,37.52144665060768,63.99194404351135,25.062120582269568,38.14499580735024,4.216531588364098,4.010179465025744
mechanisms,anticipatory_spend,20260910,arm1,tv,True,1.0004586838551965,9045.772249949467,1.8644480370177317,0.9277027342758685,0.3104375296748436,5.026654996011876,0.10804486948134477,2.325048544864745,1.6637237923184611,1.6784783898520508
mechanisms,anticipatory_spend,20260911,arm1,meta,False,1.3188562731453835,15.505176303527927,,,,,,,2.9043633730733034,2.806527630898091
mechanisms,anticipatory_spend,20260911,arm1,pla,False,1.3188562731453835,15.505176303527927,,,,,,,4.210414986892154,4.006532826791804
mechanisms,anticipatory_spend,20260911,arm1,tv,False,1.3188562731453835,15.505176303527927,,,,,,,1.6625159964527418,1.6784682326729539
mechanisms,anticipatory_spend,20260912,arm1,meta,True,1.0022960849401579,9622.951354625015,81.08936293523224,51.98149289706192,61.906630555765645,107.10979018428202,41.46163702127666,61.87507242221501,2.9023714275065187,2.8039695350082185
mechanisms,anticipatory_spend,20260912,arm1,pla,True,1.0022960849401579,9622.951354625015,1.893681000350079,0.8658135410796928,0.288209676344166,4.5415217893771445,0.09522571957840063,1.913719293194801,4.207688416877283,3.9963323967825852
mechanisms,anticipatory_spend,20260912,arm1,tv,True,1.0022960849401579,9622.951354625015,1.8503678279784994,0.9153854536791218,0.2903696179033537,4.539398316743976,0.09778969982907817,2.30459402732395,1.6622360141231436,1.678473536204923
mechanisms,budget_feedback,20260908,arm1,meta,True,1.0026880171579156,4543.899311468941,1.9280368591680026,0.9562521524361745,0.27096023643751116,5.514349388437076,0.1034290476800343,2.199276941649076,2.946887871859854,2.881461021336181
mechanisms,budget_feedback,20260908,arm1,pla,True,1.0026880171579156,4543.899311468941,1.8242344698925357,0.8980465252281794,0.3325359755368407,4.961888980089403,0.10372685678869377,2.437378390362834,4.307267671937496,4.152710652363556
mechanisms,budget_feedback,20260908,arm1,tv,True,1.0026880171579156,4543.899311468941,1.8725841356668593,0.9235181344688905,0.2383465796253908,5.7661862588625645,0.07864184632542484,2.8067069528401594,1.6630242060065947,1.6784829195274513
mechanisms,budget_feedback,20260909,arm1,meta,True,1.0096092284552016,4092.5981485774423,1.9607902566512072,0.976371715086613,0.2737443639647727,6.071774105597888,0.10703879641514055,2.561477464859294,2.9476928434369194,2.88028435391783
mechanisms,budget_feedback,20260909,arm1,pla,True,1.0096092284552016,4092.5981485774423,1.8332129081745205,0.9146831864814613,0.3035668449984282,4.630564446708117,0.09841878529229375,2.539858016102659,4.307067362636533,4.1469609959965315
mechanisms,budget_feedback,20260909,arm1,tv,True,1.0096092284552016,4092.5981485774423,1.9069081549591373,0.9400165500221727,0.21806368114749736,4.989827977065661,0.08928949450779382,2.901367250558586,1.6645042781615726,1.6785026198927973
mechanisms,budget_feedback,20260910,arm1,meta,False,1.1933322062376024,105.20722685939727,,,,,,,2.946798646796758,2.8814402405787205
mechanisms,budget_feedback,20260910,arm1,pla,False,1.1933322062376024,105.20722685939727,,,,,,,4.3087329769087805,4.158490371573706
mechanisms,budget_feedback,20260910,arm1,tv,False,1.1933322062376024,105.20722685939727,,,,,,,1.6636298388937403,1.6784736888379161
mechanisms,budget_feedback,20260911,arm1,meta,False,1.0991921403802292,277.26665035709857,,,,,,,2.949104827921867,2.883373548797492
mechanisms,budget_feedback,20260911,arm1,pla,False,1.0991921403802292,277.26665035709857,,,,,,,4.309191437741639,4.159250179758789
mechanisms,budget_feedback,20260911,arm1,tv,False,1.0991921403802292,277.26665035709857,,,,,,,1.6628615399989153,1.6784665725527228
mechanisms,budget_feedback,20260912,arm1,meta,True,1.0037284285758368,9946.219500290976,1.987728572639267,0.9899862605800263,0.28712736651150883,5.307801918944135,0.12380156902878131,2.2384255979447425,2.9464748398077996,2.8811393261099396
mechanisms,budget_feedback,20260912,arm1,pla,True,1.0037284285758368,9946.219500290976,1.7540526518677393,0.8680471294585924,0.35515475689928006,4.766447709901261,0.11557393126563163,2.43030412460466,4.307305966340155,4.150442629352347
mechanisms,budget_feedback,20260912,arm1,tv,True,1.0037284285758368,9946.219500290976,1.8948520968429075,0.941012475178505,0.2241620990178008,5.716615383672651,0.09513277351298215,2.870779128153416,1.662024240961589,1.678463465169645
mechanisms,none,20260908,arm1,meta,True,1.0194219667359001,2281.8685252745113,2.044624184544286,1.0311515996211091,0.3425583163524707,6.673852966495598,0.08965985632879651,3.1019963711505665,2.9478910760347588,2.8820788829994513
mechanisms,none,20260908,arm1,pla,True,1.0194219667359001,2281.8685252745113,2.011150832583775,1.0114027422547245,0.29778352367558303,5.852182683880207,0.10050530647173442,3.380615869421211,4.309408624341329,4.154118209407462
mechanisms,none,20260908,arm1,tv,True,1.0194219667359001,2281.8685252745113,1.9017166829353822,0.9460809287401396,0.2447832717176176,4.997844095528673,0.09764775915170953,2.5473878372181735,1.6632191141250114,1.6784918424104216
mechanisms,none,20260909,arm1,meta,True,1.0382611769870604,699.4391991275548,1.8793423589583935,0.9316918957521786,0.30290859704336676,5.544179861096716,0.10850617877173856,2.1688839022181368,2.947537489551566,2.880446927917512
mechanisms,none,20260909,arm1,pla,True,1.0382611769870604,699.4391991275548,2.026348976080048,1.0151018524200646,0.35289835820492416,5.905482534616557,0.1087900698191119,2.859538858225212,4.307344100278896,4.147220200695105
mechanisms,none,20260909,arm1,tv,True,1.0382611769870604,699.4391991275548,1.94559407717224,0.9585292145664515,0.23614797984471425,6.196907205515702,0.09407781625598982,2.94924956058089,1.663871333939262,1.6785063568927887
mechanisms,none,20260910,arm1,meta,True,1.0021726671631632,4695.46209858903,1.9275356748744907,0.9566142343027216,0.28199980533139624,5.619377610503492,0.11202778801077924,2.2163615611934535,2.9477419815247665,2.8820106347014613
mechanisms,none,20260910,arm1,pla,True,1.0021726671631632,4695.46209858903,2.0451220914203274,1.0239170048304551,0.37122672821852354,7.030198063803504,0.11925269749452441,3.336625847662201,4.309503497520344,4.158863835444871
mechanisms,none,20260910,arm1,tv,True,1.0021726671631632,4695.46209858903,1.9188012859655492,0.9557114125231795,0.24386799608756976,5.428623798555996,0.10680886285128716,3.067240764214478,1.6637237923184611,1.6784783898520508
mechanisms,none,20260911,arm1,meta,True,1.0011553475162058,8859.834096819002,1.7528002661608442,0.8702318532879008,0.2847144623450678,4.901027942182875,0.10771821140313272,2.1974955512361904,2.9492075194394087,2.883195957737079
mechanisms,none,20260911,arm1,pla,True,1.0011553475162058,8859.834096819002,1.6670051953609346,0.8244798865320512,0.32991554940252915,4.087809493610958,0.09713421266646982,2.2515628822415894,4.309486860331124,4.158702688140481
mechanisms,none,20260911,arm1,tv,True,1.0011553475162058,8859.834096819002,1.936543520563507,0.9575389357734694,0.23843750508736075,6.282590451716017,0.09783858957497416,3.026903138168316,1.6625159964527418,1.6784682326729539
mechanisms,none,20260912,arm1,meta,True,1.0505009233214349,733.1452744418452,2.3484193902162613,1.1770119234498746,0.2620424284582937,5.794308520390841,0.10800145814673354,2.5030625689470436,2.9470246411349903,2.881613063270842
mechanisms,none,20260912,arm1,pla,True,1.0505009233214349,733.1452744418452,1.7777964406847955,0.879785707077672,0.2673305578539581,4.482350573648131,0.10693586746516581,2.3329522042358297,4.308712567815476,4.1518276697393475
mechanisms,none,20260912,arm1,tv,True,1.0505009233214349,733.1452744418452,1.9224435942811162,0.950834987514475,0.2573466917963184,5.8590240256387185,0.11101590450262327,2.9909886152197065,1.6622360141231436,1.678473536204923
mechanisms,performance_chasing,20260908,arm1,meta,True,1.0021922481818795,10254.451445576318,2.1414810412411547,1.071146110271323,0.29575944827877215,5.26888121092913,0.11422940853532457,2.581336869819764,2.9478910760347588,2.8820788829994513
mechanisms,performance_chasing,20260908,arm1,pla,True,1.0021922481818795,10254.451445576318,33.621855093637684,20.62632955506139,22.32896338117409,48.626335223942355,14.340250591083027,26.876647882866624,4.29041791942621,4.149574999118227
mechanisms,performance_chasing,20260908,arm1,tv,True,1.0021922481818795,10254.451445576318,1.9158814462224276,0.9504657359818999,0.275245956131676,5.489731632487169,0.08747073387500436,2.8189253407549755,1.6632191141250114,1.6784918424104216
mechanisms,performance_chasing,20260909,arm1,meta,True,1.001643586104188,6037.043551935961,1.8799038479143422,0.9331548409747166,0.3236333307729893,5.414674782468278,0.11261909860025666,2.277414851341579,2.947537489551566,2.880446927917512
mechanisms,performance_chasing,20260909,arm1,pla,True,1.001643586104188,6037.043551935961,38.805798704168296,23.122203596058444,21.01115940550605,62.17383932687556,13.554147470349998,31.17439721938599,4.295088030025803,4.146574860398926
mechanisms,performance_chasing,20260909,arm1,tv,True,1.001643586104188,6037.043551935961,1.9272777480272816,0.9499953415137555,0.24972996130437172,5.148881596080613,0.10576179407437675,2.842087986487215,1.663871333939262,1.6785063568927887
mechanisms,performance_chasing,20260910,arm1,meta,True,1.0023715138653784,10917.355119780821,2.0364569561784225,1.0088853209204038,0.31051156972663313,5.082685503840105,0.12173750110532819,2.46505029936788,2.9477419815247665,2.8820106347014613
mechanisms,performance_chasing,20260910,arm1,pla,True,1.0023715138653784,10917.355119780821,37.095884586106585,22.97957577379534,24.58673180216086,51.755242442756135,16.924279096862463,28.85477600952113,4.291209356673342,4.154976297995827
mechanisms,performance_chasing,20260910,arm1,tv,True,1.0023715138653784,10917.355119780821,1.9120103441911447,0.9536838064193718,0.28734957900295,5.29054222997869,0.10826143375747718,2.4097521402278597,1.6637237923184611,1.6784783898520508
mechanisms,performance_chasing,20260911,arm1,meta,True,1.0012139975525387,4584.331031823026,1.7692589729188284,0.8739922119387185,0.2143328353274258,3.791491333131426,0.08310338497733129,1.8821969741405835,2.9492075194394087,2.883195957737079
mechanisms,performance_chasing,20260911,arm1,pla,True,1.0012139975525387,4584.331031823026,26.17814730234309,16.061139955179538,1.18912280782622,40.761747326702675,0.579690507141589,24.401856276047365,4.295340393857183,4.158485076863498
mechanisms,performance_chasing,20260911,arm1,tv,True,1.0012139975525387,4584.331031823026,1.90101762382042,0.9473973565033805,0.23561781930601614,6.239221904751431,0.09890317582958336,2.7238966584398883,1.6625159964527418,1.6784682326729539
mechanisms,performance_chasing,20260912,arm1,meta,True,1.0008691890567887,11519.423744566182,2.0768973017583385,1.0389637685859228,0.2861278622592375,5.082311302011492,0.09251216805911759,2.6005401870055334,2.9470246411349903,2.881613063270842
mechanisms,performance_chasing,20260912,arm1,pla,True,1.0008691890567887,11519.423744566182,40.64213874727714,25.0906108462077,27.015853467395836,55.287118357511076,17.88589858669131,32.05396420709205,4.289071246287139,4.1483965207909375
mechanisms,performance_chasing,20260912,arm1,tv,True,1.0008691890567887,11519.423744566182,1.8649641994845563,0.9268147490566295,0.2596113718172196,5.089818049424344,0.09745208574287487,2.415044147072019,1.6622360141231436,1.678473536204923
mechanisms,tv_bursts,20260908,arm1,meta,True,1.0090166851096267,4352.450071422215,2.1373593075700095,1.07444342704477,0.28488194323866906,7.3371045257427,0.11618814013502166,3.1798604042740313,2.9478910760347588,2.8820788829994513
mechanisms,tv_bursts,20260908,arm1,pla,True,1.0090166851096267,4352.450071422215,1.8999560404984164,0.9528784356548193,0.32662829131654686,4.852144302171312,0.11048140541651509,2.8504958983691697,4.309408624341329,4.154118209407462
mechanisms,tv_bursts,20260908,arm1,tv,True,1.0090166851096267,4352.450071422215,2.170990785333391,0.5708726855597687,0.23082942099685974,5.58510004740797,0.058890802226190204,1.7652165762059477,1.5611617572810204,1.6686396936866597
mechanisms,tv_bursts,20260909,arm1,meta,True,1.0374560065543337,670.1179964544015,1.8801972832492,0.9323973388070497,0.30231379333381636,6.042981637801427,0.10596742571284068,2.4887809383706125,2.947537489551566,2.880446927917512
mechanisms,tv_bursts,20260909,arm1,pla,True,1.0374560065543337,670.1179964544015,2.1461462835940135,1.079166414006078,0.32162938114471484,5.439152024815341,0.0894345542277556,3.1594144149795964,4.307344100278896,4.147220200695105
mechanisms,tv_bursts,20260909,arm1,tv,True,1.0374560065543337,670.1179964544015,2.47276067624087,0.6765287936640156,0.32530425792782003,8.634419939357343,0.07410026808315293,2.892495363183643,1.5644408725123478,1.6691579947055617
mechanisms,tv_bursts,20260910,arm1,meta,True,1.0014459914107126,4585.474638190262,1.9057044946962214,0.9425039290304468,0.3279246342434219,5.048904370637932,0.134999799854248,2.2164359779676883,2.9477419815247665,2.8820106347014613
mechanisms,tv_bursts,20260910,arm1,pla,True,1.0014459914107126,4585.474638190262,2.035301265228875,1.0182118906501887,0.34161834498467236,6.3967321369366426,0.11229568729253396,3.1995829186444187,4.309503497520344,4.158863835444871
mechanisms,tv_bursts,20260910,arm1,tv,True,1.0014459914107126,4585.474638190262,2.8717779884464156,0.7839226768229782,0.37130608196722414,9.439890885430582,0.08275109461148365,2.9317158231517793,1.5626211877353788,1.6684767320221985
mechanisms,tv_bursts,20260911,arm1,meta,True,1.0029146227596692,6263.476092434008,1.784787296589838,0.8856896482494098,0.30477030684733186,5.815819108608705,0.10632365177646948,2.3186655153141382,2.9492075194394087,2.883195957737079
mechanisms,tv_bursts,20260911,arm1,pla,True,1.0029146227596692,6263.476092434008,1.6650429614356415,0.8201820894657128,0.3261144153583324,4.003955873596834,0.08532745425378355,2.0730168307172105,4.309486860331124,4.158702688140481
mechanisms,tv_bursts,20260911,arm1,tv,True,1.0029146227596692,6263.476092434008,3.034364146694942,0.8507330440550255,0.3222161368274869,10.1493925781412,0.08752188624028842,3.4388472119842044,1.5573972904735005,1.6685555740207183
mechanisms,tv_bursts,20260912,arm1,meta,True,1.0026338092715559,4130.369932814711,2.050533510498995,1.0282393619286563,0.2670891594878841,5.421044731243172,0.1010640235195657,2.704301539321752,2.9470246411349903,2.881613063270842
mechanisms,tv_bursts,20260912,arm1,pla,True,1.0026338092715559,4130.369932814711,1.8205344622040345,0.8998089728318305,0.29784515400717365,5.080131639751197,0.09130040262603048,2.6011542478337257,4.308712567815476,4.1518276697393475
mechanisms,tv_bursts,20260912,arm1,tv,True,1.0026338092715559,4130.369932814711,3.44407428136964,0.9690388864307149,0.3387564813219102,12.102355974120998,0.07082369930739471,4.7379313775214955,1.5556373052427985,1.6688381995375352
mechanisms,all_four,20260908,arm2a,meta,True,1.0038527802967545,2049.1745781142918,2.754457306832786,1.3250976258811642,0.36203021151336506,7.327610324463326,0.13378320645883454,4.0287057949577685,2.9039797458623555,2.8043164796987585
mechanisms,all_four,20260908,arm2a,pla,True,1.0038527802967545,2049.1745781142918,2.226047434019447,1.0865580644906492,0.502905813043655,5.336563028998383,0.1444971733746821,2.6120565280770074,4.205673788836491,4.00530153697721
mechanisms,all_four,20260908,arm2a,tv,True,1.0038527802967545,2049.1745781142918,2.5195902302890594,0.6817340769827291,0.33770146072043333,7.042290239702369,0.05096925003097973,2.285103717906128,1.5617332391065217,1.6684096432081577
mechanisms,all_four,20260909,arm2a,meta,True,1.004516827827341,2319.1234673306612,2.9160823688377895,1.4041357292192944,0.3245207905127717,8.230156097790305,0.11706088027606201,4.072335238448582,2.903441947764001,2.802644360817236
mechanisms,all_four,20260909,arm2a,pla,True,1.004516827827341,2319.1234673306612,2.978048487023768,1.5177420869809866,0.4996658102680025,5.812231401073823,0.16197864649003374,3.0383456881825532,4.205941503227249,3.997756283104515
mechanisms,all_four,20260909,arm2a,tv,True,1.004516827827341,2319.1234673306612,1.9954798855482556,0.5228311054946827,0.2931549620700678,6.6695863696697355,0.045422876593616344,1.8973765806782226,1.5677262364396267,1.6688654211148841
mechanisms,all_four,20260910,arm2a,meta,True,1.0032283534046709,1487.4319665061512,2.655845221186847,1.272436562122897,0.3724248917821834,6.143682090365035,0.17130757421782714,3.520783312279616,2.907635784884057,2.8070101488634114
mechanisms,all_four,20260910,arm2a,pla,True,1.0032283534046709,1487.4319665061512,1.9315856839893963,0.9298463533895401,0.3792578988805888,4.63140621111482,0.14215577672204863,2.271063238929872,4.211340386105768,4.016354130206488
mechanisms,all_four,20260910,arm2a,tv,True,1.0032283534046709,1487.4319665061512,1.7911993747655284,0.446537149911459,0.2623065584659658,5.518116889834463,0.04524601853949844,1.2933817376106544,1.5626780211964497,1.6681867785887865
mechanisms,all_four,20260911,arm2a,meta,True,1.0053306049871402,3204.4952036586456,2.779257729414016,1.3135175196439626,0.36600591025040696,7.588284266894662,0.12835968293618213,4.58802982332961,2.905771249635852,2.807722931957454
mechanisms,all_four,20260911,arm2a,pla,True,1.0053306049871402,3204.4952036586456,3.4911023044666947,1.8033861557458493,0.45036638736898027,8.554292490310333,0.17271675168043418,4.162553134821892,4.214994016253593,4.02050855146962
mechanisms,all_four,20260911,arm2a,tv,True,1.0053306049871402,3204.4952036586456,2.529799647179827,0.6974440509832728,0.44023997665421427,6.769027547531936,0.06383091172776191,2.511384313367883,1.5601744465690817,1.6683202265426549
mechanisms,all_four,20260912,arm2a,meta,True,1.0101156003454803,2380.934160165993,2.1467402935021713,0.9905884751976124,0.277798952555569,5.638424588235513,0.09388445075554894,2.682526087134416,2.903186020679774,2.8040391267249216
mechanisms,all_four,20260912,arm2a,pla,True,1.0101156003454803,2380.934160165993,1.686309736601163,0.7879282151545333,0.315965562355169,3.8779413867610955,0.08052811460455007,1.7853687123677209,4.2023129224621805,4.002145007324617
mechanisms,all_four,20260912,arm2a,tv,True,1.0101156003454803,2380.934160165993,2.3357604325356434,0.629732934260471,0.28879113933430967,7.821366093220675,0.04996735777318313,2.3880084249323956,1.5549778149907887,1.6684888805141709
mechanisms,anticipatory_spend,20260908,arm2a,meta,True,1.0044734157173552,1389.9330515303861,2.6378495644398057,1.2400547839117266,0.343369028071938,6.55846891615425,0.15154007056216387,3.327780953108411,2.902068726425093,2.803719524735285
mechanisms,anticipatory_spend,20260908,arm2a,pla,True,1.0044734157173552,1389.9330515303861,2.5949745179755945,1.2456173298584132,0.4657689244098573,6.577013017543769,0.14864432704992098,3.309176560025749,4.2082778152247355,3.9992683962614737
mechanisms,anticipatory_spend,20260908,arm2a,tv,True,1.0044734157173552,1389.9330515303861,1.9791985349744239,0.9842244400103114,0.24952257636591413,6.3354045072043705,0.07904644944548637,3.257592428225637,1.6632191141250114,1.6784918424104216
mechanisms,anticipatory_spend,20260909,arm2a,meta,True,1.0049182370400787,2568.4282680443357,2.7498765352298897,1.3047385704507892,0.3835302228725485,7.962044543210239,0.13749952793341952,3.9839539790060368,2.9022812779279774,2.802292011571141
mechanisms,anticipatory_spend,20260909,arm2a,pla,True,1.0049182370400787,2568.4282680443357,6.107766964780435,3.272854452929948,1.2477069380624146,11.853123333768124,0.5698020028957198,5.685082663551109,4.194886678532991,3.9836040021972514
mechanisms,anticipatory_spend,20260909,arm2a,tv,True,1.0049182370400787,2568.4282680443357,1.8786803993460641,0.9247379977576323,0.25978220928493767,6.103946277947674,0.08966584754262555,3.2754885308293673,1.663871333939262,1.6785063568927887
mechanisms,anticipatory_spend,20260910,arm2a,meta,True,1.008110256956336,1670.989776607552,2.1709727853151906,1.0017411810488719,0.3651487839242769,5.1925063934619065,0.14945730782141398,2.8613401457985974,2.907714705054078,2.807113036828301
mechanisms,anticipatory_spend,20260910,arm2a,pla,True,1.008110256956336,1670.989776607552,2.333389815298926,1.1286074037816431,0.4036121054222372,5.838312270385627,0.13273160341175508,3.1737172205954836,4.216531588364098,4.010179465025744
mechanisms,anticipatory_spend,20260910,arm2a,tv,True,1.008110256956336,1670.989776607552,2.108183621686202,1.0599427139932664,0.24951946666158936,5.692191072237647,0.0905606747472012,2.84389785258745,1.6637237923184611,1.6784783898520508
mechanisms,anticipatory_spend,20260911,arm2a,meta,True,1.0048634451234677,2536.64727480225,2.700794590687648,1.2782214452278635,0.33646304034926533,6.300534704480781,0.1487441140074493,3.3578005875091117,2.9043633730733034,2.806527630898091
mechanisms,anticipatory_spend,20260911,arm2a,pla,True,1.0048634451234677,2536.64727480225,2.8972280714764227,1.40307486234419,0.4050504897075326,7.701602801234809,0.11579370743981182,3.6454454176676374,4.210414986892154,4.006532826791804
mechanisms,anticipatory_spend,20260911,arm2a,tv,True,1.0048634451234677,2536.64727480225,1.8899891782907796,0.9385268297968591,0.21179249975496245,6.31246466855417,0.08381208441307794,3.380331500381319,1.6625159964527418,1.6784682326729539
mechanisms,anticipatory_spend,20260912,arm2a,meta,True,1.0032949058690868,2497.0784151275043,4.059086259946598,1.9886347864270681,0.42738110069774843,11.580257368200817,0.13851478956966276,6.93392105378673,2.9023714275065187,2.8039695350082185
mechanisms,anticipatory_spend,20260912,arm2a,pla,True,1.0032949058690868,2497.0784151275043,4.549838663051706,2.351865911386611,0.43021834731815034,11.747258385623708,0.1674244132075939,6.064955790187143,4.207688416877283,3.9963323967825852
mechanisms,anticipatory_spend,20260912,arm2a,tv,True,1.0032949058690868,2497.0784151275043,1.9234537820749662,0.9581673296361239,0.24829169331081496,6.752941020968895,0.10879236204486022,3.1791083637967463,1.6622360141231436,1.678473536204923
mechanisms,budget_feedback,20260908,arm2a,meta,True,1.0069014163436516,1669.944128825033,2.7189674407762934,1.3933086523760518,0.3164667688490293,8.459755869714147,0.14718118176530207,4.694761964967252,2.946887871859854,2.881461021336181
mechanisms,budget_feedback,20260908,arm2a,pla,True,1.0069014163436516,1669.944128825033,2.7423154433284775,1.4057521221369178,0.34984078585178396,7.495922469726033,0.16194934704284958,3.5653699069197824,4.307267671937496,4.152710652363556
mechanisms,budget_feedback,20260908,arm2a,tv,True,1.0069014163436516,1669.944128825033,2.0403799295284686,1.0131618585569742,0.2410761067413152,6.8632093192892505,0.07665099656809825,3.1427465086706987,1.6630242060065947,1.6784829195274513
mechanisms,budget_feedback,20260909,arm2a,meta,True,1.0082946086846647,2177.318134101403,2.051175074454073,1.0192592060885872,0.2616340777295651,5.926426656571852,0.14102583933717674,2.9646992136627905,2.9476928434369194,2.88028435391783
mechanisms,budget_feedback,20260909,arm2a,pla,True,1.0082946086846647,2177.318134101403,3.4094200796720497,1.8003863271845901,0.4344586442625599,9.499441376983995,0.15412746697224566,5.096033832367249,4.307067362636533,4.1469609959965315
mechanisms,budget_feedback,20260909,arm2a,tv,True,1.0082946086846647,2177.318134101403,1.941163340718343,0.9605253033543154,0.21033564834856022,6.428628577815755,0.08229604103899306,2.9894645063234964,1.6645042781615726,1.6785026198927973
mechanisms,budget_feedback,20260910,arm2a,meta,True,1.0090392867681466,1403.660921463897,2.712295079845389,1.3809069565798124,0.37571751106746615,7.312413772603024,0.1503409715319832,4.196989477086571,2.946798646796758,2.8814402405787205
mechanisms,budget_feedback,20260910,arm2a,pla,True,1.0090392867681466,1403.660921463897,2.4492638390489616,1.251838460663302,0.35447395990544805,6.33451797152336,0.1206023903771826,3.2559897754837777,4.3087329769087805,4.158490371573706
mechanisms,budget_feedback,20260910,arm2a,tv,True,1.0090392867681466,1403.660921463897,1.9678973947606635,0.9738695633667868,0.26914488261790154,5.7111052691899316,0.08839055139888786,2.822997281824971,1.6636298388937403,1.6784736888379161
mechanisms,budget_feedback,20260911,arm2a,meta,True,1.0373746447858947,628.7635605416364,2.526673195495691,1.267782298378121,0.27556490719242527,7.358419884670065,0.15210818325193773,4.176655632791333,2.949104827921867,2.883373548797492
mechanisms,budget_feedback,20260911,arm2a,pla,True,1.0373746447858947,628.7635605416364,2.36820791397967,1.1862497223103965,0.27760373582561604,5.99910116855529,0.10361032583452047,2.986090054595773,4.309191437741639,4.159250179758789
mechanisms,budget_feedback,20260911,arm2a,tv,True,1.0373746447858947,628.7635605416364,1.9311967985681218,0.960579666191772,0.26789890332671,5.516326170657233,0.09348909865045041,2.941228869252424,1.6628615399989153,1.6784665725527228
mechanisms,budget_feedback,20260912,arm2a,meta,True,1.0062229353811878,1686.4652167991344,1.813366739408697,0.8909181211659574,0.3274296323042077,4.141159853998017,0.14385563117161465,1.9915962008489594,2.9464748398077996,2.8811393261099396
mechanisms,budget_feedback,20260912,arm2a,pla,True,1.0062229353811878,1686.4652167991344,1.9107952413596168,0.9489854321547405,0.34995082332624977,5.655753002353896,0.10001722761557032,2.858994136686536,4.307305966340155,4.150442629352347
mechanisms,budget_feedback,20260912,arm2a,tv,True,1.0062229353811878,1686.4652167991344,2.066461473564154,1.0343182794235024,0.2602986656307755,7.482497239747405,0.09309000291168795,3.365100177056354,1.662024240961589,1.678463465169645
mechanisms,none,20260908,arm2a,meta,True,1.007840964868853,1537.1691382488823,2.6719137702126448,1.3726159967105935,0.28794113716584346,7.809069831652619,0.12103452308679157,3.935315501625027,2.9478910760347588,2.8820788829994513
mechanisms,none,20260908,arm2a,pla,True,1.007840964868853,1537.1691382488823,2.749420055051872,1.4276429594646907,0.3882140959365351,6.852145684433812,0.1436761960893941,3.6278089015649497,4.309408624341329,4.154118209407462
mechanisms,none,20260908,arm2a,tv,True,1.007840964868853,1537.1691382488823,2.056498199341386,1.025378930017461,0.2422717076151518,6.817386036198764,0.08475082442527782,3.0054159858789067,1.6632191141250114,1.6784918424104216
mechanisms,none,20260909,arm2a,meta,True,1.0045075774417342,2743.239180928232,1.8619912884016567,0.9224070718204166,0.3321487605970097,5.722687168527935,0.11708786463231785,2.6033398655748403,2.947537489551566,2.880446927917512
mechanisms,none,20260909,arm2a,pla,True,1.0045075774417342,2743.239180928232,2.9112897335409333,1.5220531386268912,0.3565603463590074,7.053190896173602,0.15624793052822594,3.157223814605697,4.307344100278896,4.147220200695105
mechanisms,none,20260909,arm2a,tv,True,1.0045075774417342,2743.239180928232,1.9073621052232197,0.9442028993843212,0.2647817901084497,5.648879985517028,0.08972621452649798,2.8452556811804617,1.663871333939262,1.6785063568927887
mechanisms,none,20260910,arm2a,meta,True,1.0154364269652758,1325.6774442820852,2.7438838031575226,1.3987640503194596,0.3245493853613067,9.186315198245715,0.1434649851799664,4.495327943805384,2.9477419815247665,2.8820106347014613
mechanisms,none,20260910,arm2a,pla,True,1.0154364269652758,1325.6774442820852,2.296363097571083,1.1547595155799397,0.3453278932315805,6.373706715253146,0.1178237356473798,2.9613460524748785,4.309503497520344,4.158863835444871
mechanisms,none,20260910,arm2a,tv,True,1.0154364269652758,1325.6774442820852,1.9410264661812375,0.9738248697573432,0.23679734119749407,6.25469823462019,0.09424410541749012,2.9616196352327786,1.6637237923184611,1.6784783898520508
mechanisms,none,20260911,arm2a,meta,True,1.006713549546466,1349.3162720531934,2.2409307456491234,1.12518812231445,0.2785856884921373,5.653747174836769,0.13807150254447223,3.2405259977501473,2.9492075194394087,2.883195957737079
mechanisms,none,20260911,arm2a,pla,True,1.006713549546466,1349.3162720531934,1.919476838744049,0.9496830802855866,0.28984644646413127,4.975865991838955,0.0982046408223108,2.2853012154521353,4.309486860331124,4.158702688140481
mechanisms,none,20260911,arm2a,tv,True,1.006713549546466,1349.3162720531934,1.917970920496453,0.95686195163945,0.24076776827650703,5.692069644787714,0.0776772550611435,2.7504267117113783,1.6625159964527418,1.6784682326729539
mechanisms,none,20260912,arm2a,meta,True,1.0105329712159756,1676.747916061309,1.7176946184131199,0.8360457718799393,0.2718134317714973,3.832957623665001,0.12316812381761763,1.8151165626072419,2.9470246411349903,2.881613063270842
mechanisms,none,20260912,arm2a,pla,True,1.0105329712159756,1676.747916061309,1.7374810565239642,0.8529204129791242,0.2704887108642429,4.731096626836307,0.08511228817676958,2.623593681113261,4.308712567815476,4.1518276697393475
mechanisms,none,20260912,arm2a,tv,True,1.0105329712159756,1676.747916061309,1.9755947234311393,0.9825177100568839,0.22912215674027325,6.141428761978208,0.08112866344009868,2.8400323371558858,1.6622360141231436,1.678473536204923
mechanisms,performance_chasing,20260908,arm2a,meta,True,1.007840071522391,1739.2275205125936,2.7046243273566377,1.381162690442463,0.3472817293580987,8.340934727910069,0.13944132315685406,4.028243151536551,2.9478910760347588,2.8820788829994513
mechanisms,performance_chasing,20260908,arm2a,pla,True,1.007840071522391,1739.2275205125936,2.891105885766931,1.4593198881342062,0.41981969740257824,6.502133318488799,0.14370144562657888,3.111134244435105,4.29041791942621,4.149574999118227
mechanisms,performance_chasing,20260908,arm2a,tv,True,1.007840071522391,1739.2275205125936,2.017694169285603,1.0091359618591589,0.27937414530473237,7.1861967180046475,0.09223734217240886,3.217993358619867,1.6632191141250114,1.6784918424104216
mechanisms,performance_chasing,20260909,arm2a,meta,True,1.0026485248873511,2973.2327363020895,1.8320827130346637,0.9009723260218019,0.26199017324772966,4.678471600014189,0.1164080733880637,2.457550750220673,2.947537489551566,2.880446927917512
mechanisms,performance_chasing,20260909,arm2a,pla,True,1.0026485248873511,2973.2327363020895,2.393611525730901,1.1768774829897544,0.37532795167698196,6.365756367533399,0.1190773728567021,2.897095725908493,4.295088030025803,4.146574860398926
mechanisms,performance_chasing,20260909,arm2a,tv,True,1.0026485248873511,2973.2327363020895,1.926140942774059,0.9552895555304858,0.2742019795231039,6.117255152903146,0.106982661357495,2.853947843353468,1.663871333939262,1.6785063568927887
mechanisms,performance_chasing,20260910,arm2a,meta,True,1.0033614783856106,1442.8228258848542,2.588943459981745,1.312152952056229,0.2824299013205474,8.567207954052307,0.11133511912940341,4.678724070701295,2.9477419815247665,2.8820106347014613
mechanisms,performance_chasing,20260910,arm2a,pla,True,1.0033614783856106,1442.8228258848542,2.018233512472507,0.9668309824521347,0.3129219086089389,4.77915137483748,0.10133751934991417,2.2858682425734735,4.291209356673342,4.154976297995827
mechanisms,performance_chasing,20260910,arm2a,tv,True,1.0033614783856106,1442.8228258848542,2.00036789444412,1.0026902509321713,0.21624061565473704,5.951932112187414,0.07862673309132011,2.9797085097520344,1.6637237923184611,1.6784783898520508
mechanisms,performance_chasing,20260911,arm2a,meta,True,1.0034475776904301,1495.946666254293,2.2437192919670124,1.1254303606934342,0.28907965088981163,5.5914630026143275,0.13188638815991868,3.354931718541144,2.9492075194394087,2.883195957737079
mechanisms,performance_chasing,20260911,arm2a,pla,True,1.0034475776904301,1495.946666254293,2.2545863655639877,1.1020211700256852,0.386320084109905,5.459564435824271,0.09683527203969412,2.6079229679566005,4.295340393857183,4.158485076863498
mechanisms,performance_chasing,20260911,arm2a,tv,True,1.0034475776904301,1495.946666254293,1.9135880469961446,0.9541531369054131,0.23590450920980835,6.143504292598448,0.08239871049115419,2.893437308996349,1.6625159964527418,1.6784682326729539
mechanisms,performance_chasing,20260912,arm2a,meta,True,1.0051354150328708,1763.738943767945,1.7374279440522713,0.8490750500387966,0.2884244332739862,3.672603544961674,0.1298939689225723,1.7856088086598063,2.9470246411349903,2.881613063270842
mechanisms,performance_chasing,20260912,arm2a,pla,True,1.0051354150328708,1763.738943767945,1.7808264283458803,0.8473388856868411,0.3179347935002337,4.62115737079008,0.09921524160525648,2.5153464753572092,4.289071246287139,4.1483965207909375
mechanisms,performance_chasing,20260912,arm2a,tv,True,1.0051354150328708,1763.738943767945,1.993028560495975,0.9916298431795536,0.23268314691848582,6.396817960467631,0.07977271898152856,3.4166120947423804,1.6622360141231436,1.678473536204923
mechanisms,tv_bursts,20260908,arm2a,meta,True,1.0084043565492844,1492.7314299432846,2.7031014677186085,1.3853921688680975,0.35798672054484953,8.281760867647083,0.13255106809708683,4.233563664393565,2.9478910760347588,2.8820788829994513
mechanisms,tv_bursts,20260908,arm2a,pla,True,1.0084043565492844,1492.7314299432846,2.5721400128138554,1.3249076024422408,0.3330792816756054,6.54232470900296,0.12282853759494995,3.620390812624432,4.309408624341329,4.154118209407462
mechanisms,tv_bursts,20260908,arm2a,tv,True,1.0084043565492844,1492.7314299432846,2.2229403176436744,0.5950723753155405,0.3619255390076103,6.825923942760357,0.059465201218405046,1.570790263637466,1.5611617572810204,1.6686396936866597
mechanisms,tv_bursts,20260909,arm2a,meta,True,1.0019448741784909,2393.766486293095,1.7666532758190663,0.8712605414845273,0.24580096922373237,3.7668408866501633,0.11684364484821422,1.943941095002762,2.947537489551566,2.880446927917512
mechanisms,tv_bursts,20260909,arm2a,pla,True,1.0019448741784909,2393.766486293095,2.765369333971681,1.445844354092809,0.341547569350777,7.515445110948084,0.14064684745920822,3.6159503026747912,4.307344100278896,4.147220200695105
mechanisms,tv_bursts,20260909,arm2a,tv,True,1.0019448741784909,2393.766486293095,2.977092009884837,0.8791947178305141,0.38037210599030424,9.399179410795783,0.06314295448293676,2.8207331764025394,1.5644408725123478,1.6691579947055617
mechanisms,tv_bursts,20260910,arm2a,meta,True,1.0045485811517052,1289.6987777001161,2.855556005088371,1.4595660566296886,0.290575111976803,8.266413372479525,0.12135282950643371,4.540437984207309,2.9477419815247665,2.8820106347014613
mechanisms,tv_bursts,20260910,arm2a,pla,True,1.0045485811517052,1289.6987777001161,2.272723847459413,1.1484687741784665,0.335704820152024,6.584086437514879,0.11299916708692369,3.448237751937751,4.309503497520344,4.158863835444871
mechanisms,tv_bursts,20260910,arm2a,tv,True,1.0045485811517052,1289.6987777001161,2.052820559974498,0.5493194676195331,0.2588477519962402,5.225517512443729,0.05368294083417774,1.4044943177129563,1.5626211877353788,1.6684767320221985
mechanisms,tv_bursts,20260911,arm2a,meta,True,1.0067462302025354,1310.49086065882,2.207520948671534,1.1072768432642885,0.2847415346015816,5.947861985318078,0.11626649326886224,3.0028235085633064,2.9492075194394087,2.883195957737079
mechanisms,tv_bursts,20260911,arm2a,pla,True,1.0067462302025354,1310.49086065882,1.9277099039535281,0.956245575552773,0.33548026027246364,4.952243979388584,0.11399150604665896,2.4122455745012292,4.309486860331124,4.158702688140481
mechanisms,tv_bursts,20260911,arm2a,tv,True,1.0067462302025354,1310.49086065882,2.7109880172893295,0.7691021774943313,0.3460589011905267,8.696746611645093,0.06399049983249788,2.6988039421785976,1.5573972904735005,1.6685555740207183
mechanisms,tv_bursts,20260912,arm2a,meta,True,1.0048837427499078,1738.4123744900307,1.7611528735750805,0.8573755716522896,0.27332650262697444,4.868032203163907,0.11603936727944272,2.6394858334116638,2.9470246411349903,2.881613063270842
mechanisms,tv_bursts,20260912,arm2a,pla,True,1.0048837427499078,1738.4123744900307,1.724725774764579,0.842042311809397,0.29114125235567606,5.018927283005466,0.10142222002782464,2.440386659840709,4.308712567815476,4.1518276697393475
mechanisms,tv_bursts,20260912,arm2a,tv,True,1.0048837427499078,1738.4123744900307,2.4710338057421355,0.6791035784143857,0.34795172661893375,7.201347993258009,0.053906770663543054,1.974910535131474,1.5556373052427985,1.6688381995375352
mechanisms,all_four,20260908,step1,meta,True,1.0261513791178878,1388.1199721524104,7.314618613678156,9.73326939979315,0.3999687630908151,12.143623910243305,0.12905014690687514,31.666728012775554,2.9039797458623555,2.8043164796987585
mechanisms,all_four,20260908,step1,pla,True,1.0261513791178878,1388.1199721524104,5.704769092261633,19.451248792333683,1.734767258980719,9.975421320951888,6.12394583969238,24.168736334788623,4.205673788836491,4.00530153697721
mechanisms,all_four,20260908,step1,tv,True,1.0261513791178878,1388.1199721524104,1.8205844362597612,0.28752436410256066,0.37473584037115565,4.9054119116048716,0.0030580188586042654,1.2376858233100974,1.5617332391065217,1.6684096432081577
mechanisms,all_four,20260909,step1,meta,True,1.0316122288717247,908.6898553400708,2.728909319461472,2.185545939063718,0.33648446795344544,5.5153074471233925,0.0680808569272058,7.280643338900432,2.903441947764001,2.802644360817236
mechanisms,all_four,20260909,step1,pla,True,1.0316122288717247,908.6898553400708,8.250117570793806,30.256904934703662,3.6153971090296015,12.173227101495263,18.313601091560322,31.465521793734688,4.205941503227249,3.997756283104515
mechanisms,all_four,20260909,step1,tv,True,1.0316122288717247,908.6898553400708,2.1057335841278415,0.4275415067476191,0.3712091042556651,5.848715392673949,0.0054694530075045985,2.016606661480133,1.5677262364396267,1.6688654211148841
mechanisms,all_four,20260910,step1,meta,True,1.0006470453551608,12988.07717266085,3.004530798265214,2.829982102392077,0.35982609645328045,6.79846952121218,0.08004980504795785,13.426575041121572,2.907635784884057,2.8070101488634114
mechanisms,all_four,20260910,step1,pla,True,1.0006470453551608,12988.07717266085,6.656112944944811,22.25701592106058,3.1248236023302773,11.128695132673705,13.855662544787139,27.162440641572058,4.211340386105768,4.016354130206488
mechanisms,all_four,20260910,step1,tv,True,1.0006470453551608,12988.07717266085,2.0045688693431702,0.3541338898475139,0.33363290127292794,5.384128714572061,0.004735183468126352,1.6064599430724553,1.5626780211964497,1.6681867785887865
mechanisms,all_four,20260911,step1,meta,True,1.0074684702883379,1188.8410427066387,5.843135326099585,6.352291070776221,0.2838272475946588,10.738279549370164,0.08209233890339339,24.137879837682732,2.905771249635852,2.807722931957454
mechanisms,all_four,20260911,step1,pla,True,1.0074684702883379,1188.8410427066387,7.933640684613349,26.19444906585476,2.84689829506355,12.40486918065522,10.872424487375802,30.023868983899163,4.214994016253593,4.02050855146962
mechanisms,all_four,20260911,step1,tv,True,1.0074684702883379,1188.8410427066387,2.0378474056331632,0.3740006309044409,0.36122841405810235,5.936791176883737,0.004451402388150551,1.5409017827060054,1.5601744465690817,1.6683202265426549
mechanisms,all_four,20260912,step1,meta,True,1.005140310977262,1430.8594435922485,14.877957740847728,31.619847470330388,0.49396970918081967,20.58674057229159,0.24595005330231073,61.246309362575396,2.903186020679774,2.8040391267249216
mechanisms,all_four,20260912,step1,pla,True,1.005140310977262,1430.8594435922485,7.607246944259286,24.164951996161495,0.9144964560689519,11.69874095875599,0.8836259717722571,29.977704416851328,4.2023129224621805,4.002145007324617
mechanisms,all_four,20260912,step1,tv,True,1.005140310977262,1430.8594435922485,2.0653464617247757,0.40297716569728526,0.30096813961269114,5.065571517444352,0.0013729910443856608,1.6412621440598316,1.5549778149907887,1.6684888805141709
mechanisms,anticipatory_spend,20260908,step1,meta,True,1.0232546478634,623.0935032202987,13.401492623509728,46.231825357044244,1.2637516801933433,20.24973504293969,0.9087592554929136,52.324715345350974,2.902068726425093,2.803719524735285
mechanisms,anticipatory_spend,20260908,step1,pla,True,1.0232546478634,623.0935032202987,5.043267221599344,4.339180937073702,0.2684620976223489,9.361432325025559,0.03482535681833289,30.81174966105433,4.2082778152247355,3.9992683962614737
mechanisms,anticipatory_spend,20260908,step1,tv,True,1.0232546478634,623.0935032202987,2.813542461115043,2.767093556828326,0.26172070651863083,5.962145990873914,0.03474718281043465,5.08141443385561,1.6632191141250114,1.6784918424104216
mechanisms,anticipatory_spend,20260909,step1,meta,False,3.1268238607656937,9.000100068746269,,,,,,,2.9022812779279774,2.802292011571141
mechanisms,anticipatory_spend,20260909,step1,pla,False,3.1268238607656937,9.000100068746269,,,,,,,4.194886678532991,3.9836040021972514
mechanisms,anticipatory_spend,20260909,step1,tv,False,3.1268238607656937,9.000100068746269,,,,,,,1.663871333939262,1.6785063568927887
mechanisms,anticipatory_spend,20260910,step1,meta,True,1.0048590989381543,6031.42264848523,2.028481849940105,1.4690638153070765,0.39765960291673247,4.648055163435576,0.08734327669799948,4.476894975547366,2.907714705054078,2.807113036828301
mechanisms,anticipatory_spend,20260910,step1,pla,True,1.0048590989381543,6031.42264848523,10.784576237328235,37.38039698247264,4.858375419996273,15.60604225817524,24.44656817055585,38.84101535923754,4.216531588364098,4.010179465025744
mechanisms,anticipatory_spend,20260910,step1,tv,True,1.0048590989381543,6031.42264848523,2.60089319179583,2.5460453952023725,0.3229249117344359,5.839790281533365,0.07870831702349153,6.217021530649459,1.6637237923184611,1.6784783898520508
mechanisms,anticipatory_spend,20260911,step1,meta,True,1.0129572633045383,532.7938404603589,12.223695273944664,55.29569735057177,1.3246696709680454,16.20534464570162,1.057797337809791,61.7131106667968,2.9043633730733034,2.806527630898091
mechanisms,anticipatory_spend,20260911,step1,pla,True,1.0129572633045383,532.7938404603589,4.422276404262999,3.6613933129100804,0.3216650140374538,6.176332618867813,0.03258621422404437,34.14224678061798,4.210414986892154,4.006532826791804
mechanisms,anticipatory_spend,20260911,step1,tv,True,1.0129572633045383,532.7938404603589,2.882283788746459,2.873474744927847,0.2369826341999207,6.149015326469279,0.08090719841374706,8.614107072882701,1.6625159964527418,1.6784682326729539
mechanisms,anticipatory_spend,20260912,step1,meta,False,4.068577847237533,8.425399634323712,,,,,,,2.9023714275065187,2.8039695350082185
mechanisms,anticipatory_spend,20260912,step1,pla,False,4.068577847237533,8.425399634323712,,,,,,,4.207688416877283,3.9963323967825852
mechanisms,anticipatory_spend,20260912,step1,tv,False,4.068577847237533,8.425399634323712,,,,,,,1.6622360141231436,1.678473536204923
mechanisms,budget_feedback,20260908,step1,meta,False,1.0824080103116227,328.4419346262732,,,,,,,2.946887871859854,2.881461021336181
mechanisms,budget_feedback,20260908,step1,pla,False,1.0824080103116227,328.4419346262732,,,,,,,4.307267671937496,4.152710652363556
mechanisms,budget_feedback,20260908,step1,tv,False,1.0824080103116227,328.4419346262732,,,,,,,1.6630242060065947,1.6784829195274513
mechanisms,budget_feedback,20260909,step1,meta,True,1.0051829156348169,5361.007704780363,2.441818342995051,2.359050633350344,0.2620262562149279,5.2702391781401055,0.0730530823423773,4.870084478527131,2.9476928434369194,2.88028435391783
mechanisms,budget_feedback,20260909,step1,pla,True,1.0051829156348169,5361.007704780363,2.488864034010675,2.455378078890205,0.299820671843813,4.611305687139941,0.05063952206265672,7.002735470154193,4.307067362636533,4.1469609959965315
mechanisms,budget_feedback,20260909,step1,tv,True,1.0051829156348169,5361.007704780363,2.9821024899582143,2.9182392569145215,0.2173247841651014,5.93521856036541,0.08681556658060276,7.8555466180506865,1.6645042781615726,1.6785026198927973
mechanisms,budget_feedback,20260910,step1,meta,True,1.0021509613500217,2895.047359318634,2.331523829540783,2.158295608036554,0.2592278395639085,4.223891398926968,0.05587529699527513,4.122329250123798,2.946798646796758,2.8814402405787205
mechanisms,budget_feedback,20260910,step1,pla,True,1.0021509613500217,2895.047359318634,2.946700710835889,3.0626847987051526,0.30912456974425434,5.8520838955076515,0.0855407022608917,8.089385865560653,4.3087329769087805,4.158490371573706
mechanisms,budget_feedback,20260910,step1,tv,True,1.0021509613500217,2895.047359318634,2.7269402740247926,2.627976714416132,0.20987822261123096,5.604980458738246,0.11537648516694375,6.910835807509377,1.6636298388937403,1.6784736888379161
mechanisms,budget_feedback,20260911,step1,meta,True,1.0007138819798969,11326.772195235482,2.1640698022357316,1.9830178338100208,0.2650564289737655,5.099351403792083,0.08114509180038747,3.8499248913595987,2.949104827921867,2.883373548797492
mechanisms,budget_feedback,20260911,step1,pla,True,1.0007138819798969,11326.772195235482,1.8737181509232081,1.6404045117576749,0.28758389415904617,3.9190075205489383,0.04056712079016146,4.737798114522663,4.309191437741639,4.159250179758789
mechanisms,budget_feedback,20260911,step1,tv,True,1.0007138819798969,11326.772195235482,2.7808831636248437,2.7223771463098307,0.23837642259576755,5.708350417694647,0.09037159611161415,7.874569866545694,1.6628615399989153,1.6784665725527228
mechanisms,budget_feedback,20260912,step1,meta,True,1.0029937788999166,7235.617813818947,2.8862605162690143,2.952560033757076,0.28901089449976464,4.949095406445888,0.07880617555712294,5.839693658608197,2.9464748398077996,2.8811393261099396
mechanisms,budget_feedback,20260912,step1,pla,True,1.0029937788999166,7235.617813818947,2.1882698698070007,2.0188422928677325,0.28634351117892276,4.459127557385782,0.04136366464287136,6.025352630550931,4.307305966340155,4.150442629352347
mechanisms,budget_feedback,20260912,step1,tv,True,1.0029937788999166,7235.617813818947,2.9211801383856537,2.846926759416708,0.24333554548719788,5.508573672305587,0.09955131944782926,7.014875130927577,1.662024240961589,1.678463465169645
mechanisms,none,20260908,step1,meta,True,1.0093877332329386,1401.226138829236,6.453569784562754,7.441694024004431,0.37524567069276127,9.649555600126345,0.15028299421495334,15.832982509023502,2.9478910760347588,2.8820788829994513
mechanisms,none,20260908,step1,pla,True,1.0093877332329386,1401.226138829236,3.5657912882217597,3.861855398048211,0.3184529899924049,7.2661632838468515,0.09813571047492155,11.093641103920893,4.309408624341329,4.154118209407462
mechanisms,none,20260908,step1,tv,True,1.0093877332329386,1401.226138829236,2.8458060387331203,2.827144468693822,0.31031031454471536,5.774215008236814,0.05244428437385227,7.208866083393144,1.6632191141250114,1.6784918424104216
mechanisms,none,20260909,step1,meta,True,1.0024896223830826,3543.9526001303343,2.716654524059408,2.6681735413913183,0.26849560598716055,4.866558686261033,0.07016357134553836,5.904878670756301,2.947537489551566,2.880446927917512
mechanisms,none,20260909,step1,pla,True,1.0024896223830826,3543.9526001303343,2.71955233120422,2.7817394408141833,0.330256668156384,5.49435875216265,0.05392015554204531,6.500654968956248,4.307344100278896,4.147220200695105
mechanisms,none,20260909,step1,tv,True,1.0024896223830826,3543.9526001303343,2.820550688424576,2.7746117138801534,0.24887459594287456,6.532914124441262,0.09065518738768269,7.732455159589493,1.663871333939262,1.6785063568927887
mechanisms,none,20260910,step1,meta,True,1.0067120695222238,2657.151321306779,3.085212790827051,2.98404333268257,0.37500110995021574,4.260708081234107,0.12372015814038188,5.5894045132326715,2.9477419815247665,2.8820106347014613
mechanisms,none,20260910,step1,pla,True,1.0067120695222238,2657.151321306779,8.147834231340086,10.136862417372889,0.4323103207488564,8.133464714457682,0.1450552172308343,19.630114193484882,4.309503497520344,4.158863835444871
mechanisms,none,20260910,step1,tv,True,1.0067120695222238,2657.151321306779,2.8317480271040845,2.8348150554900444,0.2928962696110283,5.1235504139575125,0.0949562826089796,5.945458669026747,1.6637237923184611,1.6784783898520508
mechanisms,none,20260911,step1,meta,True,1.0043905315595016,7498.085505155933,2.3250670745892537,2.1847322998284615,0.2752039458792624,4.916610141721996,0.08428421321722722,4.8855199300768755,2.9492075194394087,2.883195957737079
mechanisms,none,20260911,step1,pla,True,1.0043905315595016,7498.085505155933,2.166674428111548,1.9399733651580617,0.24670346596677148,4.0970527607576175,0.05877836738056767,4.595275461559636,4.309486860331124,4.158702688140481
mechanisms,none,20260911,step1,tv,True,1.0043905315595016,7498.085505155933,3.2230680953708926,3.1957261230808003,0.23199698390621015,5.612641446204751,0.10476619096009841,7.972384061367781,1.6625159964527418,1.6784682326729539
mechanisms,none,20260912,step1,meta,True,1.0052354436941324,5415.147434939813,4.700130382053545,5.147658800868271,0.30079795024995437,7.455607026900647,0.09027709356295487,9.133753857563216,2.9470246411349903,2.881613063270842
mechanisms,none,20260912,step1,pla,True,1.0052354436941324,5415.147434939813,2.404155716468025,2.3219567641855408,0.33310442429762854,4.622466676755012,0.07659020997292613,6.118820765408298,4.308712567815476,4.1518276697393475
mechanisms,none,20260912,step1,tv,True,1.0052354436941324,5415.147434939813,2.7826473975340233,2.7086955271736994,0.22210062075393366,5.629146547148263,0.09723627366854218,7.701349888839957,1.6622360141231436,1.678473536204923
mechanisms,performance_chasing,20260908,step1,meta,True,1.0051088705407647,7219.954330975915,4.815454244521576,5.3280424991910085,0.3227048403071226,7.329375089925091,0.14265193470439755,18.671316788153426,2.9478910760347588,2.8820788829994513
mechanisms,performance_chasing,20260908,step1,pla,True,1.0051088705407647,7219.954330975915,8.780403942233514,22.71158525670958,1.1654253892570603,18.488939630995283,6.068559113537792,24.60318359805771,4.29041791942621,4.149574999118227
mechanisms,performance_chasing,20260908,step1,tv,True,1.0051088705407647,7219.954330975915,2.717362721719572,2.695735507306372,0.2495018806063258,5.071845935764337,0.07064788236970014,6.660158215089098,1.6632191141250114,1.6784918424104216
mechanisms,performance_chasing,20260909,step1,meta,True,1.0008331955944274,8347.591214544122,2.7008823376191837,2.639211934761835,0.2918083514273592,4.097172906371595,0.1276855227354016,5.5375841456132715,2.947537489551566,2.880446927917512
mechanisms,performance_chasing,20260909,step1,pla,True,1.0008331955944274,8347.591214544122,14.57889643698828,28.2880249022809,5.493243206509087,25.969295551262803,14.904117950122432,34.80314073333511,4.295088030025803,4.146574860398926
mechanisms,performance_chasing,20260909,step1,tv,True,1.0008331955944274,8347.591214544122,2.88392153102804,2.818148723504051,0.24736486188318127,6.0392874761375195,0.05760519632238953,5.468536685282339,1.663871333939262,1.6785063568927887
mechanisms,performance_chasing,20260910,step1,meta,True,1.0015512911940085,6613.591991613091,3.0012318229768176,2.9789524703336405,0.3308445789190149,5.403577389293437,0.1241189626146162,6.127998685234692,2.9477419815247665,2.8820106347014613
mechanisms,performance_chasing,20260910,step1,pla,True,1.0015512911940085,6613.591991613091,8.54796828887647,21.33228095379609,2.2165258528123086,16.888416682125754,8.914696721086493,27.230645896642116,4.291209356673342,4.154976297995827
mechanisms,performance_chasing,20260910,step1,tv,True,1.0015512911940085,6613.591991613091,2.780952794735468,2.739007401342113,0.2789403089939682,7.028968564272212,0.07145420858642233,7.004328301745753,1.6637237923184611,1.6784783898520508
mechanisms,performance_chasing,20260911,step1,meta,True,1.000755748656856,8051.858899903435,2.442736873237235,2.2871362899925844,0.2664224675385423,4.93076672963075,0.07103415914065574,3.8093454932585464,2.9492075194394087,2.883195957737079
mechanisms,performance_chasing,20260911,step1,pla,True,1.000755748656856,8051.858899903435,4.511814399271776,16.30134420465436,0.7771787995695285,10.699661115965968,4.648640860994895,21.267564861698673,4.295340393857183,4.158485076863498
mechanisms,performance_chasing,20260911,step1,tv,True,1.000755748656856,8051.858899903435,2.8204792495051136,2.800826406367866,0.26627056404480015,4.97227341479184,0.05723341852370675,7.344775179283485,1.6625159964527418,1.6784682326729539
mechanisms,performance_chasing,20260912,step1,meta,True,1.0022909976422971,4191.238330514616,3.6887586746876453,3.931179435842188,0.33192004891926735,6.044225584248396,0.1558989555325718,8.50533693330429,2.9470246411349903,2.881613063270842
mechanisms,performance_chasing,20260912,step1,pla,True,1.0022909976422971,4191.238330514616,9.568771632964896,23.996261276133094,2.7000048032554136,19.010629795414285,12.06763229738331,31.054849895369983,4.289071246287139,4.1483965207909375
mechanisms,performance_chasing,20260912,step1,tv,True,1.0022909976422971,4191.238330514616,2.7734113813089785,2.6933720121453266,0.269775407939477,5.976016283230394,0.0751520707171647,6.073439938957585,1.6622360141231436,1.678473536204923
mechanisms,tv_bursts,20260908,step1,meta,True,1.0013079381472956,7303.966774986314,5.697353438569896,6.42647527824033,0.3840504429542148,8.423100707140666,0.13663058703906417,18.88049572260099,2.9478910760347588,2.8820788829994513
mechanisms,tv_bursts,20260908,step1,pla,True,1.0013079381472956,7303.966774986314,3.1018895663464505,3.302495071629688,0.29930659328780596,6.835670568031279,0.07560032490645074,8.446626896847182,4.309408624341329,4.154118209407462
mechanisms,tv_bursts,20260908,step1,tv,True,1.0013079381472956,7303.966774986314,2.8113152697585777,0.6594222141448458,0.3604054299126455,8.668407049572961,0.008486571504091588,4.104725988129217,1.5611617572810204,1.6686396936866597
mechanisms,tv_bursts,20260909,step1,meta,True,1.000915523065169,8265.434124702664,2.665635188705279,2.6134493695284298,0.29357851599845686,4.478968982487722,0.07276409958480458,4.362868081065887,2.947537489551566,2.880446927917512
mechanisms,tv_bursts,20260909,step1,pla,True,1.000915523065169,8265.434124702664,2.622195208972603,2.6698071121819256,0.3361775003155371,4.700011982450349,0.04962454599522039,6.282529650099427,4.307344100278896,4.147220200695105
mechanisms,tv_bursts,20260909,step1,tv,True,1.000915523065169,8265.434124702664,3.441522044688006,0.9219066420869022,0.3751280010872307,11.165202663427918,0.021833209213909122,4.687838589780934,1.5644408725123478,1.6691579947055617
mechanisms,tv_bursts,20260910,step1,meta,True,1.0015053422016438,7502.919159857534,2.72265281162554,2.6630689046349043,0.32429496475002056,4.551549240856192,0.11383530019695007,4.996698608371493,2.9477419815247665,2.8820106347014613
mechanisms,tv_bursts,20260910,step1,pla,True,1.0015053422016438,7502.919159857534,10.000325919147143,12.42199256562835,0.3150019602909157,9.209055679594856,0.16015385601267018,20.18891622965099,4.309503497520344,4.158863835444871
mechanisms,tv_bursts,20260910,step1,tv,True,1.0015053422016438,7502.919159857534,3.856115907349389,1.0798609947541458,0.4391479077401807,12.19917777200868,0.011031379761597501,7.209475799601015,1.5626211877353788,1.6684767320221985
mechanisms,tv_bursts,20260911,step1,meta,True,1.0031117851155984,7387.35961649587,2.39156211536148,2.264253522864677,0.26221342024766586,4.321450872611061,0.06818337708077729,4.664464726101593,2.9492075194394087,2.883195957737079
mechanisms,tv_bursts,20260911,step1,pla,True,1.0031117851155984,7387.35961649587,2.008442003043677,1.808843443402353,0.27297973278033133,4.123328602840721,0.05411629336888489,4.663650116763822,4.309486860331124,4.158702688140481
mechanisms,tv_bursts,20260911,step1,tv,True,1.0031117851155984,7387.35961649587,4.953121942555393,1.647610973434189,0.5774837770951897,16.335914840226536,0.03772760475464023,8.671309722002574,1.5573972904735005,1.6685555740207183
mechanisms,tv_bursts,20260912,step1,meta,False,1.2626671733242447,99.71047493322837,,,,,,,2.9470246411349903,2.881613063270842
mechanisms,tv_bursts,20260912,step1,pla,False,1.2626671733242447,99.71047493322837,,,,,,,4.308712567815476,4.1518276697393475
mechanisms,tv_bursts,20260912,step1,tv,False,1.2626671733242447,99.71047493322837,,,,,,,1.5556373052427985,1.6688381995375352
strength,performance_chasing_0p2,20260908,arm1,meta,False,1.0313526373884407,252.12549538067591,,,,,,,2.9478910760347588,2.8820788829994513
strength,performance_chasing_0p2,20260908,arm1,pla,False,1.0313526373884407,252.12549538067591,,,,,,,4.307901253181339,4.152985841163127
strength,performance_chasing_0p2,20260908,arm1,tv,False,1.0313526373884407,252.12549538067591,,,,,,,1.6632191141250114,1.6784918424104216
strength,performance_chasing_0p2,20260909,arm1,meta,True,1.0050959242469295,2819.805490479531,1.8557530997136902,0.9262401815944078,0.26406182521042015,5.862561401216342,0.10323599050931467,2.491804694559899,2.947537489551566,2.880446927917512
strength,performance_chasing_0p2,20260909,arm1,pla,True,1.0050959242469295,2819.805490479531,2.273806350376252,1.1605409342479727,0.3104273859661287,6.933117218934504,0.11409994652341814,3.608986438364022,4.306870018263159,4.147058933338421
strength,performance_chasing_0p2,20260909,arm1,tv,True,1.0050959242469295,2819.805490479531,1.9116900158075698,0.9417099466150138,0.28384544150926,5.4615699043264785,0.10391732888390208,3.057780240900062,1.663871333939262,1.6785063568927887
strength,performance_chasing_0p2,20260910,arm1,meta,True,1.006846149121793,1074.9768076487073,1.9023706710012538,0.944325935887121,0.2490612682493805,5.071417825511599,0.10676489838733941,2.1531807496756943,2.9477419815247665,2.8820106347014613
strength,performance_chasing_0p2,20260910,arm1,pla,True,1.006846149121793,1074.9768076487073,16.855271099739884,9.573449474836066,0.4325350595163843,49.14064902127296,0.18915340160847094,30.498958001807793,4.308050086814237,4.157894525515403
strength,performance_chasing_0p2,20260910,arm1,tv,True,1.006846149121793,1074.9768076487073,1.9181055545458336,0.9588519923318393,0.20929431414356364,5.867571154502423,0.07091422087155339,2.838028986220526,1.6637237923184611,1.6784783898520508
strength,performance_chasing_0p2,20260911,arm1,meta,True,1.0041629076640448,6385.687783408485,1.7908688179804864,0.8904712174955903,0.30808408388315106,4.451820298160659,0.11664580695503618,1.9656564567027146,2.9492075194394087,2.883195957737079
strength,performance_chasing_0p2,20260911,arm1,pla,True,1.0041629076640448,6385.687783408485,1.9808757492599987,0.9958824150183188,0.3331669351086346,6.306747036784644,0.12274741126372861,2.8849778338048813,4.308806021883551,4.158648293454925
strength,performance_chasing_0p2,20260911,arm1,tv,True,1.0041629076640448,6385.687783408485,1.915349209474303,0.9477101548773564,0.21949677304958137,5.72928098956431,0.0966507229656753,3.0283504243649024,1.6625159964527418,1.6784682326729539
strength,performance_chasing_0p2,20260912,arm1,meta,True,1.0212278847174794,1636.7666146304614,2.0593673623723707,1.0257122305492539,0.34285244843619445,5.826297758605137,0.12681210856604086,2.684869477410912,2.9470246411349903,2.881613063270842
strength,performance_chasing_0p2,20260912,arm1,pla,True,1.0212278847174794,1636.7666146304614,2.7237171802883657,1.3871239609542094,0.3353490831379365,8.654856071119319,0.11907196405454593,5.021498024142393,4.307519675928645,4.150971825556385
strength,performance_chasing_0p2,20260912,arm1,tv,True,1.0212278847174794,1636.7666146304614,1.8968220870426629,0.9371626706752163,0.2936401505495274,5.760918424099038,0.12963090416323222,2.755190590508485,1.6622360141231436,1.678473536204923
strength,performance_chasing_0p4,20260908,arm1,meta,True,1.0004322221000992,3851.9909430020557,2.0709010898466698,1.0309531966484107,0.25991976080995366,5.1433792876568445,0.10072898821568524,2.5990324694540345,2.9478910760347588,2.8820788829994513
strength,performance_chasing_0p4,20260908,arm1,pla,True,1.0004322221000992,3851.9909430020557,39.764496568880304,24.63469229683436,3.3048469113737324,57.380451030721346,2.1154821022515797,34.12592642907724,4.304333309213812,4.151851181533493
strength,performance_chasing_0p4,20260908,arm1,tv,True,1.0004322221000992,3851.9909430020557,1.8879240057168973,0.9344530550584148,0.24902968703909587,5.919885262753583,0.09032011076400243,2.6929271786282523,1.6632191141250114,1.6784918424104216
strength,performance_chasing_0p4,20260909,arm1,meta,True,1.0122508750119392,502.47064308619537,1.8604652811489615,0.9249952387223588,0.31737975067222524,4.640967273151785,0.12170290393973066,2.164926027507279,2.947537489551566,2.880446927917512
strength,performance_chasing_0p4,20260909,arm1,pla,True,1.0122508750119392,502.47064308619537,6.450878698979097,3.459845484669645,0.3282941186707677,24.436565235911786,0.10219216322076187,15.092082475095092,4.304740127703357,4.1468976208386525
strength,performance_chasing_0p4,20260909,arm1,tv,True,1.0122508750119392,502.47064308619537,1.8982373654011375,0.941482512560727,0.2743049019399565,4.792999165918474,0.09866085189636091,2.2745151750747765,1.663871333939262,1.6785063568927887
strength,performance_chasing_0p4,20260910,arm1,meta,True,1.0050700153136125,976.7227116898836,1.937376652146891,0.9529226536657304,0.24910787363007056,4.1788106144215815,0.11396413151638507,2.021676519705994,2.9477419815247665,2.8820106347014613
strength,performance_chasing_0p4,20260910,arm1,pla,True,1.0050700153136125,976.7227116898836,45.306641588814706,28.600143550686344,27.26295057168676,65.09738507058064,17.35640331908682,38.82448660858834,4.304612490987234,4.156923498117047
strength,performance_chasing_0p4,20260910,arm1,tv,True,1.0050700153136125,976.7227116898836,1.8944008702847592,0.9476407455870399,0.2832551998555136,5.975283325118136,0.12825502208476633,3.14956973239494,1.6637237923184611,1.6784783898520508
strength,performance_chasing_0p4,20260911,arm1,meta,True,1.007895506917186,2698.26227493214,1.7751127025243316,0.8876738397179833,0.2976936011898031,4.688118058828837,0.11590164400070486,2.1116726275862208,2.9492075194394087,2.883195957737079
strength,performance_chasing_0p4,20260911,arm1,pla,True,1.007895506917186,2698.26227493214,2.6046625222391078,1.33273009912358,0.3720026275908176,7.256431295112527,0.1250570687518329,3.5784743493944995,4.306310813522697,4.158593893330555
strength,performance_chasing_0p4,20260911,arm1,tv,True,1.007895506917186,2698.26227493214,1.9090265665563857,0.9489276666601913,0.30292760728087215,5.820265240006799,0.10444528439803519,3.2731973153634466,1.6625159964527418,1.6784682326729539
strength,performance_chasing_0p4,20260912,arm1,meta,True,1.0031670131113146,2561.315721285563,2.0790467424358186,1.0394500153899846,0.37627170768076307,5.359654510176329,0.1380668067815888,2.9098065198884595,2.9470246411349903,2.881613063270842
strength,performance_chasing_0p4,20260912,arm1,pla,True,1.0031670131113146,2561.315721285563,36.11907340773484,22.105058944272375,0.944128291442982,65.17170103873205,0.37994714521163314,38.59933610885473,4.303968239702088,4.150114685225446
strength,performance_chasing_0p4,20260912,arm1,tv,True,1.0031670131113146,2561.315721285563,1.8963132047937028,0.9428308069922001,0.26442506097550217,5.852151387004661,0.11551222512160574,2.9684448953858866,1.6622360141231436,1.678473536204923
strength,performance_chasing_0p2,20260908,arm2a,meta,True,1.0107938295985193,1476.9615817359754,2.6903158212350022,1.379351887890406,0.33525775461720747,8.838238720919087,0.11616105422511908,4.587190501448195,2.9478910760347588,2.8820788829994513
strength,performance_chasing_0p2,20260908,arm2a,pla,True,1.0107938295985193,1476.9615817359754,2.5290528509920835,1.2978382177039054,0.392305246068838,6.319201170872375,0.14395627123596355,3.3249207731940937,4.307901253181339,4.152985841163127
strength,performance_chasing_0p2,20260908,arm2a,tv,True,1.0107938295985193,1476.9615817359754,2.044789738590313,1.0219890017219735,0.26232247293318933,7.70746360256208,0.08522182180131829,3.3209035933904234,1.6632191141250114,1.6784918424104216
strength,performance_chasing_0p2,20260909,arm2a,meta,True,1.0033803583218988,2322.5460985681257,1.8514841876477675,0.9144625996783637,0.24891380657164472,4.608365035309577,0.12667894064942548,2.3703252656316813,2.947537489551566,2.880446927917512
strength,performance_chasing_0p2,20260909,arm2a,pla,True,1.0033803583218988,2322.5460985681257,2.4445051464236527,1.241618172010598,0.385482266478494,6.496400435067366,0.1261402813252624,3.1660734217604767,4.306870018263159,4.147058933338421
strength,performance_chasing_0p2,20260909,arm2a,tv,True,1.0033803583218988,2322.5460985681257,1.918789840236948,0.9525805294166975,0.24256452036897097,6.291776330407516,0.09168211728423974,3.2011153779026564,1.663871333939262,1.6785063568927887
strength,performance_chasing_0p2,20260910,arm2a,meta,True,1.0109231955922082,1542.9681136261859,2.7758388681500668,1.416677163210659,0.3115119860989966,8.074024613142809,0.115538752538586,4.940639978633981,2.9477419815247665,2.8820106347014613
strength,performance_chasing_0p2,20260910,arm2a,pla,True,1.0109231955922082,1542.9681136261859,2.0811504223398143,1.036006639852518,0.2995615545786169,5.817693879246673,0.10310320729003056,2.831025124882259,4.308050086814237,4.157894525515403
strength,performance_chasing_0p2,20260910,arm2a,tv,True,1.0109231955922082,1542.9681136261859,1.9588410397708595,0.979028430306896,0.21362453426140335,6.236304358413556,0.0804772978454449,3.1565908119976602,1.6637237923184611,1.6784783898520508
strength,performance_chasing_0p2,20260911,arm2a,meta,True,1.006092640729456,1276.0505042739578,2.2230800312535766,1.1141917511849688,0.33842473561722175,6.508574869424884,0.14050665318863179,3.125817242197148,2.9492075194394087,2.883195957737079
strength,performance_chasing_0p2,20260911,arm2a,pla,True,1.006092640729456,1276.0505042739578,1.819456937794096,0.8968403651368507,0.3052313015210357,4.84449934987803,0.10533842230238832,2.560354680517866,4.308806021883551,4.158648293454925
strength,performance_chasing_0p2,20260911,arm2a,tv,True,1.006092640729456,1276.0505042739578,1.9205442569447302,0.9582987325103193,0.2607519778914447,6.076224534687436,0.08359481777667742,3.1692485387167166,1.6625159964527418,1.6784682326729539
strength,performance_chasing_0p2,20260912,arm2a,meta,True,1.0030153058145261,1880.7863921143357,1.7123567716471733,0.8358368838672143,0.3005313446919352,3.5746830066579367,0.1176609505106831,1.8701859258241267,2.9470246411349903,2.881613063270842
strength,performance_chasing_0p2,20260912,arm2a,pla,True,1.0030153058145261,1880.7863921143357,1.7251784868664575,0.8465444318635591,0.29422359790689995,4.6343203184944,0.0894408602638175,2.1823196323443894,4.307519675928645,4.150971825556385
strength,performance_chasing_0p2,20260912,arm2a,tv,True,1.0030153058145261,1880.7863921143357,2.00294279531589,0.9918840683302882,0.2250984660328055,6.854426639344182,0.08863613245586299,3.5725320498352655,1.6622360141231436,1.678473536204923
strength,performance_chasing_0p4,20260908,arm2a,meta,True,1.0138715015387185,1693.867316717683,2.720307604015062,1.392029205592618,0.22721426208661072,6.9809429099146065,0.13203107203338432,3.887956141617549,2.9478910760347588,2.8820788829994513
strength,performance_chasing_0p4,20260908,arm2a,pla,True,1.0138715015387185,1693.867316717683,2.203629638700382,1.0958129077351166,0.3567466164880584,5.916847315931248,0.10619320636733298,2.9217491028492417,4.304333309213812,4.151851181533493
strength,performance_chasing_0p4,20260908,arm2a,tv,True,1.0138715015387185,1693.867316717683,2.027413682852174,1.0155841557669263,0.23492734901106532,6.058990438195412,0.08682503948448651,2.721029841872069,1.6632191141250114,1.6784918424104216
strength,performance_chasing_0p4,20260909,arm2a,meta,True,1.0051141270929094,2099.8522749952836,1.8673867792486565,0.9225743326579993,0.29078621833402435,5.016238882593774,0.12776187849335008,2.4202561617096316,2.947537489551566,2.880446927917512
strength,performance_chasing_0p4,20260909,arm2a,pla,True,1.0051141270929094,2099.8522749952836,2.9531012542686477,1.5239608608552304,0.3751542926945027,8.380814453984557,0.15794762769941334,4.482379900133459,4.304740127703357,4.1468976208386525
strength,performance_chasing_0p4,20260909,arm2a,tv,True,1.0051141270929094,2099.8522749952836,1.894218606719288,0.9378749302050035,0.2208625337377618,6.177182613289573,0.09944976385378748,3.2867925160585383,1.663871333939262,1.6785063568927887
strength,performance_chasing_0p4,20260910,arm2a,meta,True,1.0064224748456967,1237.6988047970524,2.6879877806754426,1.3650513159091409,0.28543619582749685,7.802741268117558,0.135711343415728,4.450217959565832,2.9477419815247665,2.8820106347014613
strength,performance_chasing_0p4,20260910,arm2a,pla,True,1.0064224748456967,1237.6988047970524,1.9980926409182014,0.9783886746108712,0.3986377937215316,4.847230839934817,0.11409130481538779,2.294614667148797,4.304612490987234,4.156923498117047
strength,performance_chasing_0p4,20260910,arm2a,tv,True,1.0064224748456967,1237.6988047970524,2.006790357502464,1.0042048952101705,0.24649879665788813,5.928825127849753,0.07722389750035988,2.83952402095651,1.6637237923184611,1.6784783898520508
strength,performance_chasing_0p4,20260911,arm2a,meta,True,1.006180061513846,1263.9052253700725,2.26292325519741,1.1351293693151647,0.29690704932746925,6.47583845395203,0.11334502739097521,3.0858337986822293,2.9492075194394087,2.883195957737079
strength,performance_chasing_0p4,20260911,arm2a,pla,True,1.006180061513846,1263.9052253700725,1.8352788439340413,0.8957803725062939,0.378619190532454,4.571061148370211,0.09873280588456913,2.2983994118655278,4.306310813522697,4.158593893330555
strength,performance_chasing_0p4,20260911,arm2a,tv,True,1.006180061513846,1263.9052253700725,1.9157734455916664,0.9553641742891174,0.2526095826588277,7.1326509994289555,0.08818359410435633,3.393631379633398,1.6625159964527418,1.6784682326729539
strength,performance_chasing_0p4,20260912,arm2a,meta,True,1.0045891297685503,1660.7009039757233,1.695411577804101,0.8278626004291605,0.31290333366833917,3.8757096548055343,0.12480988555870251,2.0332299528164373,2.9470246411349903,2.881613063270842
strength,performance_chasing_0p4,20260912,arm2a,pla,True,1.0045891297685503,1660.7009039757233,1.8398566731862964,0.9031984420429556,0.3416090660469239,5.037482706802605,0.10645766754669798,1.9436619902754462,4.303968239702088,4.150114685225446
strength,performance_chasing_0p4,20260912,arm2a,tv,True,1.0045891297685503,1660.7009039757233,1.9896416944072228,0.9898650232002154,0.23785307849360826,6.496866251243581,0.08633994487164462,3.2884576652081012,1.6622360141231436,1.678473536204923
